brand_name,years_in_market,audience_reach,market_share,type_of_brand,reviews,sentiment_score,seo_score
QuantumNet,30,2333972,15.55,Telecom,3,-64,97
PioneerDigital,11,559091,17.11,IT,5,71,90
ZenGlobal,39,140336,18.95,Manufacturing,3,-82,46
NovaEdge,37,2582358,4.03,IT,2,-38,70
HorizonNet,15,564472,0.37,Healthcare,3,-42,74
ZenFoods,40,4424962,13.02,Tourism,1,21,9
RadiantNet,35,2789445,0.97,Education,2,68,43
EverestLabs,32,4593913,12.12,Consulting,2,18,64
BeaconWorks,35,778101,15.98,Healthcare,2,-88,100
PulseRetail,18,3416295,4.28,Logistics,5,-5,39
EverestCore,30,644101,3.23,Education,1,-37,92
ZenMedia,23,384567,9.17,Energy,1,72,65
PioneerEdge,25,1155452,17,Media,5,-39,98
OrbitCore,29,773837,17.52,Logistics,2,-5,11
AtlasPoint,11,719481,12.19,IT,4,94,89
FusionFoods,4,1579694,10.18,Logistics,1,85,3
PioneerLogics,40,3977681,11.58,Education,4,-22,48
EverestLogics,10,4376980,2.99,Telecom,4,-17,27
PioneerTravel,1,4166259,18.97,Logistics,5,0,42
SummitMedia,35,4473643,15.34,Fintech,2,-64,93
NimbusHub,9,3393605,4.29,Tourism,3,63,7
EverestEdge,23,382238,15.27,Media,4,-14,92
AuroraNet,26,1340887,12.43,Healthcare,1,46,54
NexusSystems,10,4086601,2.91,Hospitality,2,36,16
VelocityZone,12,4380055,12.48,Logistics,5,36,62
AuroraTech,15,894684,1.71,Energy,3,-58,85
NimbusTravel,29,2810581,13.55,Retail,4,-41,56
ApexNet,14,3048647,12.56,Ecommerce,5,-9,43
BeaconMedia,10,2636683,9.95,Media,3,-24,81
ZenTravel,32,4860940,15.7,Consulting,5,-65,33
SummitGlobal,21,47214,3.56,Hospitality,4,-73,100
ZenGlobal,5,1773453,13.28,Media,1,97,27
ApexLogics,29,4002792,12.79,Consulting,5,30,21
NimbusPoint,17,2943743,0.8,Hospitality,3,-50,15
PulseCore,9,1421093,11.72,Fintech,3,42,99
ApexHealth,22,2609090,2.56,IT,1,58,85
OrbitLink,31,3409774,1.77,Tourism,2,-81,33
VertexHub,4,356346,19.61,Logistics,3,78,48
VertexHealth,5,4412857,11.57,Energy,2,80,18
VertexNet,20,2696159,13.68,Media,1,7,8
VelocityLink,19,4048068,0.35,Logistics,1,-13,4
ZenFoods,35,1078308,11.19,Fintech,3,37,34
HorizonHealth,25,173422,17.23,Manufacturing,2,-1,84
PrimeEnergy,31,992759,8.6,Food,1,-27,100
QuantumEdge,19,4559680,18.53,Fintech,5,48,92
EverestWorks,29,4924981,0.63,Consulting,5,45,16
HorizonTravel,4,4909609,18.79,Tourism,5,-36,92
SummitHealth,34,700957,5.2,IT,1,81,63
AuroraEdge,32,3574585,1.09,Food,3,-52,35
PioneerLabs,10,3696821,8.77,Tourism,5,80,46
SummitWorks,3,3594094,6.97,Manufacturing,3,46,41
NovaGlobal,23,978823,13.3,Hospitality,1,-80,78
PioneerEnergy,29,253844,16.41,Retail,1,-25,80
AtlasTravel,11,272507,19.65,Logistics,5,81,47
ZenEdge,35,4895809,2.78,Retail,4,-61,34
PrimeSystems,1,692959,11.45,Fintech,3,67,29
AtlasNet,3,3916885,18.21,Ecommerce,5,-80,40
PioneerZone,25,878441,11.51,Ecommerce,3,49,52
SummitLabs,23,4268459,14.54,IT,4,50,33
VertexGlobal,5,4918548,5.2,Energy,1,55,23
NexusDigital,13,3556580,0.69,Education,3,39,51
SummitTech,29,463868,19.21,Media,1,-80,5
RadiantEdge,20,2901766,6.8,IT,4,-25,44
FusionTech,4,3299932,8.26,Manufacturing,4,-45,89
RadiantHub,23,677610,18.94,Ecommerce,3,-74,78
PulseHealth,26,4027936,3.98,Consulting,1,-67,23
VertexCore,6,2704995,10.19,Food,4,-9,32
ApexDigital,18,171451,3.93,Tourism,5,-84,11
FusionFoods,12,3439761,18.17,Ecommerce,2,-54,87
VelocityRetail,13,2382348,8.66,Energy,3,7,46
BeaconLink,28,2633796,12.95,Food,2,-63,57
RadiantTech,1,287899,9.53,Energy,4,-28,82
ZenMedia,37,3003048,3.28,Manufacturing,4,-72,15
HorizonEdge,18,4781710,1.39,Logistics,5,-52,12
BeaconSystems,7,1265009,5.63,Education,5,56,48
PulseNet,38,4239034,16.06,Energy,2,26,25
QuantumEnergy,5,3647976,12.18,Ecommerce,5,35,11
AtlasGlobal,22,1802001,11.55,Telecom,3,-48,51
SummitEdge,1,4975530,0.49,Fintech,3,-45,69
PrimeGlobal,28,4404080,6.68,Manufacturing,3,-24,51
OrbitZone,39,225852,1.13,Healthcare,4,33,23
AtlasSystems,28,2131191,4.24,Ecommerce,2,86,87
FusionHealth,17,1436110,13.81,Media,3,52,77
RadiantZone,13,2251877,19.5,Food,2,-17,18
VertexCore,39,832781,15.44,Telecom,4,42,4
VertexGlobal,11,4683721,0.44,Logistics,3,62,77
AuroraLink,29,489913,5.28,IT,4,-85,0
PioneerMedia,24,3780650,8.74,Consulting,5,-27,84
AuroraTech,10,857086,2.2,IT,1,86,81
HorizonTravel,10,2322872,0.55,Healthcare,3,-72,39
EverestRetail,4,2632062,5.76,Media,5,5,68
FusionWorks,20,468545,18.9,Logistics,1,60,77
HorizonGlobal,28,2727029,1.04,Manufacturing,3,-36,73
VelocityFoods,3,2536838,15.32,Consulting,5,40,34
EverestZone,35,1542514,6.74,Fintech,2,-77,46
ZenSystems,27,753220,14.98,Healthcare,1,-58,42
PioneerWorks,11,3241758,10.04,Hospitality,3,50,63
AtlasLabs,32,4389559,19.39,Tourism,5,-70,34
AuroraTech,30,1543134,6.48,IT,3,84,71
BeaconFoods,17,597644,19.76,Fintech,3,93,10
BeaconEdge,3,1515322,2.62,Healthcare,1,92,97
ZenHub,33,1484545,7.58,Healthcare,1,-38,54
HorizonMedia,23,1667062,16.47,Logistics,5,38,68
NexusTech,13,754682,4.38,Manufacturing,5,49,90
PrimeMedia,2,2371417,19.64,Ecommerce,4,15,81
EverestCore,38,2581723,13.48,Logistics,1,52,51
ZenZone,2,2098228,19.8,Tourism,1,30,67
HorizonFoods,16,3567478,17.03,IT,1,-56,80
AuroraEdge,38,1247463,14.32,Manufacturing,5,93,70
BeaconGlobal,7,4938945,7.88,Telecom,3,-6,67
PrimeNet,40,1629831,16.85,Manufacturing,4,-41,93
PioneerGlobal,21,2210867,0.74,Tourism,2,65,81
ApexNet,9,2251192,4.72,Ecommerce,4,-22,71
BeaconLink,19,3400662,11.7,IT,2,-47,97
VelocityHealth,32,761541,6.52,Hospitality,3,-81,84
VelocityFoods,10,4775181,7.76,Logistics,4,-91,80
NovaLabs,37,514727,16.04,Hospitality,2,16,56
ApexEdge,20,1739036,19.27,Retail,3,-37,59
RadiantMedia,6,3772109,18.99,Healthcare,3,73,48
ApexGlobal,8,1001305,11.65,Media,1,30,96
VertexNet,33,4413562,4.92,Manufacturing,2,62,90
ApexSystems,23,1790656,1.79,Education,5,-31,98
SummitLink,21,2879550,2.24,Fintech,1,10,2
OrbitHealth,23,3425880,2.44,Healthcare,1,-38,47
SummitTravel,11,4312762,17.36,Media,2,51,72
FusionEdge,4,823681,14.02,Hospitality,2,4,0
FusionHealth,7,3325108,4.88,Media,4,-6,50
ZenRetail,33,242484,15.09,Energy,5,-54,86
HorizonZone,6,168702,7.66,Energy,3,61,60
NovaZone,22,1427278,8.82,Food,4,21,36
AtlasNet,14,338244,1.9,Logistics,4,-63,75
PulseHub,1,548318,12.96,Consulting,1,-20,67
VertexEdge,36,1277604,3.45,Telecom,5,51,86
OrbitEdge,23,2560345,8.89,Energy,2,-28,96
NimbusLogics,25,3840053,4.86,Logistics,4,21,71
HorizonTech,13,1401794,2.44,Manufacturing,4,82,18
HorizonLogics,8,2725144,2.65,Food,5,26,95
VelocityLogics,6,2182154,2.67,Consulting,1,74,37
QuantumGlobal,21,695371,3.8,IT,1,67,70
VelocityMedia,5,4332565,13.43,Hospitality,2,100,49
QuantumMedia,38,4860430,3.67,Tourism,3,-79,94
HorizonDigital,3,1792855,2.82,Consulting,5,-19,60
PrimeTravel,7,423995,0.35,Telecom,4,47,83
NimbusDigital,11,4195387,3.12,Manufacturing,4,-34,59
FusionLink,38,2701381,13.58,Hospitality,1,-51,55
QuantumCore,11,2289755,1.21,Energy,4,84,1
AuroraPoint,11,2832706,9.09,Retail,3,-1,35
BeaconLabs,37,3250579,14.53,Hospitality,5,46,92
VelocityNet,40,3270082,2.13,Food,5,-64,42
SummitLogics,10,2439607,7.75,Education,5,43,16
NovaTech,27,1236540,1.66,Media,5,8,83
EverestSystems,33,64092,12.6,Telecom,5,75,36
PrimeNet,8,283018,4.47,Food,1,-3,12
PrimeWorks,11,801930,19.58,IT,4,-65,3
HorizonEdge,16,4950679,10.3,Tourism,1,64,20
OrbitMedia,1,1593074,19.36,Consulting,4,93,26
BeaconGlobal,28,3543679,2.1,Education,1,55,45
AtlasCore,9,2271061,6.35,Hospitality,1,-26,53
AtlasLink,20,4789712,0.3,Tourism,1,70,92
OrbitTech,7,376905,11.01,IT,5,-23,9
PioneerCore,5,252071,6.32,Telecom,2,-15,51
FusionLabs,19,4324789,17.41,Manufacturing,5,20,86
BeaconLogics,12,570230,8.72,Retail,4,46,50
BeaconWorks,22,1291823,11.55,Food,3,-80,58
PioneerLogics,11,3738968,3.53,Healthcare,3,64,61
VertexHub,24,2144642,12.48,Telecom,1,-45,82
PioneerEdge,10,1473903,4.79,Tourism,1,27,52
FusionHealth,25,517268,14.66,Hospitality,3,78,93
EverestSystems,3,868169,18.69,Tourism,2,59,33
NovaDigital,20,4698760,12.74,Healthcare,3,27,40
ApexFoods,6,1915064,19.58,Manufacturing,2,0,57
BeaconMedia,31,3967999,12.05,Logistics,2,-51,5
VertexLabs,1,1396385,2.6,Telecom,3,-71,90
AtlasFoods,36,1895992,16.19,Media,5,58,1
OrbitTravel,5,3658699,10.92,Healthcare,5,-47,77
ApexSystems,29,1107699,5.45,IT,2,50,45
OrbitZone,13,2955346,18.61,Hospitality,1,63,98
FusionHealth,37,1633565,10.15,Hospitality,2,-88,72
OrbitCore,12,3007394,18.68,IT,2,66,72
HorizonRetail,18,3246280,1.76,Media,3,-33,98
NexusEdge,26,927912,7.61,Food,1,23,29
PioneerGlobal,38,331374,4.19,Consulting,2,-52,95
SummitMedia,7,2868716,11.17,Tourism,5,58,63
VelocityHub,38,730178,1.83,IT,3,-2,4
FusionHub,3,4045600,1.63,Education,1,48,38
BeaconLink,38,330019,19.62,Consulting,2,-74,54
PrimeNet,11,4076871,17.9,Healthcare,1,-13,55
PioneerTravel,24,3963985,12.99,Consulting,3,-56,0
FusionCore,23,1407872,15.18,Ecommerce,5,72,13
AuroraTech,30,3231416,2.62,Manufacturing,5,-98,11
PioneerLogics,38,623636,3.85,Telecom,3,83,7
AtlasNet,15,2647255,5,Healthcare,3,51,52
AuroraSystems,35,3733680,10.08,Manufacturing,3,-42,33
ZenWorks,34,1641180,15.03,Logistics,4,47,24
PrimeEnergy,25,3743111,5.47,Education,2,84,40
PrimeWorks,4,2813065,18.13,Retail,2,83,42
EverestWorks,24,4457605,5.99,Food,3,8,19
SummitLink,29,2227515,14.24,Healthcare,4,-8,40
OrbitWorks,34,347928,7.88,Telecom,5,81,22
AtlasCore,27,584288,17.26,Fintech,5,60,67
ApexEnergy,32,3414817,14.54,IT,3,-13,82
RadiantRetail,20,3731342,14.02,Food,1,34,87
AtlasTravel,20,79203,0.76,Ecommerce,5,-28,95
ZenNet,32,1123985,17.65,IT,5,43,76
RadiantNet,33,4282803,6.03,Hospitality,5,-75,87
VertexEdge,14,4745613,13.98,Energy,5,89,53
PulseZone,34,4719207,10.46,IT,2,75,45
SummitLogics,30,74738,13.98,Ecommerce,1,48,2
HorizonPoint,4,2507550,6.52,IT,4,0,95
PioneerLink,29,132306,3.08,Tourism,1,-88,60
AtlasPoint,15,2699997,3.34,Food,5,85,65
NimbusLink,15,4389477,8.08,Ecommerce,3,100,47
NexusCore,18,3662961,17.97,Education,1,-34,64
OrbitLabs,14,4209907,16.7,Education,5,-77,26
QuantumRetail,23,3597675,5.19,Healthcare,2,-74,53
SummitFoods,19,1056090,16.03,Fintech,5,78,31
AuroraTravel,38,3306915,5.19,Education,1,60,16
PioneerHealth,23,3255763,7.76,Fintech,5,72,15
AuroraHub,32,3715493,6.3,Consulting,4,77,76
NimbusPoint,1,420155,5.99,Hospitality,2,-41,50
NimbusHealth,21,2773449,15.18,Fintech,1,-97,29
OrbitHub,3,1081913,18.26,Telecom,4,54,49
NovaCore,13,1724632,3.02,Logistics,5,-57,97
PrimeTech,35,1320084,16.3,Education,1,6,12
PrimeEdge,20,464885,19.4,Education,1,-61,40
VelocityLink,37,1722009,6.61,Tourism,3,68,30
AuroraDigital,38,3865548,1.24,Media,3,-2,59
NexusCore,12,762150,8.35,Healthcare,5,-96,38
AtlasSystems,8,4944055,4.54,Fintech,4,20,34
NovaLink,16,1336408,18.85,Hospitality,1,-60,34
RadiantTravel,32,1665475,2.9,Energy,5,-6,69
PulseCore,37,4950248,17.98,Energy,2,-71,52
PulseHub,18,3253738,8.04,Fintech,4,23,50
FusionPoint,31,756174,15.28,Education,1,-40,37
NovaFoods,16,4830294,12.91,Fintech,3,3,77
VertexNet,34,4610394,5.7,IT,5,-13,76
QuantumFoods,7,1401842,12.26,Ecommerce,5,-16,17
NimbusSystems,24,1188927,3.72,Manufacturing,3,31,70
VelocitySystems,6,3064637,9.05,Energy,5,85,30
BeaconWorks,32,1435993,8.02,Education,3,-60,37
FusionGlobal,13,98208,0.92,Healthcare,4,-1,48
NovaTravel,24,1670974,5.94,Hospitality,2,33,35
OrbitWorks,22,1405193,17.42,Logistics,2,4,24
PioneerCore,24,4797749,14.85,Telecom,2,24,45
SummitTravel,40,2890888,8.43,Manufacturing,2,-59,19
ApexLabs,30,332185,5.59,Food,1,28,9
VelocityNet,24,707064,5.01,Healthcare,3,29,22
VertexEnergy,23,912107,13.46,Logistics,2,-88,22
RadiantZone,24,2368164,15.22,Healthcare,5,16,77
RadiantZone,26,3010034,14.85,Food,3,61,28
ZenLink,25,2326937,18.09,Logistics,1,83,18
NovaHub,30,4642688,4.05,Manufacturing,3,59,70
AtlasLabs,18,3522812,10.95,Ecommerce,5,35,54
AuroraEdge,3,1591985,16.46,Manufacturing,2,68,72
FusionHub,24,4307637,5.91,Retail,1,29,29
BeaconLabs,15,3562915,1.01,Media,4,92,67
RadiantWorks,13,4030811,6.37,Education,5,-89,14
QuantumNet,17,3627433,19.03,Ecommerce,5,-21,100
NimbusEdge,38,763065,19.86,IT,3,-99,68
SummitRetail,2,4180318,17.15,Education,1,41,70
BeaconSystems,8,1758634,18.78,Media,2,-45,0
ApexCore,17,1872585,17.17,Telecom,3,-92,92
NimbusHealth,14,3773749,9.31,Hospitality,1,-47,49
RadiantTravel,1,2279772,4.25,Healthcare,4,31,65
ApexLogics,39,2539162,18.54,Hospitality,1,-7,89
ZenNet,20,3360739,0.97,Food,5,49,45
RadiantNet,28,1391757,16.51,Energy,4,-34,1
OrbitRetail,36,241034,10.95,Telecom,3,11,40
PulseTravel,4,2210624,11.1,Ecommerce,1,80,34
NexusNet,9,3616411,19.19,Telecom,1,-100,74
NexusRetail,17,3390818,7.94,Education,2,-81,83
FusionNet,40,4937508,18.87,Retail,3,-12,88
SummitDigital,1,3960142,6.81,Fintech,5,49,25
VertexFoods,13,4070583,15.69,Tourism,5,20,65
AtlasTech,9,1122740,17.34,Healthcare,4,88,68
VelocityEdge,22,1461493,2.6,Tourism,3,31,74
BeaconNet,5,4355389,17.05,Energy,2,55,75
AuroraNet,39,4522433,12.09,Energy,5,71,82
PulseNet,6,3130823,0.36,Ecommerce,4,-30,37
VertexRetail,4,2080274,7.26,Consulting,3,-50,76
ZenEnergy,23,4721077,9.27,Consulting,5,-84,38
AtlasWorks,24,3746756,17.69,Education,4,66,49
QuantumCore,10,1768254,19.88,Retail,3,93,81
PioneerEdge,2,928714,14.92,Telecom,4,-47,92
ZenMedia,4,1568811,13.08,Tourism,4,-43,71
NexusLogics,6,2305925,16.88,Fintech,2,93,4
SummitMedia,3,3668283,7.29,IT,5,-79,67
VertexFoods,5,80655,9.2,Manufacturing,1,92,82
NexusEdge,16,1419209,16.47,Ecommerce,4,42,97
AtlasLogics,32,560459,19.12,Food,4,-42,60
AuroraTech,29,1873157,11.17,Manufacturing,3,89,26
PrimeWorks,22,4753291,16.17,Manufacturing,4,-25,91
HorizonHub,37,3454621,17.99,Logistics,5,-41,54
FusionRetail,28,2119810,18.44,Healthcare,2,-48,18
VelocityLabs,10,3582695,2.31,Consulting,3,-32,91
NexusPoint,34,3440752,4.93,Media,1,-4,65
PrimeRetail,6,2204542,14.85,Tourism,3,-74,68
AtlasEnergy,7,3061995,18.09,Fintech,1,94,14
SummitCore,10,286575,19.91,Ecommerce,1,67,47
OrbitDigital,18,3739994,3.81,Tourism,2,-32,96
EverestEnergy,14,3935852,8.57,Food,5,-61,83
AtlasMedia,27,4221391,11.56,Media,1,46,31
NimbusPoint,33,2596329,16.15,Manufacturing,4,5,27
PioneerGlobal,29,3671310,7.34,Education,2,24,10
PulseNet,14,3446602,1.93,Retail,5,-63,15
BeaconZone,1,4111327,6.18,Food,2,-11,39
ApexPoint,34,4366521,9.39,Logistics,5,44,18
SummitTravel,36,4151333,6.05,Hospitality,4,-81,55
NexusEnergy,14,4466757,8.28,Fintech,1,-82,34
QuantumLink,1,1112690,3.73,Hospitality,3,80,79
RadiantSystems,2,1160310,6.89,Fintech,3,-100,91
RadiantCore,29,1079482,17.83,Education,5,80,75
OrbitZone,35,2138742,6.37,Education,4,36,13
NimbusZone,21,1454891,6.12,Logistics,5,83,79
PioneerGlobal,32,774055,19.96,Consulting,5,97,63
ZenEdge,5,4070668,14.55,IT,4,98,48
NovaNet,37,735601,17.26,IT,3,30,41
AuroraNet,29,3791580,10.87,Fintech,5,73,10
NovaRetail,6,1341529,15.47,Media,3,38,43
HorizonLabs,7,3804502,13.39,Fintech,4,0,78
NovaEdge,30,1104450,18.88,Hospitality,2,46,56
PioneerMedia,1,2507458,2.8,Hospitality,1,-27,22
BeaconPoint,28,2330811,16.74,Energy,4,-46,80
NexusLink,25,2436796,4.6,Food,1,-17,18
EverestWorks,37,3735178,5.82,Food,1,52,93
VelocityNet,23,3951684,0.33,Manufacturing,5,48,31
EverestSystems,8,4264446,8.87,Food,2,-50,58
AuroraGlobal,5,3424974,13.04,Logistics,5,43,91
RadiantLogics,29,1254074,10.16,Media,2,12,28
VertexEnergy,31,3977552,18.68,Education,5,-78,93
HorizonLogics,1,2184371,8.65,IT,1,-58,81
NexusEnergy,7,4410733,16.8,Logistics,2,99,15
VelocityFoods,37,233873,11.07,Education,5,-94,63
VertexFoods,18,1875177,7.04,Tourism,5,-65,2
NimbusNet,36,2267501,1.79,Tourism,4,28,73
ApexNet,3,2121620,9.78,Energy,3,-49,46
QuantumEdge,21,3429130,14.93,Energy,4,-60,11
QuantumEdge,18,3335788,11.5,Consulting,5,-88,95
PioneerLogics,16,1653919,7.14,Media,2,-76,49
PrimePoint,27,3509972,6.37,Retail,5,51,78
SummitFoods,16,3414320,0.93,Healthcare,2,97,59
QuantumRetail,35,2730515,0.8,Telecom,1,41,31
NovaPoint,40,242483,17.28,Food,5,-58,38
VelocityZone,29,2864381,11.46,Logistics,3,94,34
ZenFoods,18,276496,5.09,Media,2,-2,65
OrbitWorks,28,4414149,17.32,IT,2,-96,98
NovaTravel,3,1125322,8.08,Telecom,1,-80,82
VertexNet,12,4180961,9.68,Food,5,-2,35
VelocityZone,33,2836044,0.61,Healthcare,2,40,58
QuantumLink,34,4902738,4.56,Energy,2,-35,75
AuroraEdge,17,4562961,8.53,Food,3,-59,11
ApexFoods,13,2769684,9.08,IT,4,-43,51
ApexTech,34,1811466,4.87,Logistics,5,-77,32
QuantumCore,8,3192600,19.96,Media,3,89,2
FusionTech,10,4132668,14.56,Telecom,3,86,67
AuroraTravel,28,483198,14.79,Education,2,-19,95
BeaconGlobal,26,2000500,18.8,Telecom,1,67,68
AuroraHub,37,2130759,2.8,Telecom,1,-67,69
OrbitEnergy,1,1891773,4.94,Hospitality,5,-73,35
NexusZone,30,106762,5.64,IT,2,69,91
PrimeSystems,40,2550608,7.62,Consulting,4,59,50
NimbusNet,34,1445120,14.15,Fintech,4,37,37
AtlasLink,18,544837,10.5,Manufacturing,2,83,54
RadiantNet,11,3073083,6.59,Media,3,-39,10
PrimeEnergy,25,4632601,1.55,Energy,3,5,49
EverestCore,6,709514,17.82,Manufacturing,4,92,42
AtlasCore,28,4120617,0.43,Tourism,2,29,18
NimbusGlobal,33,2678897,5.41,Healthcare,5,-98,17
VertexLogics,21,1987609,9.62,Energy,3,-34,85
PrimeNet,36,4689301,16.97,Ecommerce,3,-37,46
PulseFoods,36,2226506,10.19,Manufacturing,3,2,12
EverestPoint,5,4795561,18.74,IT,3,3,34
ApexGlobal,7,2231290,12.39,Telecom,4,-97,42
NimbusDigital,6,3139514,17.74,Retail,1,-23,79
PulseNet,11,4199708,9.14,Education,5,37,65
AtlasGlobal,6,2138341,2.27,Education,1,-44,18
FusionRetail,16,393577,19.13,Tourism,4,-85,29
VertexTech,26,689223,16.29,Hospitality,1,-95,59
AuroraRetail,30,3874911,13.09,Logistics,3,73,61
NexusCore,38,141359,17,Healthcare,1,78,52
AtlasDigital,16,91548,10.66,Consulting,5,29,90
NimbusLogics,5,2800820,4.56,Logistics,4,49,82
NimbusRetail,28,3872948,12.84,Telecom,1,-68,22
NimbusDigital,3,498649,13.32,Telecom,3,-50,97
PioneerLogics,28,496985,7.76,Education,3,5,48
RadiantLabs,5,2119765,11.69,Hospitality,2,-88,57
NexusPoint,15,1712350,4.32,Fintech,3,-45,46
PrimeGlobal,8,936793,19.04,Energy,4,76,20
EverestMedia,24,460989,10.42,Media,1,70,52
NimbusLink,24,4710284,4.89,Manufacturing,2,7,13
ApexTech,24,3292504,5.74,Tourism,1,-2,34
QuantumCore,20,556314,14.98,Media,2,-6,28
NexusLabs,22,1381948,7.77,Logistics,3,66,37
PrimeRetail,18,3526390,7.5,Consulting,3,51,38
NimbusNet,26,3153136,17.99,Ecommerce,1,-56,25
VertexRetail,17,536143,0.14,Education,1,-33,55
NexusZone,39,322027,10.27,Consulting,5,-1,21
VertexWorks,20,4514330,1.13,Healthcare,4,53,82
PulseZone,1,3094423,5.33,Consulting,5,16,13
ZenFoods,31,4217248,14.41,Healthcare,3,32,2
ZenLink,11,4739611,19.74,Retail,1,12,72
SummitLink,23,2852727,18.64,Food,3,43,32
AtlasGlobal,12,1645869,1.69,Fintech,5,51,35
RadiantWorks,22,2132660,15,Tourism,5,-47,69
AtlasTravel,8,4820772,10.42,Energy,3,-36,81
NovaHealth,39,1006008,7.33,Fintech,2,21,56
FusionTech,24,3769668,18.46,Retail,4,84,45
NimbusNet,34,2264551,11.32,Telecom,5,32,94
PioneerHealth,10,4797649,9.67,Media,5,21,7
SummitHub,20,1107596,15.17,IT,5,-6,71
NexusMedia,19,336937,2.84,Education,5,-63,72
OrbitRetail,24,982477,14.06,Manufacturing,4,79,70
SummitGlobal,11,543560,15.21,Fintech,4,41,76
PrimeHealth,21,3120655,15.35,Food,5,-75,77
BeaconEdge,30,318710,11.98,Food,5,-40,83
RadiantNet,29,1141887,13.41,Logistics,2,82,97
NexusTech,9,2897999,4.74,Energy,4,80,33
NexusFoods,20,655960,12.79,Telecom,1,-64,90
FusionMedia,9,4142271,2.19,Manufacturing,5,47,98
OrbitWorks,4,1665244,10.01,Ecommerce,5,-2,19
OrbitEdge,25,3787160,2.03,Manufacturing,1,-49,15
AuroraFoods,34,4635685,13.92,Hospitality,3,68,5
HorizonRetail,24,3068302,7.87,Media,2,18,31
ZenPoint,33,624273,3.36,Telecom,1,1,63
AuroraFoods,23,1515067,15.96,Logistics,2,77,12
EverestNet,27,845768,5.33,Fintech,4,-76,35
BeaconFoods,19,1457307,10.87,Healthcare,5,-44,13
EverestNet,22,4993523,13.07,Tourism,2,5,43
BeaconTravel,15,387881,13.4,Energy,1,-73,13
HorizonLabs,39,1560805,7.76,Manufacturing,2,-27,95
EverestLabs,13,845423,1.39,Education,4,10,59
NexusSystems,32,2330739,9.69,Telecom,2,-12,34
SummitHub,5,2877694,13.68,Energy,4,100,19
ZenCore,38,4246105,10.11,IT,3,-53,37
PioneerGlobal,25,2440990,12.38,Energy,3,-19,30
ApexDigital,19,4492360,2.31,Retail,2,-18,78
ZenGlobal,20,2675610,3.72,Logistics,1,-95,51
NexusTravel,20,1833895,5.35,Ecommerce,4,91,11
SummitNet,28,1415999,10.75,Tourism,4,-7,74
SummitLogics,21,3383929,0.22,Manufacturing,2,36,80
AuroraGlobal,38,1608795,8.76,Logistics,4,31,4
EverestEdge,3,987311,11.38,Fintech,4,-100,32
VelocityPoint,27,539985,19.56,Tourism,5,-3,27
ApexLogics,30,4447072,10.34,Media,4,-65,15
RadiantTech,3,4214194,17.02,Hospitality,2,74,51
BeaconLogics,10,2803553,2.31,Consulting,5,-36,51
VelocityEnergy,29,4731235,9,Manufacturing,2,22,5
RadiantHub,26,2353986,9.87,Food,5,34,7
FusionLogics,31,2454000,3.61,Telecom,1,-20,24
BeaconGlobal,11,2288245,15.29,Consulting,1,87,45
AuroraFoods,9,4927816,7,Consulting,3,-62,0
AtlasMedia,10,1963010,13.2,Retail,2,-78,91
ApexRetail,15,1498387,3.49,Food,5,-66,96
VertexNet,3,3573266,16.91,Healthcare,5,-2,11
RadiantHub,31,1914174,10.34,Fintech,2,-95,75
PrimeEnergy,30,988236,7.03,Logistics,3,-57,80
NimbusZone,24,715234,13.71,Hospitality,5,90,77
NimbusHealth,26,1243370,2.58,Fintech,2,-73,88
PulseEnergy,3,1866320,1.27,Manufacturing,2,49,62
NexusHealth,24,1198688,6.51,Media,2,-22,63
NimbusMedia,5,604629,3.34,IT,5,91,45
NovaGlobal,6,2343190,10.91,Education,3,51,31
NovaPoint,16,3023357,1,Logistics,1,-10,20
SummitDigital,11,1184982,7.7,Media,1,54,55
PioneerSystems,24,3330636,19.12,Hospitality,3,87,59
QuantumRetail,2,2878161,7.1,Food,2,-65,32
NimbusGlobal,38,3092664,12.92,Education,5,78,25
RadiantLink,8,2992264,2.73,Media,1,-9,12
FusionWorks,21,537527,10.73,Media,1,68,11
AtlasHub,18,4151813,13.82,Food,3,-62,70
VelocityLogics,10,2509130,15.16,Telecom,1,-96,33
PioneerEnergy,40,2270869,4.48,Logistics,1,-78,19
FusionWorks,20,911714,17.38,Logistics,1,43,48
OrbitPoint,29,4326126,5.67,Healthcare,1,77,58
QuantumPoint,21,4258432,16.3,Fintech,2,-70,94
VertexTravel,8,1342572,9.67,Healthcare,5,33,55
HorizonWorks,37,1532912,18.31,Education,5,-9,77
AtlasMedia,28,919547,13.98,Consulting,5,-67,11
AuroraHealth,30,2753785,1.89,Ecommerce,4,36,37
NexusGlobal,34,3462843,9.56,IT,1,-4,99
VelocityCore,10,3854887,7.62,Ecommerce,5,68,24
EverestLink,11,3345902,3.61,Telecom,5,47,45
EverestZone,23,351549,7.59,Hospitality,5,-68,35
EverestMedia,36,784877,18.98,Media,1,-5,24
RadiantLink,8,2693901,18.63,Food,1,52,42
PulseEdge,28,4869063,3.54,Telecom,1,-9,3
SummitLogics,28,63817,12.09,Retail,4,77,40
AuroraPoint,30,264045,8.92,Retail,5,-37,4
HorizonHealth,33,354329,2.89,Media,4,59,78
BeaconEdge,8,1003200,15.48,Consulting,4,83,2
FusionLink,13,3333248,12.43,Logistics,4,-44,9
OrbitPoint,30,1388409,13.8,Education,1,77,29
BeaconCore,37,1720551,5.73,Food,2,-29,30
BeaconNet,2,2223550,17.91,Energy,1,-100,30
PioneerWorks,1,4372946,19.98,Healthcare,1,51,65
NovaZone,33,494982,18.93,Healthcare,4,5,63
ApexHub,13,2903627,12.54,Logistics,4,-77,55
NimbusRetail,25,438456,17.52,Healthcare,1,-24,0
FusionLink,5,2658370,8.87,Hospitality,2,93,97
SummitCore,2,1055753,9.86,Tourism,2,43,24
VertexFoods,9,1158409,7.26,Education,3,6,53
AuroraEdge,14,1304085,18.02,Healthcare,1,26,85
VertexGlobal,14,2099311,5.3,Logistics,5,22,45
PioneerLogics,7,3460190,18.94,Retail,5,14,8
PulseEdge,34,4819272,19.26,Telecom,1,-1,20
PrimeTech,39,2817973,11.28,Media,2,-23,9
NimbusRetail,17,723921,17,Energy,4,88,34
VertexTravel,16,2378862,13.66,Manufacturing,4,73,39
RadiantSystems,33,4896778,10.36,Retail,2,1,20
ZenPoint,5,2858596,16.6,Manufacturing,1,-42,25
AuroraCore,25,3421682,10.97,Healthcare,4,-80,31
SummitTech,26,297910,18.18,Media,5,-96,58
EverestRetail,11,3327634,12.78,Logistics,4,54,100
BeaconGlobal,38,685009,3.06,Media,1,3,83
AtlasEnergy,4,4925228,17.15,Food,1,37,67
OrbitFoods,2,4853497,3.66,Retail,4,-83,62
SummitHub,12,4014657,6.93,Education,4,20,87
OrbitZone,35,3698885,15.54,Fintech,2,-42,37
NexusCore,26,4503934,17.49,Media,4,-13,85
NovaGlobal,36,4224051,0.88,Energy,2,36,99
ApexDigital,31,1811616,5.59,Energy,3,14,22
AtlasRetail,8,583215,7.11,Logistics,4,30,42
FusionGlobal,25,2577757,16.41,Education,1,-71,43
PrimeGlobal,35,2939182,4.05,Media,3,-41,32
NexusZone,32,4858960,14.87,IT,3,37,82
ApexEdge,34,1437070,10.92,Energy,4,89,84
ApexRetail,38,1521066,17.8,Energy,2,58,75
ZenDigital,39,3097554,19.58,Telecom,4,-38,51
FusionTravel,27,1810620,18.61,Consulting,4,89,95
NimbusFoods,36,4072038,1.01,Consulting,4,90,16
BeaconSystems,19,1390215,15.54,Healthcare,1,13,64
PulseLink,10,471844,2.43,Consulting,1,-25,19
VertexMedia,9,1798872,9.21,IT,5,-19,70
HorizonCore,26,506165,8.07,Ecommerce,1,44,46
NexusMedia,33,3201397,9.32,IT,3,-51,31
NovaLink,11,3893590,18.31,Education,2,79,72
NexusLabs,35,492416,18.06,Tourism,3,-23,16
OrbitLabs,21,2059227,5.55,Tourism,4,-25,79
NimbusHub,13,669209,2.68,Consulting,4,92,6
NexusTravel,37,1851002,7.28,Fintech,5,27,53
NovaHub,15,118909,1.81,Ecommerce,5,-99,44
RadiantCore,21,4749429,4.91,Tourism,1,67,21
FusionEdge,9,754863,6.29,Food,5,-17,9
HorizonDigital,1,997933,3.42,Food,5,18,64
VertexGlobal,34,1479272,2.72,Ecommerce,2,-10,10
HorizonPoint,22,2632746,5.78,IT,1,-67,84
NimbusCore,32,310161,9.47,Ecommerce,5,26,8
PulseCore,6,887673,5.18,Healthcare,3,11,5
VelocityZone,23,1492981,3.6,Media,2,51,39
NimbusTravel,1,1595789,1.09,Media,3,21,5
FusionSystems,30,3106405,7.68,Telecom,5,31,0
AtlasEnergy,24,2736703,9.88,Fintech,3,1,35
HorizonTech,23,50900,7.13,Tourism,2,-67,61
VertexNet,4,2028553,11.86,Consulting,3,39,37
FusionTech,31,614299,18.91,Media,1,75,52
NexusFoods,32,268951,19.92,Healthcare,1,-81,75
PrimeGlobal,26,4588185,2.62,Retail,1,-19,33
NexusFoods,37,4206960,4.64,Telecom,5,48,79
FusionHub,32,3428365,4.37,Telecom,1,81,47
RadiantZone,36,2075798,18.95,Retail,1,2,9
QuantumSystems,38,1618068,1.97,Retail,5,-18,42
QuantumHub,37,3051157,9.43,Ecommerce,2,23,13
BeaconHealth,9,2735744,15.2,Media,4,-27,28
NimbusZone,25,2245603,13.18,Manufacturing,4,-51,99
NimbusNet,34,2470485,9.5,Manufacturing,3,-5,25
AtlasTravel,12,2161624,3.82,Hospitality,3,-13,53
NexusRetail,16,2287339,18.09,Manufacturing,3,100,39
BeaconFoods,30,4464537,14.71,Ecommerce,1,-40,10
AtlasRetail,18,2623547,3.19,Fintech,1,-34,49
FusionSystems,25,192829,15.78,Fintech,2,-99,92
EverestLogics,11,951134,12.4,Healthcare,5,95,70
VertexGlobal,8,875677,15.97,Food,5,-23,48
VertexLink,23,1805493,2.3,Hospitality,2,30,71
RadiantCore,18,689329,13.19,Retail,5,-84,18
ZenHealth,24,168116,4.2,Food,4,58,54
BeaconTravel,21,3949391,16.43,Food,1,-15,91
RadiantGlobal,26,1944481,6.82,Education,2,-77,46
PrimeEnergy,28,2829125,17.04,Ecommerce,2,55,100
HorizonPoint,34,373443,4.53,Media,5,99,49
NexusNet,9,2519588,6.34,Hospitality,1,-63,13
EverestZone,10,307481,10.33,Retail,3,-94,45
NimbusTravel,15,2558433,7.48,Consulting,1,12,41
AtlasPoint,26,4952991,2.91,Retail,3,-2,21
EverestEnergy,14,3580227,5.3,IT,2,-43,80
ZenMedia,10,484723,5.34,Fintech,4,-60,24
VertexLink,4,672167,13.36,IT,5,-35,94
QuantumEnergy,5,3133808,0.4,Healthcare,5,-80,42
PrimeHub,25,33637,0.11,Logistics,1,-17,2
AtlasEdge,38,4654731,11.57,Food,4,49,31
NovaZone,30,2817771,19.72,Energy,1,-42,2
OrbitNet,3,1419865,5.79,Fintech,2,-61,45
AuroraEnergy,22,696971,12.56,Hospitality,3,47,26
OrbitGlobal,6,1514632,1.05,Media,4,-3,48
PulseEdge,36,4771997,7.27,Ecommerce,2,14,19
FusionWorks,20,1748758,12.61,Fintech,3,-22,73
EverestMedia,6,1401521,7.72,Retail,3,-21,61
VertexGlobal,26,2016872,12.91,IT,4,-98,54
PrimeDigital,10,4273339,15.42,Hospitality,4,83,4
VertexLogics,14,2712591,7.77,Manufacturing,2,-16,40
PrimeLink,5,2868025,12.41,Media,4,27,29
OrbitGlobal,15,3370827,0.3,Logistics,5,92,82
VertexFoods,19,1000062,17.36,Media,4,-57,20
QuantumSystems,3,4673878,4.69,Healthcare,5,-5,99
RadiantEnergy,33,4499993,6.77,Consulting,2,42,53
SummitNet,25,3106170,13.94,Logistics,4,100,11
PulseTech,4,4200351,17.12,Logistics,2,63,90
NexusMedia,35,1613220,3.75,Ecommerce,5,-42,25
AuroraFoods,33,111866,9.02,Energy,5,-46,83
VelocityLabs,4,574729,3.61,Fintech,4,-34,71
AuroraEdge,9,4609029,1.64,Tourism,5,-88,20
AtlasSystems,20,452696,3.44,Retail,4,66,97
BeaconPoint,11,2295820,5.31,Food,1,27,77
NovaNet,24,2819874,13.17,Food,3,62,18
FusionLabs,15,3766599,3.66,Education,3,43,17
OrbitGlobal,39,3305118,2.04,IT,3,61,98
VertexEdge,3,3572127,13.06,Tourism,5,-85,45
AuroraLogics,16,3654740,13.09,Consulting,5,99,46
AtlasEnergy,36,2914503,1.93,Media,3,68,68
ZenHub,33,4407210,8.97,Ecommerce,1,-41,93
QuantumTech,2,3457411,16.05,Hospitality,1,81,7
RadiantTech,17,4667429,13.46,Fintech,2,-28,68
ZenDigital,11,403238,14.75,Food,3,86,24
NimbusZone,1,938773,14.34,Hospitality,3,-73,54
ZenLabs,16,2993590,17.77,Fintech,3,40,28
NexusHub,29,1206098,16.48,Education,2,60,2
NovaLogics,29,4082135,0.43,IT,3,-67,54
OrbitEdge,13,1246046,14.99,Logistics,2,46,54
AuroraCore,10,99700,4.99,Healthcare,5,63,42
AtlasPoint,10,1347164,15.95,IT,2,-88,48
SummitLogics,10,3872236,8.04,Media,2,-59,17
BeaconHealth,12,4625913,12.43,Energy,2,-11,67
AtlasLogics,4,3252113,14.02,Manufacturing,3,-58,20
OrbitWorks,27,2072460,5.89,Media,1,-28,99
PulseLink,3,4742379,7.35,Consulting,3,-68,58
ApexMedia,27,503350,8.32,Media,4,15,34
NimbusCore,36,1947968,17.16,Manufacturing,2,-57,85
AtlasWorks,21,2918899,9.09,Consulting,1,27,38
VertexRetail,8,1980066,15.32,Tourism,4,-30,29
EverestCore,33,3419671,2.99,IT,1,-36,46
NimbusRetail,23,4854063,5.9,Education,1,-74,45
NexusHealth,27,3714808,2.3,Fintech,2,-26,97
VertexTech,22,1541476,19.63,Energy,1,28,33
AtlasEnergy,6,4490018,15.41,Fintech,2,83,5
HorizonFoods,10,3806713,17.24,Retail,1,-52,1
PulseLogics,39,3764894,14.55,Food,1,-14,0
BeaconWorks,15,2060074,11.38,Retail,3,86,44
EverestNet,25,888573,14.5,Logistics,2,8,65
AtlasMedia,10,1596685,11.35,Consulting,4,27,34
ZenFoods,11,2555802,18.64,Healthcare,4,33,35
PioneerFoods,11,4740817,6.3,Retail,3,61,51
PulseFoods,1,2463342,16.19,Ecommerce,5,-68,63
ApexZone,25,4255676,4.43,Logistics,3,-2,36
BeaconEnergy,3,1468837,7.36,IT,5,-80,2
ApexPoint,11,3346697,13.2,IT,1,32,20
VertexRetail,15,3905206,12.94,Education,2,-87,26
QuantumZone,25,821649,8.42,Fintech,3,-2,30
FusionRetail,29,4686041,9.1,Logistics,4,11,14
BeaconMedia,21,2831031,14.17,Hospitality,2,40,68
ZenZone,15,4343995,16.04,Education,4,-64,92
VertexWorks,34,3938588,15.57,Manufacturing,5,-73,74
NexusNet,23,1451846,10.02,Media,3,-74,56
ZenGlobal,17,4993430,15.91,Retail,3,80,1
ZenTravel,23,940558,15.57,Consulting,3,-1,35
AuroraSystems,13,2031842,8.44,Healthcare,4,-30,91
ApexLabs,22,2551646,2.8,Energy,1,-20,36
RadiantNet,31,3490192,5.84,Fintech,3,-61,74
ZenEdge,11,1466527,11.41,Fintech,4,85,5
OrbitLabs,39,2920452,6.87,Manufacturing,3,6,40
EverestLabs,1,1186726,9.64,Hospitality,3,-62,12
EverestCore,36,2266040,8.78,Logistics,5,55,93
NovaEdge,29,3563956,6.46,Retail,2,91,75
NexusEnergy,1,4628818,1.22,Tourism,1,-9,44
AtlasMedia,35,3584707,15.69,Logistics,1,-23,53
BeaconDigital,26,4971005,7.88,Energy,3,-32,38
HorizonCore,21,3662083,11.67,Hospitality,4,-56,91
AtlasSystems,39,3289283,11.19,Tourism,1,-93,98
FusionMedia,39,4977643,3.81,Manufacturing,2,-24,65
ApexLabs,35,2854549,0.68,Retail,3,39,80
NexusLink,14,590846,13.69,Retail,3,-62,30
NovaNet,26,4834432,13.09,Consulting,3,-80,64
NexusSystems,10,2557882,5.96,IT,2,13,94
VelocityNet,20,332031,13.55,Media,3,72,43
NovaWorks,39,4462527,19.34,Hospitality,4,97,68
VertexFoods,35,4311137,12.84,Logistics,5,-11,18
AuroraSystems,23,3037227,11.37,Consulting,2,-51,13
PulseRetail,2,2158542,10.59,Consulting,1,-59,71
NimbusRetail,31,3853860,15.51,Manufacturing,5,-13,56
PulseEdge,10,4336583,15.82,Fintech,3,75,65
PioneerCore,8,2309977,18.46,Healthcare,4,80,46
ApexTravel,6,884500,11.13,Ecommerce,4,-71,89
ZenHealth,40,4364552,19.47,Logistics,1,23,62
VertexCore,30,3345491,8.63,Telecom,2,-6,38
SummitHealth,19,4691464,19.54,Hospitality,5,-44,80
PrimeLink,22,518889,4.6,Retail,5,-39,55
AtlasWorks,13,2187850,13.93,Food,2,22,19
NexusFoods,4,1961175,4.74,Energy,4,-17,40
NimbusEdge,25,966879,11.04,Consulting,4,81,5
SummitNet,4,3269340,6.62,Retail,1,-11,64
NexusDigital,5,2947625,14.36,Tourism,3,-71,46
BeaconNet,31,819088,11.1,Healthcare,5,96,2
ApexPoint,36,2113084,19.26,Food,1,3,54
NexusMedia,33,4050391,18.69,Education,1,5,29
ApexDigital,2,4985125,17.99,Hospitality,4,53,5
PioneerHub,6,3388464,18.58,Media,1,-77,43
BeaconPoint,13,939798,8.04,Tourism,5,-21,8
PulseWorks,22,4564717,8.94,Healthcare,2,16,0
OrbitLink,26,60062,10.45,Ecommerce,2,-17,0
QuantumHub,18,3486465,6.16,Ecommerce,5,26,66
ZenHealth,17,4857235,2.7,Food,3,-39,67
NovaEnergy,22,1979675,7.27,Consulting,2,45,14
VelocityTravel,18,3925430,12.44,IT,1,82,48
PrimeTravel,38,1445084,19.94,IT,1,-39,8
PrimeHub,21,2244017,10.53,Hospitality,1,-98,98
HorizonCore,8,2806650,14.71,Fintech,4,53,22
VelocityLink,30,692051,2.3,Logistics,4,82,47
QuantumEnergy,25,4233484,11.26,Energy,1,43,65
PulseHealth,19,4009021,6.72,IT,3,22,55
VertexCore,32,3695920,6.56,Healthcare,1,4,94
FusionEdge,28,2787361,3.42,IT,2,-77,61
NimbusHealth,7,1670134,7.69,Hospitality,5,-45,95
HorizonLabs,8,1223758,18.49,IT,1,-44,90
VertexPoint,21,3251520,2.17,Logistics,4,-49,78
ZenLabs,7,142689,11.96,Ecommerce,1,-39,16
PulseFoods,32,2759427,9.3,Telecom,3,79,60
OrbitRetail,6,4251575,13.89,Tourism,5,-92,2
NovaZone,21,2270049,15.14,Media,5,34,12
AuroraZone,27,3200443,16.29,Tourism,5,54,40
PulseFoods,26,3578272,11.64,Energy,2,38,77
SummitHealth,2,913683,1.63,Energy,3,89,30
RadiantNet,13,2156873,2.28,Manufacturing,4,44,73
OrbitWorks,6,403600,18.51,Retail,3,-18,30
VertexCore,40,3138425,13.79,Media,5,-25,45
VelocityFoods,3,1996062,19.85,Fintech,1,-55,66
EverestLogics,10,4785948,6.54,Energy,5,-10,54
PioneerFoods,8,2716365,8.21,Tourism,4,64,7
SummitTech,15,3600303,17.29,Fintech,3,53,12
VelocityEdge,22,2073720,8.27,Manufacturing,2,54,76
VelocityHealth,5,1283676,5.49,IT,4,-37,53
SummitPoint,39,704394,4.21,Media,4,-84,20
PrimeTech,8,1902633,6.71,Telecom,3,-5,63
NexusNet,31,4979613,3.38,Food,4,9,90
QuantumNet,9,1420730,7.53,Manufacturing,4,55,45
NimbusMedia,33,1733361,0.58,Logistics,4,-2,7
SummitLabs,13,3039973,4.49,Education,5,-55,32
RadiantPoint,3,399623,9.06,Energy,4,-32,70
HorizonGlobal,39,3675509,4.98,Energy,2,79,41
AtlasDigital,38,4906824,19.56,Consulting,4,-35,46
AuroraGlobal,4,2645591,13.71,Food,3,39,78
HorizonPoint,2,2524321,18.91,Logistics,3,71,21
NimbusHub,15,815491,12.33,Energy,4,-59,70
ZenMedia,8,3252748,12.05,Logistics,5,-7,47
PrimeTravel,13,1592781,10.86,Ecommerce,5,-27,0
RadiantLabs,34,257067,15.71,Education,5,97,92
EverestSystems,4,4117791,3.04,Fintech,5,-13,79
VelocityEdge,12,4707870,12.09,IT,5,-56,2
VelocityCore,38,1211638,12.15,Telecom,5,49,41
AtlasDigital,9,1978532,11.15,Retail,3,-25,88
VelocityWorks,26,4798073,11.57,Fintech,5,-99,29
OrbitMedia,4,3739617,11.73,Fintech,3,13,73
EverestCore,11,1992396,13.64,Energy,2,-32,35
QuantumEnergy,30,1007909,18.03,Hospitality,5,-19,100
QuantumHealth,23,3578128,6.84,Consulting,2,52,82
AtlasLogics,8,1761058,8.73,Education,4,16,50
NexusHub,15,841191,8.97,Ecommerce,5,36,43
PioneerSystems,19,213317,0.32,IT,5,-20,78
ApexTravel,1,2559530,18.59,IT,4,-20,66
VelocityGlobal,6,3651366,15.35,Consulting,5,-55,41
NimbusLabs,32,4403536,14.46,Ecommerce,2,-81,95
NimbusRetail,15,2241533,17.5,Manufacturing,2,83,94
QuantumCore,33,4529184,17.26,Energy,4,22,63
NexusWorks,29,673832,14.14,Logistics,5,-87,11
RadiantHub,4,65824,15.04,Hospitality,2,-64,86
FusionGlobal,7,3809812,15.94,Consulting,1,77,69
FusionRetail,40,3413427,16.26,Telecom,1,6,85
PioneerFoods,13,1519937,12.77,Tourism,4,-89,49
OrbitFoods,21,2124405,18.78,Hospitality,5,86,52
VelocityPoint,1,277447,17.03,Ecommerce,1,71,87
ApexDigital,14,351270,14.02,Retail,3,-55,84
EverestHealth,2,1465538,19.6,Media,1,-37,57
QuantumNet,39,3962009,3.07,Healthcare,5,82,71
SummitPoint,33,3593480,3.45,IT,2,-36,55
NexusWorks,13,2882343,13.13,Healthcare,1,-17,43
BeaconMedia,10,3345145,17.32,Healthcare,3,-45,55
PioneerEdge,9,1306705,4.45,Tourism,4,-79,15
ApexTech,7,25829,3.56,Tourism,3,-49,18
VelocityMedia,37,1078443,12.36,Manufacturing,2,-79,50
EverestRetail,9,1628461,8.33,Education,4,13,62
NexusLink,40,961009,19.55,Education,3,-96,48
OrbitPoint,21,597117,4.78,Ecommerce,3,-47,76
AuroraLabs,38,3151690,3.72,Food,4,87,33
AuroraHealth,39,4040041,7.72,Retail,3,32,88
AtlasZone,23,4234055,0.37,Retail,1,-61,73
NexusLink,12,2706793,13.31,Manufacturing,3,43,67
VertexWorks,26,4244590,10.06,Media,1,-37,49
NimbusLabs,27,1449491,10.72,IT,4,100,80
SummitLogics,24,4791362,11.93,IT,3,84,58
NexusHealth,4,942356,7.5,Telecom,1,-62,6
PulseEdge,5,4625772,10.56,Logistics,3,35,4
AtlasLink,39,2297267,6.77,Consulting,1,-46,16
ApexHub,23,3733963,6.7,Healthcare,3,-87,64
PioneerTravel,30,4392764,10.65,Retail,2,75,1
NexusDigital,25,1832797,5.56,Ecommerce,5,90,90
VertexLogics,10,1400845,18.61,Food,1,36,95
EverestFoods,24,2238041,16.1,Energy,1,60,21
OrbitLogics,30,1453978,6.78,Telecom,5,33,94
BeaconPoint,12,525690,8.12,Ecommerce,5,57,76
NexusTech,37,4947603,17.98,Hospitality,2,-92,6
RadiantWorks,35,3755175,19,Hospitality,3,71,77
ApexCore,1,347946,4.61,Manufacturing,2,-88,4
PrimeNet,25,4713551,11.38,Media,4,-15,66
QuantumLabs,1,2152060,16.11,Manufacturing,2,98,57
NimbusDigital,1,2609514,1.09,Healthcare,4,-6,61
AuroraTech,27,762359,9.18,Education,4,47,70
NimbusWorks,21,147147,2.65,Hospitality,5,-45,59
NimbusCore,6,3775260,6.68,IT,1,-72,19
PioneerCore,18,1403952,0.65,Manufacturing,4,-97,34
NexusHub,2,3072893,1.37,Hospitality,5,-97,45
NovaWorks,34,1584024,10.26,Education,3,-44,42
NimbusRetail,38,1744394,11.03,Education,3,61,3
ZenRetail,9,2831044,15.43,Education,2,-34,11
FusionHealth,5,2077073,3.46,Healthcare,2,-30,46
HorizonRetail,16,4403331,7.8,Hospitality,2,56,6
VertexTravel,38,4559858,18.27,Media,1,-75,19
NimbusLabs,21,2058276,1.15,Fintech,5,-13,27
FusionTravel,25,4468820,13.33,Hospitality,2,-91,80
ApexWorks,19,524891,15.43,Energy,4,4,79
NovaHealth,28,4568686,15.91,Tourism,5,55,97
NimbusGlobal,28,2747835,14.71,IT,3,-46,74
PrimeRetail,37,1358998,18.97,Food,1,-97,20
ZenZone,13,2188716,3.75,IT,2,-82,11
ZenPoint,34,3277089,12.94,Telecom,1,-56,19
NovaHub,31,1810795,5.83,Telecom,2,42,95
OrbitLogics,33,1919240,2.43,Hospitality,3,-89,94
QuantumZone,6,1236741,15.07,Manufacturing,4,30,70
PioneerTravel,25,2521928,18.12,IT,5,6,8
EverestNet,8,3810105,5.11,Ecommerce,2,48,58
PulseHub,37,922654,0.83,Logistics,5,-17,28
HorizonZone,27,2992967,15.22,Energy,5,1,72
NexusLogics,16,1248750,1.17,Consulting,3,-1,83
EverestLogics,8,2155200,12.79,Media,2,-75,27
BeaconHealth,22,2275362,11.27,Ecommerce,2,-15,46
QuantumLogics,12,3628457,4.29,Education,4,-51,41
AuroraGlobal,2,4876839,16.56,Retail,3,90,65
PulseRetail,33,670350,7.52,Media,4,-87,77
AuroraZone,12,4888077,17.46,Food,3,-61,88
VelocityTravel,36,4181985,1.19,Education,5,8,77
RadiantLabs,1,2852903,0.6,Consulting,5,-74,52
FusionRetail,24,3313077,19.13,Food,1,63,43
ZenTech,10,4248343,14.8,Telecom,3,-88,55
PrimeEdge,30,466446,15.32,Tourism,3,72,28
EverestFoods,26,2447720,13.47,IT,5,-81,68
PioneerTravel,6,1658734,3.5,Energy,3,71,32
EverestLogics,12,4036575,13.37,IT,3,-11,30
HorizonMedia,20,4031987,12.6,Media,3,-27,51
NovaWorks,22,2213327,14.96,Ecommerce,5,88,12
PioneerHub,8,842145,10.94,Healthcare,1,-16,63
BeaconDigital,3,2460487,19.33,Healthcare,3,64,92
EverestFoods,12,3340214,4.2,Retail,1,-82,38
SummitEnergy,17,3277437,17.35,Fintech,5,42,66
NovaTravel,39,4611844,19.66,Healthcare,4,83,48
ZenFoods,6,1710368,2.83,Hospitality,3,91,83
FusionFoods,39,4472053,9.26,Food,1,51,33
HorizonLabs,30,1502750,1.61,Telecom,4,-82,75
NimbusSystems,24,608630,0.46,Food,3,-68,17
NexusTravel,11,63846,16.15,Telecom,2,-56,81
VelocityCore,18,1451641,14.79,Tourism,1,-68,42
NimbusLogics,12,2165231,9.91,Hospitality,1,68,18
VertexLabs,9,3375808,0.3,Manufacturing,1,66,51
OrbitHub,25,3129257,8.1,Consulting,3,-80,16
QuantumLink,7,4494921,19.05,Healthcare,5,92,63
PrimeNet,17,2056176,10.74,Media,5,74,14
AuroraEnergy,12,3612996,17.14,Retail,4,23,13
BeaconSystems,16,3900189,0.15,Ecommerce,2,32,43
NimbusHealth,20,1904417,17.07,Logistics,5,-89,79
HorizonHealth,5,2555445,7.48,Consulting,5,-87,10
FusionDigital,9,4593968,0.95,Healthcare,5,88,12
VelocityMedia,32,88544,7.36,Healthcare,3,3,56
AtlasEdge,22,4805089,19.57,Ecommerce,2,-67,6
OrbitHealth,10,110645,17.23,Hospitality,3,-92,80
AuroraEdge,29,119493,17.17,Consulting,2,-31,55
ApexCore,21,2247931,8.85,Media,5,-100,14
AuroraRetail,24,3041562,4.13,Retail,3,26,3
FusionLabs,9,4510956,13.54,Manufacturing,3,25,27
PrimeLabs,37,2315999,6.56,Food,4,-30,28
NimbusHealth,32,4299205,8.76,Logistics,3,-11,82
RadiantWorks,30,4312168,9.39,Retail,5,6,86
OrbitNet,12,3787220,6.54,Logistics,1,-42,2
PioneerSystems,10,3165143,1.2,Healthcare,4,68,89
RadiantWorks,13,2129069,8.76,Food,2,99,60
PrimeLabs,21,662830,7.33,Manufacturing,1,-94,71
VelocityWorks,23,3943816,4.19,Food,2,-47,100
FusionMedia,15,429293,13.99,Education,3,-97,13
NovaGlobal,30,2697199,6.99,Education,4,85,10
RadiantLink,13,2803131,9.39,Hospitality,1,-26,87
PrimeEdge,34,4395875,5.69,Hospitality,2,-47,78
VertexGlobal,20,2113128,6.13,Consulting,1,42,62
AuroraTech,39,1057786,15.42,Healthcare,4,6,58
PulseLabs,5,2482240,1.4,Energy,1,-14,47
NovaRetail,31,1074871,14.39,IT,5,-71,95
HorizonLink,6,4793002,2.38,Fintech,2,81,43
NovaTravel,33,4880241,10.76,Hospitality,1,9,58
OrbitRetail,13,18586,9.45,Consulting,1,65,49
PulseSystems,22,242473,3.89,Consulting,1,47,10
HorizonHub,15,4592566,4.59,Energy,1,18,19
ZenTravel,13,4291270,19.9,IT,3,77,52
FusionLabs,14,1596019,14.88,Education,3,77,26
PioneerLabs,9,3264457,11.63,Ecommerce,5,58,42
VelocityWorks,10,1482437,4.03,Hospitality,5,22,86
PioneerMedia,12,3973975,18.47,Education,5,65,75
EverestTravel,14,3665849,13.79,Manufacturing,4,-21,85
QuantumRetail,25,4526790,19.11,Fintech,2,29,44
ApexDigital,28,4884001,1.11,Consulting,1,-6,92
HorizonGlobal,4,1381776,7.42,IT,4,-85,11
PulseDigital,19,2874179,11.66,Food,4,97,12
ZenRetail,8,4090729,11.43,Logistics,5,53,36
PulseMedia,25,3021417,1.31,Tourism,1,64,0
SummitLabs,25,2837320,5.98,Tourism,5,-44,7
EverestHub,18,4813251,9.12,Telecom,2,-80,32
VelocityRetail,1,2311988,3.68,Telecom,1,77,5
OrbitHub,32,1967448,0.27,Fintech,3,65,62
QuantumSystems,21,4888134,13.81,Manufacturing,1,-16,70
AtlasMedia,35,4875208,17.12,Fintech,3,-14,34
AtlasWorks,25,3269472,14.73,Ecommerce,5,-39,27
FusionSystems,9,4733424,15.14,Ecommerce,5,-22,100
AuroraSystems,10,3077297,15.43,Education,3,32,67
FusionSystems,28,3145794,7.21,Media,1,-25,47
NovaPoint,4,3138766,19.79,Media,5,-90,50
HorizonWorks,30,4315153,13.4,Consulting,3,-10,24
EverestZone,14,4139456,15.12,Media,4,32,64
HorizonWorks,6,574315,5.23,Logistics,2,-57,26
PulseHealth,31,3085543,9.55,Logistics,3,-57,67
SummitTech,4,1133185,3.47,IT,5,13,63
VelocityEdge,27,3270078,19.45,IT,2,52,23
HorizonTech,25,4973943,5.71,Telecom,3,-97,100
PrimePoint,12,3944975,4.55,Consulting,5,37,98
SummitSystems,15,1738242,11.35,Education,3,2,68
VelocityEnergy,35,3955958,17.8,Ecommerce,3,63,91
SummitRetail,8,80879,6.31,Retail,4,-54,10
ZenFoods,37,728274,16.32,Ecommerce,4,35,52
PrimeFoods,14,4587689,10.67,Manufacturing,3,49,86
ZenEnergy,24,4054456,9.02,Healthcare,1,-39,83
PulseLogics,20,3644181,11.17,Healthcare,4,-29,0
NimbusEdge,6,4870025,14.76,Consulting,1,-59,43
HorizonHub,1,4127157,9.02,Retail,3,-70,53
RadiantLink,20,26220,10.34,Consulting,2,100,79
BeaconLabs,25,4210066,14.76,Logistics,5,-14,22
VelocityDigital,5,1339457,11.11,Media,2,39,56
ZenLogics,29,4815682,4.92,Retail,1,-16,71
EverestSystems,31,1448553,11.29,Retail,5,-79,6
VelocityWorks,32,159178,18.63,Tourism,2,95,20
PrimeLink,31,3165967,2.53,Food,5,14,81
EverestMedia,32,4730387,15.99,Food,4,69,61
AtlasEdge,29,4598327,1.6,Fintech,3,-55,49
FusionZone,1,3618178,3.49,Fintech,4,-28,56
VertexGlobal,18,1210070,14.01,Telecom,4,-82,54
QuantumFoods,27,3996475,2.3,Food,4,-54,77
PrimeRetail,24,2796594,14.45,Energy,4,97,64
FusionSystems,30,186781,13.48,Tourism,5,-47,45
NimbusLink,40,3611256,1.67,Energy,5,-36,36
ZenLink,17,4905616,12.48,Energy,5,42,29
PioneerFoods,8,3800873,14.74,Consulting,4,55,31
AtlasLabs,34,4834522,16.72,Energy,3,-69,87
NovaZone,33,994664,11.6,Tourism,5,-29,57
ZenGlobal,22,3675900,4.45,IT,4,-78,98
AuroraDigital,37,157531,16.96,Manufacturing,4,-78,74
AtlasGlobal,8,4782394,7.68,Food,1,-82,65
VelocityZone,29,2493516,5.98,Media,5,-6,98
PrimeNet,39,2327875,13.29,Telecom,5,-45,64
PulseDigital,33,3331621,4.36,Logistics,3,-29,39
NexusFoods,26,2350201,12.75,Tourism,3,-22,32
OrbitEnergy,3,403081,8.72,Logistics,2,-27,42
EverestRetail,34,1713578,10.71,Fintech,3,-41,76
ZenTech,19,92688,15.61,Retail,2,-15,52
VelocityWorks,32,1508708,14.04,Healthcare,4,93,24
PrimeTech,12,18742,7.62,Tourism,5,99,97
ApexMedia,8,3695756,17.89,Media,4,53,91
OrbitTravel,13,939239,15.14,Manufacturing,4,34,57
PrimeRetail,24,1802553,2.33,Manufacturing,1,-47,81
NimbusLogics,22,2354994,5.11,Hospitality,1,-32,57
EverestSystems,25,2582157,14.04,Hospitality,3,-4,42
AuroraCore,18,1600601,12.22,Energy,5,84,20
QuantumEnergy,24,4335156,6.67,Hospitality,4,-13,53
EverestGlobal,15,3992322,11.24,Consulting,5,-94,59
NovaRetail,6,4248396,12.21,Consulting,5,36,63
OrbitDigital,35,3271163,17.9,IT,4,-51,44
AuroraWorks,29,4977795,15.25,Food,2,45,9
PrimeFoods,24,361482,8.39,Healthcare,3,-68,100
VertexLink,11,915475,4.67,Manufacturing,3,-93,74
AtlasPoint,35,537456,6.09,Energy,2,30,94
NexusPoint,10,2977085,5.12,Telecom,2,-5,99
BeaconPoint,6,539329,17.56,Telecom,5,-79,16
PrimeSystems,6,4607378,8,Media,1,28,97
OrbitLabs,13,915923,12.95,Energy,4,-40,94
NovaGlobal,11,3619882,4.16,Retail,5,-22,75
EverestLogics,3,936342,18.44,IT,2,-60,93
ZenPoint,4,946613,11.46,Tourism,1,72,52
ApexRetail,26,2139881,17.43,Media,2,-15,41
VertexWorks,6,2192502,18.18,Consulting,5,48,79
ApexLink,26,1638556,1.8,Food,4,58,100
QuantumFoods,32,4163976,5.78,Energy,3,39,42
PulseMedia,20,3278803,15.68,Manufacturing,5,-64,62
AtlasDigital,30,3500950,9.51,Hospitality,2,-46,4
FusionCore,35,472106,12.86,Education,3,33,19
PulseLabs,19,3554326,6.04,Energy,5,23,94
OrbitTravel,13,2610994,18.57,IT,3,-81,46
PrimeTravel,13,1689485,8.61,Retail,5,-31,45
AuroraTravel,24,4249167,1.8,Fintech,2,-99,79
NimbusPoint,40,1590102,17.17,Logistics,4,-29,80
NexusHealth,5,921342,6.33,Food,3,-43,75
VertexEdge,30,3876452,17.55,Food,4,-56,89
SummitDigital,30,841094,4.55,Media,4,45,14
ZenTech,30,4508680,5.19,Food,3,-7,49
EverestPoint,26,2670376,9.12,Media,3,91,36
AuroraMedia,9,3580730,11.83,Energy,2,-20,52
NovaMedia,9,4028108,6.3,Food,4,9,84
NovaHealth,16,3225428,0.63,Energy,2,-34,44
PrimeFoods,32,415399,8.08,Consulting,3,36,50
FusionLogics,20,3346395,5.98,Retail,5,14,53
PulseRetail,11,4333438,6.88,Hospitality,5,-41,34
NexusCore,9,670720,1.56,Telecom,3,65,12
SummitCore,23,4772169,1.92,Telecom,1,38,65
BeaconLabs,12,3636609,18.03,Education,3,0,52
BeaconNet,17,1939254,16.45,Energy,4,-95,85
EverestTravel,37,1879898,6.28,IT,5,0,90
VertexDigital,29,1903184,4.75,Tourism,1,53,41
VelocityEnergy,17,473823,14.15,IT,5,12,95
VertexWorks,30,4704819,3.32,Healthcare,2,-25,3
AuroraFoods,32,4278966,1.09,Manufacturing,3,-58,8
PrimeWorks,26,3394601,11.84,Fintech,4,-94,8
ZenMedia,7,2427416,2.61,Education,2,75,9
AuroraHealth,25,4545139,15.36,Hospitality,5,-8,14
ZenTravel,16,2408051,7.63,Healthcare,3,19,52
ZenNet,10,4685857,5.37,Logistics,5,-76,92
AuroraFoods,38,3847330,16.57,Ecommerce,3,0,53
QuantumHealth,23,1209569,0.18,Food,3,-91,89
NovaLink,19,30068,1.74,Manufacturing,2,-83,86
VelocityMedia,6,300093,17.87,Fintech,3,-43,60
NimbusWorks,16,3489102,9.34,Education,5,-38,60
QuantumRetail,26,132910,9.97,Ecommerce,3,-49,41
AuroraCore,15,2367704,18.58,Energy,5,79,45
NovaHub,4,799566,9.34,IT,2,8,84
VertexLabs,29,933462,6.99,Education,4,-18,59
AtlasMedia,35,10331,7.42,Tourism,1,23,74
FusionZone,32,4426002,17.77,Logistics,4,-3,49
SummitLogics,30,3542626,6.32,Logistics,4,3,83
HorizonPoint,19,321979,8.66,Energy,1,-76,81
FusionWorks,7,4327531,1.09,Logistics,5,29,23
SummitLink,39,2823658,6.08,Hospitality,2,30,31
HorizonFoods,33,1447504,5.8,IT,4,7,26
NovaCore,9,2325659,16.57,Logistics,3,-95,89
EverestLabs,1,3345842,4.18,Food,4,88,57
AtlasLabs,24,4440605,12.69,Energy,5,38,32
NovaMedia,16,1050613,17.31,Media,1,56,95
SummitNet,4,210028,13.87,Education,4,52,60
PrimeCore,26,2486064,1.08,Logistics,5,36,54
PioneerTravel,20,2970981,19.65,Retail,4,3,93
PulseZone,20,3055594,0.43,Retail,1,-45,89
RadiantTravel,27,1450961,10.09,Fintech,1,99,71
PioneerGlobal,18,277888,14.81,Education,4,-4,62
PulseGlobal,12,1271966,7.32,Tourism,3,53,74
VelocityCore,6,318190,10.38,Education,5,63,44
BeaconHub,5,3106604,19.62,Food,1,93,28
RadiantEnergy,1,2728086,4.89,Tourism,5,28,27
AuroraLogics,39,852953,11.86,Fintech,2,12,21
NimbusHub,38,4555993,1.81,Manufacturing,2,-22,94
AtlasGlobal,36,1497257,17.29,Manufacturing,1,-89,87
EverestDigital,13,3936803,15.66,Healthcare,1,-42,89
OrbitLogics,5,2768718,8.11,Media,2,-44,61
OrbitZone,17,115020,3.86,Fintech,1,69,75
VertexLink,31,4695194,16.97,Retail,4,-26,78
FusionRetail,12,4813128,11.45,IT,3,41,51
HorizonNet,20,3066207,9.57,Tourism,5,61,100
NovaTravel,27,1020325,3.51,Manufacturing,4,-63,63
HorizonLink,10,4300914,12.35,Hospitality,1,87,56
VertexWorks,14,4075003,5.83,Healthcare,3,74,50
PioneerZone,17,1875340,1.47,IT,3,66,12
SummitSystems,8,3586641,3.85,Logistics,4,-88,76
SummitHub,12,642729,1.82,Media,4,-100,47
HorizonPoint,36,306404,0.87,Fintech,5,9,36
ZenPoint,25,4004467,6.53,Healthcare,1,1,35
VertexHub,4,3871335,6.69,Manufacturing,5,-6,59
ApexLabs,40,3314128,16.17,Logistics,5,17,20
HorizonSystems,26,3993195,2.72,Hospitality,3,-37,1
HorizonTravel,23,3170168,15.29,Healthcare,5,-40,85
AuroraCore,39,2153255,19.46,Retail,4,10,99
EverestLogics,1,4507879,15.6,Education,4,-59,85
AuroraDigital,33,4264438,10.76,IT,1,11,12
NexusLogics,31,1778983,14.92,Fintech,3,6,94
ZenEnergy,7,505830,8.18,Hospitality,2,93,92
ApexLink,10,3611465,7.68,Tourism,5,39,20
PioneerEdge,1,1014716,8.13,Retail,1,88,26
NimbusCore,28,631953,4.01,Media,2,21,23
SummitFoods,26,3154891,2.37,Logistics,4,-39,88
AuroraRetail,25,755574,10.04,Media,4,61,42
PrimeDigital,7,1221026,9.99,Fintech,2,82,71
FusionFoods,36,420103,2.88,Healthcare,5,69,77
HorizonSystems,21,2561501,8.89,Food,5,28,57
NimbusWorks,16,4275263,17.11,Telecom,3,-92,85
HorizonNet,1,160349,16.36,Education,4,72,9
NovaSystems,27,2532777,1.67,Tourism,4,-66,44
QuantumSystems,35,3325034,18.81,Logistics,3,-88,21
VertexHealth,23,3333324,1.28,Consulting,2,73,14
VertexTravel,16,471167,8.58,Food,1,-37,29
RadiantEdge,8,3434624,11.4,Consulting,1,37,92
FusionMedia,39,3479231,16.54,Healthcare,1,-41,84
NovaHealth,30,2603175,18.25,Retail,1,64,85
OrbitCore,28,1048999,5.36,Healthcare,5,-66,37
RadiantPoint,27,3495796,3.66,Retail,1,-100,91
HorizonEnergy,2,1078345,1.6,IT,4,-26,87
OrbitPoint,40,4586188,12.93,Consulting,1,10,11
AuroraLink,39,4418554,2.35,Logistics,5,37,93
HorizonNet,18,3038800,8.84,Media,5,-83,94
VelocityLabs,38,39431,7.47,Consulting,5,-50,87
NovaZone,39,2383313,11.84,Healthcare,3,-62,21
OrbitTravel,37,3348159,5.21,Logistics,5,-5,31
NexusGlobal,22,482524,1.15,IT,5,7,53
FusionGlobal,12,1761523,1.23,Media,2,-75,69
NexusHub,7,3655792,10.26,Food,3,85,99
PrimeEdge,26,3639351,9.92,Healthcare,5,100,99
ApexGlobal,2,2785669,5.32,Education,4,-46,43
PrimeTravel,2,97310,15.78,Healthcare,2,71,20
ApexPoint,39,47813,11.41,Healthcare,4,-64,38
QuantumPoint,34,4886018,18.08,Telecom,5,93,79
NimbusFoods,34,1307501,11.89,Tourism,1,-98,7
SummitPoint,2,1006846,18.15,Logistics,4,-47,11
AuroraLabs,40,1071205,13.68,Consulting,2,-10,23
SummitWorks,31,1529062,11.87,Education,2,-60,48
NimbusDigital,40,503980,19.9,Fintech,5,-76,46
ApexHub,30,4579872,5.99,Ecommerce,5,-3,54
PulseMedia,4,445715,6.78,Retail,3,-27,97
NexusGlobal,23,1265047,2.2,Education,5,-93,75
OrbitGlobal,33,2106610,5.08,Logistics,1,-76,80
ApexHub,27,3160093,4.02,Education,5,73,0
PioneerPoint,22,4956219,10.31,Hospitality,1,-76,56
QuantumZone,9,2106915,10.77,Telecom,4,-84,16
NexusNet,15,29608,2.5,IT,1,42,86
PrimeDigital,30,1832452,8.41,Education,2,-63,35
OrbitRetail,12,2725419,14.22,Ecommerce,3,50,61
AtlasTravel,16,741964,16.68,IT,3,-41,100
NimbusWorks,30,3385269,6.91,Education,3,-7,29
EverestGlobal,13,3830285,0.53,Energy,5,6,69
PrimeTravel,9,557945,16.98,Healthcare,5,20,21
RadiantPoint,35,1162334,19.19,IT,4,32,34
PulseHub,23,104074,1.07,Ecommerce,1,-56,24
PioneerEdge,5,204764,9.31,Energy,2,-78,52
AuroraLabs,18,3467762,3.65,Energy,2,99,64
PioneerWorks,22,133744,3.27,Telecom,2,-54,3
OrbitFoods,14,3181039,5.89,Ecommerce,2,-34,37
BeaconDigital,29,2755901,11.73,Fintech,5,-50,50
SummitNet,2,4503191,1.85,Telecom,2,-56,78
AuroraEnergy,8,1318302,3.34,Hospitality,1,24,66
FusionCore,28,2145536,8.28,Telecom,4,92,76
FusionHealth,29,996949,2.99,Energy,1,8,98
EverestMedia,4,2688340,6.22,Manufacturing,1,-22,44
HorizonHealth,1,2651157,16.44,Tourism,1,-61,37
HorizonMedia,33,4322365,0.94,Fintech,2,-58,10
ApexFoods,2,1793627,16.34,Education,3,73,17
PulseLink,9,1730014,16.22,Fintech,1,30,46
QuantumLogics,9,489158,19.97,Food,2,-36,47
QuantumWorks,18,1991822,14.1,Food,1,45,55
VelocityNet,15,2201936,17.29,Tourism,4,31,55
ZenTravel,1,3165303,1.51,Energy,4,85,54
NovaEnergy,18,2459493,15.73,Food,3,-12,56
NexusHealth,35,654856,5.31,Healthcare,4,-90,51
ZenWorks,24,609561,1.29,Media,1,21,30
NovaHealth,2,1607359,12.38,Consulting,5,-95,62
NovaHub,10,4224550,6.87,IT,3,-74,55
QuantumHub,5,4776020,2.7,Telecom,5,-1,7
OrbitTech,38,2017323,1.15,Manufacturing,1,-77,33
OrbitLink,1,2772730,2.1,Logistics,3,19,32
OrbitDigital,22,798471,3.22,Telecom,1,64,7
RadiantRetail,14,2067771,5.42,Tourism,2,66,34
AuroraWorks,38,1324443,5.07,Media,1,-21,96
PioneerLabs,21,223240,5.25,Hospitality,1,46,0
NimbusNet,9,3963481,19.9,Retail,1,67,81
NexusNet,30,1837402,4.96,Logistics,4,53,42
PioneerEdge,18,2644471,16.36,Manufacturing,2,68,16
VelocityFoods,8,3357409,10.39,Energy,4,-2,31
FusionMedia,3,1574495,6.75,Logistics,4,31,7
RadiantTravel,9,151152,9.27,Tourism,5,-39,19
PulseEnergy,31,4717847,18.09,Consulting,5,-56,47
HorizonEnergy,17,1875745,7.03,Hospitality,4,96,99
AtlasEdge,25,2506811,15.29,Retail,4,52,46
NimbusLogics,31,3536794,12.57,Healthcare,2,-52,39
NovaHealth,1,1616984,0.55,Logistics,2,-43,70
AuroraPoint,12,2033515,3.11,Energy,1,-1,53
AuroraCore,32,1686324,10.77,Consulting,2,-39,59
RadiantHub,24,3824524,14.75,Ecommerce,4,-30,71
AuroraTech,13,4434779,11.69,Education,2,80,66
AuroraZone,22,3281867,5.46,Healthcare,4,50,66
OrbitLogics,40,146041,6.75,Food,5,90,88
HorizonEnergy,25,4408661,9.31,Healthcare,4,-16,70
OrbitPoint,33,2875339,15.01,Ecommerce,2,-5,41
BeaconCore,29,1466835,8,Consulting,4,-46,91
PioneerGlobal,33,2459329,5.54,Manufacturing,2,-39,61
FusionGlobal,35,2659089,9.01,Tourism,5,2,23
BeaconSystems,12,2062429,11.99,Healthcare,4,-92,0
PrimeLink,24,2715131,3.28,Education,3,0,92
VertexEnergy,24,2561103,3.99,Media,5,-68,43
FusionLogics,3,3274366,14.32,Healthcare,1,36,91
NexusCore,30,128854,10,Manufacturing,4,99,61
ApexHealth,7,4027615,14.48,Ecommerce,5,91,36
HorizonTech,40,460495,19.56,Manufacturing,4,-51,45
PulseNet,29,3083297,1.75,Energy,4,68,72
PrimeLink,15,2763526,2.94,Logistics,3,50,88
PioneerMedia,22,2100076,1.52,Telecom,3,-98,59
AuroraEnergy,12,1790391,12.26,Logistics,2,-11,3
OrbitMedia,5,2543797,11.48,Logistics,3,25,6
SummitDigital,15,3409314,17.36,Fintech,5,55,11
PrimeFoods,18,482558,3.38,IT,1,37,71
ZenSystems,21,2478341,7.79,Healthcare,5,-98,44
OrbitHealth,20,1031694,3.63,Telecom,2,21,36
VelocityEdge,18,487758,3.71,Retail,2,-56,95
NimbusFoods,16,3328130,9.87,Tourism,4,94,71
HorizonHealth,33,170313,10.78,Fintech,3,-26,29
QuantumLogics,13,1152829,14.5,Food,4,-20,97
AuroraHealth,4,4497527,1.94,Logistics,5,-29,88
PulsePoint,35,2351411,2.19,IT,1,8,15
PulseEdge,12,823325,14.97,Retail,2,16,20
HorizonCore,33,460689,10.74,Media,1,-47,68
RadiantPoint,13,1726263,15.39,Energy,1,27,22
ZenFoods,40,766270,9.07,Media,4,-1,3
ApexTravel,32,1811354,17.56,Energy,1,18,37
ApexRetail,8,4747282,14.55,Logistics,5,-97,54
AuroraSystems,22,2880087,11.94,Telecom,1,-70,100
BeaconCore,22,621564,1.66,Energy,3,-61,12
HorizonEnergy,5,1366204,5.39,Energy,2,78,38
FusionTech,33,4347672,15.32,Consulting,3,-98,89
HorizonPoint,32,4360286,16.17,Ecommerce,3,-70,95
QuantumLogics,9,837408,0.48,Telecom,1,48,39
NovaHealth,12,1680834,2.29,Energy,1,84,27
ApexHub,24,771478,5.36,Telecom,3,-5,33
BeaconHealth,25,1288523,12.74,Healthcare,4,24,61
QuantumCore,31,2698044,6.17,Manufacturing,3,51,94
VertexHealth,5,1061360,9.68,Consulting,2,88,3
ApexCore,18,4921347,14.88,Education,4,-85,1
NexusNet,37,2485847,16,Consulting,2,11,77
VelocityEdge,21,1703734,2.85,Tourism,5,-70,44
SummitCore,1,4141049,9.49,IT,1,31,38
VertexDigital,40,4396127,1.84,Energy,1,37,37
ZenHealth,31,4706674,3.54,Retail,5,69,25
PulseLabs,33,2525097,4.52,Energy,3,-39,44
BeaconTravel,26,888435,15.2,Healthcare,1,-53,17
ApexHub,25,736263,0.18,Food,2,-84,64
OrbitMedia,20,879280,5.54,Tourism,1,-27,15
EverestDigital,11,2694203,12.24,Retail,2,-37,8
AuroraLabs,11,2214921,13.56,Healthcare,4,-32,97
FusionTravel,24,327805,19.4,Food,5,-34,78
FusionHealth,1,531985,17.29,Food,5,-66,11
PioneerPoint,40,1470269,8.46,Retail,4,14,50
PioneerTravel,31,2422950,14.5,Fintech,1,8,80
NimbusWorks,39,3353679,1.04,Telecom,4,-46,23
AuroraLabs,33,3873968,6.34,IT,4,-82,6
PioneerEnergy,33,2457273,10.17,Logistics,5,12,10
QuantumZone,40,3142893,17.75,Tourism,5,24,86
ApexLogics,19,225474,6.62,Tourism,4,-49,45
AuroraHub,5,2443814,3.88,Telecom,4,8,10
PrimeGlobal,11,1064185,5.7,Education,5,25,22
NovaWorks,1,1112753,12.44,Tourism,5,-61,18
ZenMedia,15,1100049,16.96,Healthcare,4,11,100
AtlasTravel,23,612521,14.16,Ecommerce,2,87,11
NovaTech,21,3787460,10.88,Telecom,2,-43,58
AtlasCore,24,1987968,18.71,Ecommerce,5,83,3
SummitNet,29,4752601,1.82,Retail,1,87,23
SummitEdge,14,2741626,10.39,Ecommerce,5,42,30
PulseDigital,32,610447,15.41,Logistics,2,-87,38
AuroraCore,6,1462603,8.78,Media,4,-96,60
HorizonFoods,12,4202437,5.44,Education,1,97,36
VertexTravel,8,117642,15.59,IT,1,-75,55
ZenHealth,7,3911752,4.77,Energy,1,4,68
FusionLabs,3,4652427,7.92,Ecommerce,1,58,86
SummitCore,30,4330290,12.76,Fintech,3,-35,33
AuroraEdge,38,2821016,13.82,Retail,4,-22,21
VelocityPoint,28,2312870,18.72,Education,3,-32,67
EverestTravel,21,1879873,9.59,Telecom,5,-43,34
RadiantEnergy,30,3928665,13.68,Telecom,2,99,30
VertexSystems,29,3854648,11.19,Manufacturing,2,-6,1
EverestTech,38,4359142,11.69,IT,4,-21,79
SummitHealth,5,3118121,19.42,Food,5,-80,11
BeaconTravel,24,4868366,15.32,Hospitality,1,-81,62
AuroraMedia,18,4825383,19.77,Tourism,3,-12,55
PulseHealth,27,2549615,1.67,Healthcare,3,-39,20
ZenMedia,15,2567921,0.37,Consulting,3,-86,68
ApexMedia,24,697172,18.04,Ecommerce,3,-30,17
EverestRetail,36,531189,7.19,Tourism,1,-84,46
EverestLogics,4,4719431,19.95,Hospitality,5,-64,38
FusionTech,4,4356790,6.05,Retail,1,83,84
FusionLabs,21,177676,15.7,Fintech,4,22,9
FusionCore,29,249055,17.83,Logistics,5,-41,81
QuantumLink,9,4419221,3.53,Fintech,1,77,34
RadiantHealth,3,1537288,5.93,Consulting,3,-61,11
PioneerHub,7,2927652,10.84,Manufacturing,1,-25,8
ApexFoods,40,2571455,11.28,Ecommerce,2,23,30
RadiantSystems,37,277954,6.17,Media,2,-95,26
HorizonWorks,12,1129078,15.65,Energy,4,93,88
FusionTech,1,4392966,15.54,Education,2,-24,82
OrbitPoint,16,3231365,5.06,Energy,1,-54,20
AuroraLabs,36,2127761,17.18,Retail,5,23,85
NimbusDigital,5,4967413,13.35,Education,4,30,50
NexusHub,25,4004868,17.48,Telecom,2,91,84
QuantumFoods,18,3459669,12.68,Retail,1,73,72
PioneerNet,10,2172321,19.62,Energy,5,26,71
AtlasGlobal,2,1475859,8.69,Ecommerce,3,-45,13
NimbusRetail,7,3868873,15.67,Food,2,-53,70
NexusEdge,18,2473976,16.07,Logistics,3,-21,64
PioneerLogics,23,4392006,6.49,Logistics,4,-92,82
SummitDigital,37,1630739,5.57,Tourism,4,-74,29
FusionPoint,22,4656200,5.6,Healthcare,4,56,49
PrimeWorks,25,367393,4.73,Hospitality,2,15,90
VertexNet,13,4184463,1.75,Education,4,-55,5
PioneerLogics,4,3134200,6.03,Energy,4,-62,31
BeaconLogics,1,1115366,10.22,Media,2,-95,80
SummitHealth,9,4791528,11.88,Logistics,5,4,46
EverestRetail,39,4823253,10.93,Media,1,59,59
AuroraLink,14,1980482,2.9,Fintech,5,9,59
NovaLogics,14,2556894,15.02,Food,5,3,89
HorizonZone,5,3348408,13.46,Fintech,5,-29,92
AuroraLabs,20,1405481,8.2,Healthcare,4,-69,32
VelocityLabs,18,3373621,16.35,Ecommerce,1,86,23
AuroraRetail,30,4828144,11.23,Fintech,5,-3,3
SummitSystems,13,4664360,18.33,Energy,3,36,74
ApexLogics,39,3581439,17.64,Manufacturing,3,-67,98
BeaconZone,6,595002,18.83,Fintech,1,-3,60
PrimeMedia,22,4959019,8.36,Manufacturing,3,-54,2
EverestLink,13,346399,0.36,Tourism,3,75,85
VelocityHub,7,4697402,13.16,Ecommerce,1,23,28
EverestLink,11,4697250,10.61,Consulting,4,-23,56
QuantumNet,24,1035772,5.99,Food,3,24,14
ZenFoods,4,3392642,18.57,Consulting,2,50,49
VertexTravel,15,408826,0.82,Tourism,4,27,80
PrimeLabs,1,2785380,8.48,Retail,1,44,83
OrbitWorks,9,1678240,11.59,Hospitality,5,-26,25
AuroraRetail,12,832489,8.61,Ecommerce,4,-85,30
BeaconNet,37,2072294,8.82,Energy,2,-37,55
OrbitEdge,8,2670749,7.57,Telecom,2,81,35
HorizonFoods,11,4981015,10.17,Hospitality,3,89,44
NexusEnergy,18,286966,18.21,Ecommerce,2,-15,14
SummitLogics,40,2051482,0.84,Telecom,3,-22,31
ApexLogics,1,1939952,17.53,Ecommerce,4,-36,68
EverestHub,6,4327008,12.31,Healthcare,2,-89,65
PulseLink,33,3067602,1.32,Manufacturing,1,24,50
PrimeNet,19,140473,10.68,IT,1,-5,2
PulseLogics,16,4237063,2.26,Hospitality,4,46,13
PioneerFoods,20,4819484,5.19,Hospitality,2,90,11
ApexEdge,33,4211716,0.24,Hospitality,1,-76,13
OrbitLink,10,2762827,17.8,Food,4,32,30
PulseLink,37,4179701,17.29,Logistics,5,42,31
EverestZone,35,2534856,11.68,Ecommerce,4,-9,6
BeaconZone,10,2643441,6.61,Retail,3,-11,7
PioneerLabs,40,4319025,8.51,Ecommerce,3,-46,92
OrbitHub,29,2368706,8.07,Manufacturing,4,82,63
VelocitySystems,10,4241562,8.61,Manufacturing,3,-23,92
PulseNet,2,1953702,16.48,Education,4,20,30
SummitEnergy,28,2489067,13.11,Hospitality,1,48,100
ZenZone,17,3168375,3.6,Education,3,-35,3
NovaEdge,23,4320530,17.32,Food,1,51,67
BeaconFoods,24,2422894,16.71,Tourism,1,-48,43
VertexHub,9,2784323,16.06,Telecom,1,2,56
EverestRetail,19,3763662,15.61,Education,5,-69,15
PrimeZone,40,1620927,5.44,Retail,2,-30,67
NimbusTravel,19,4256229,5.07,Food,2,-63,86
QuantumLogics,10,2833752,7.91,IT,1,28,90
OrbitEdge,38,12251,12.46,Energy,3,55,99
ApexLabs,18,2618747,3.14,Energy,1,40,61
NexusHub,10,2415137,6.94,Media,3,24,47
PrimeFoods,10,2149796,13.7,Healthcare,4,93,25
AuroraLabs,35,2193139,1.34,Hospitality,3,75,10
QuantumLogics,39,3112032,7.33,Logistics,5,13,43
EverestWorks,34,552389,2.56,Telecom,1,-29,38
NimbusHealth,8,1061519,16.35,Media,5,-99,70
HorizonTech,6,3785150,19.57,Tourism,2,63,70
AuroraTech,23,604207,4.37,Logistics,4,40,49
VelocityPoint,3,3595582,4.86,IT,4,10,22
PioneerFoods,5,3879194,12.87,Consulting,4,-35,56
NimbusDigital,33,3254757,8.56,Tourism,5,88,9
RadiantNet,25,3580110,1.31,Logistics,4,60,70
FusionRetail,29,1055276,17.67,Tourism,2,-24,93
HorizonGlobal,1,1118457,6.31,Healthcare,1,64,99
RadiantHealth,32,2056882,15.14,Food,2,94,97
BeaconEnergy,24,3639452,2.18,Media,2,-31,84
OrbitNet,8,2504536,0.56,Media,4,-90,22
HorizonDigital,19,4249448,7.71,Healthcare,4,-93,63
FusionPoint,7,1984411,12.18,Energy,3,-37,39
QuantumFoods,22,1068240,13.2,Energy,4,28,48
PrimeCore,24,660034,5.39,Education,1,-46,59
AtlasTravel,8,4698391,13.2,Hospitality,5,-93,82
SummitSystems,39,2018456,2.11,Education,4,-56,40
QuantumLogics,32,724432,9.99,Energy,4,97,53
PioneerSystems,8,4961412,16,Retail,3,-99,73
EverestRetail,8,1155446,3.1,Logistics,2,-4,33
HorizonFoods,37,3208949,15.09,Fintech,3,58,47
SummitHealth,37,4480288,18.56,Healthcare,5,82,92
PioneerEdge,26,2601387,5.93,Logistics,2,-56,34
EverestMedia,12,4160581,1.23,Media,5,29,45
PrimeTech,34,2625429,14.02,Hospitality,5,66,100
HorizonNet,39,4517531,7.7,Telecom,2,35,31
RadiantZone,32,2337916,5.37,Retail,2,86,16
NexusTech,29,2765373,1.84,Tourism,3,-53,33
ZenRetail,3,4315527,14.24,Media,2,-60,84
PrimeTravel,38,2826095,16.97,Food,1,-9,24
QuantumZone,26,3016181,8.26,Healthcare,5,53,65
NimbusRetail,11,2792834,1.93,Retail,5,-76,36
OrbitSystems,9,3102912,9.8,Fintech,1,-76,86
AuroraLink,9,2037225,17.92,Fintech,3,-91,25
NexusRetail,36,1641063,10.14,Telecom,2,76,73
ZenMedia,32,1793213,17.53,Telecom,2,-15,44
SummitEdge,35,863073,11.45,Hospitality,4,55,41
HorizonEdge,5,2356859,13.69,Hospitality,3,-3,9
ApexMedia,8,128545,8.73,Food,3,64,13
NovaSystems,29,3935103,18.73,Consulting,5,-81,17
PulseSystems,19,1405446,3.43,Media,5,13,21
OrbitWorks,22,4913165,15.61,Telecom,4,39,45
PrimeGlobal,20,3726745,14.64,Logistics,4,40,24
NexusCore,16,3950740,18.08,Consulting,5,32,18
NexusHealth,33,1014960,7.52,Hospitality,1,65,33
SummitWorks,4,2421590,11.75,Media,1,60,98
ZenTravel,19,2283368,7.39,Energy,2,-42,38
ZenCore,14,2956666,13.75,Hospitality,5,-82,95
ApexMedia,12,922028,19.35,Energy,5,-91,68
OrbitWorks,22,2805779,6.74,Energy,1,56,77
PioneerHealth,25,3970958,1.36,Consulting,5,22,11
PioneerTech,19,3617047,8.64,Healthcare,1,63,4
ApexZone,20,4221756,14.46,IT,3,-75,48
NexusMedia,24,2711590,6.48,Manufacturing,5,-74,67
HorizonDigital,21,73561,0.47,Manufacturing,2,-79,91
VelocityDigital,31,2054672,19.75,Ecommerce,4,60,92
NovaNet,36,2939161,1.47,Media,5,-29,53
ApexHub,27,2059996,19.9,IT,1,85,19
EverestDigital,26,1047697,5.15,Healthcare,3,-35,88
FusionTravel,15,2390424,9.79,Manufacturing,4,-58,30
PulseLogics,31,3362312,14.46,IT,2,-10,84
VertexLabs,14,4757963,4.81,Hospitality,1,-66,56
PioneerGlobal,21,910165,6.73,Retail,2,84,87
VelocityGlobal,17,3139337,17.35,Retail,3,-44,51
NexusEnergy,27,1684887,15.89,Ecommerce,4,77,73
AuroraLogics,3,3830315,11.91,Retail,2,-72,93
VertexWorks,2,1436999,2.34,Energy,5,73,85
NimbusHub,13,2074769,9.16,Media,4,88,13
VertexTech,39,3690968,14.95,IT,3,29,17
VelocityPoint,30,2444113,14.95,Hospitality,4,49,40
BeaconLink,16,728512,17.72,Manufacturing,4,-33,48
NimbusSystems,14,1547485,8.23,Fintech,1,83,62
RadiantZone,5,2944672,1.27,Logistics,4,-25,13
PulseWorks,23,3138108,13.75,Fintech,5,-13,94
FusionLogics,29,1415746,2.13,Healthcare,3,-94,82
HorizonLink,39,695959,0.41,IT,2,-61,9
PrimeLabs,7,3718241,16.93,Consulting,4,24,13
OrbitEdge,39,4464087,1.46,Fintech,5,78,36
OrbitMedia,40,4775032,17.07,Fintech,2,-22,21
BeaconTech,15,1724165,8.01,Manufacturing,2,76,45
PrimeFoods,31,1694712,10.39,Energy,2,97,20
SummitLabs,23,2253556,17.79,Hospitality,1,-71,5
NimbusDigital,26,353075,10.93,Healthcare,4,-16,92
OrbitLink,5,459747,8.58,Retail,5,20,8
AuroraLogics,21,1516699,18.64,Food,1,-51,68
RadiantTech,10,3058715,12.15,Media,3,-45,79
NimbusFoods,13,245049,12.11,Manufacturing,3,-56,40
NovaPoint,32,2696314,2.01,Telecom,2,-97,47
EverestLogics,32,746340,3.72,Energy,2,98,24
BeaconSystems,21,3315092,8.15,Education,4,6,38
HorizonFoods,14,3314908,19.63,Food,5,-34,63
QuantumEnergy,19,2093810,11.51,Hospitality,3,97,60
EverestLogics,13,1546489,6.22,Ecommerce,4,-74,47
NovaLogics,10,4616345,11.95,Retail,1,-12,87
AtlasGlobal,14,4430699,11.52,Education,1,20,63
HorizonRetail,24,3377169,7.95,Consulting,5,-13,82
PrimeHealth,24,4122901,11.95,Fintech,1,-100,97
RadiantCore,22,1480984,18.98,IT,2,-64,51
PioneerZone,34,4871538,12.29,Logistics,3,64,74
ZenRetail,37,3351249,16.57,Healthcare,4,-63,85
QuantumHub,10,1707539,3.75,IT,1,-2,41
VelocityWorks,15,4950850,6.61,Energy,3,-52,78
FusionHub,7,4539394,3.59,IT,5,45,96
SummitZone,6,1803369,16.08,Education,1,57,0
EverestTech,30,1507619,10.78,Media,3,80,65
EverestDigital,31,2367161,16.12,Food,2,-35,66
AuroraGlobal,12,1572906,19.72,Healthcare,1,-70,46
ZenFoods,28,810986,4.32,IT,4,63,93
SummitHub,18,916779,7.46,Media,4,-52,46
AuroraWorks,11,3231194,18.81,Manufacturing,5,-42,63
FusionLabs,16,2448407,16.45,Manufacturing,5,95,98
OrbitSystems,6,2049056,12.03,Hospitality,2,-72,12
NovaCore,23,2088968,15.3,Retail,1,86,47
OrbitFoods,33,4030222,8.92,Food,5,-36,95
NexusHealth,5,266148,11.07,Hospitality,1,49,84
RadiantPoint,23,4319205,6.47,Tourism,1,9,25
BeaconNet,20,1697367,8.35,Food,1,-25,78
QuantumDigital,21,45869,4.42,Education,2,-79,7
QuantumGlobal,20,4661053,16.47,Education,3,45,71
PioneerSystems,18,856004,0.49,Ecommerce,4,53,42
RadiantLogics,23,2857696,0.98,Healthcare,4,77,4
EverestTravel,6,301223,2.1,Education,1,13,61
PrimeSystems,14,4966129,8.73,Healthcare,2,82,1
PrimeTravel,4,272928,12.08,Manufacturing,5,68,34
PulseLink,7,4300423,5,Telecom,3,94,98
FusionHub,33,3583292,9.59,Fintech,1,60,77
OrbitDigital,15,3103551,8.53,Healthcare,5,51,37
VertexCore,16,2431993,9.19,Manufacturing,5,81,27
VelocityEdge,26,847451,4.17,Healthcare,2,47,36
ZenEdge,32,172739,15.75,IT,4,38,65
NovaHub,11,1115043,18.13,Fintech,4,-45,36
AtlasTech,12,3731337,19.02,Consulting,5,-21,68
PioneerMedia,23,3072740,3.54,Logistics,2,49,21
PrimeLink,16,3518751,6.03,Tourism,3,40,3
EverestLink,32,2949038,1.55,IT,1,-9,22
PrimeHealth,20,4214856,19.67,Energy,3,-78,67
PioneerRetail,28,2618626,11.78,Manufacturing,3,86,42
PioneerHealth,19,3998727,10.58,Fintech,3,-89,92
BeaconCore,26,996663,1.34,Media,1,11,79
HorizonHub,5,4719586,17.7,Manufacturing,1,6,58
VelocityHealth,17,1706416,18.2,Media,5,7,48
PioneerDigital,31,4907909,7.12,Telecom,4,-57,76
ZenSystems,29,674939,11.69,Healthcare,5,35,19
BeaconTech,16,1236742,17.82,Hospitality,1,-93,4
FusionFoods,35,1695408,3.98,Tourism,2,-47,30
FusionLabs,28,517078,16.36,IT,2,-34,79
AuroraTravel,28,1453871,14.33,Logistics,5,88,27
QuantumCore,5,3352880,12.35,Retail,5,-28,99
NovaGlobal,2,3540562,14.37,Manufacturing,2,-82,29
VertexLink,35,1157693,11.95,Tourism,5,29,25
PulseSystems,3,3945699,16.64,Consulting,3,28,4
NexusHub,16,587865,5.48,Food,3,98,46
NimbusNet,30,2065641,10.73,Retail,5,-33,32
PrimeEnergy,34,4839734,9.88,Ecommerce,3,68,79
BeaconEnergy,30,1835898,12.77,Food,3,-57,10
PrimeEdge,35,4446781,14.11,Logistics,1,9,35
NexusWorks,27,3036093,3.87,Ecommerce,2,-10,8
ZenNet,39,638178,11.52,Logistics,2,12,93
NexusRetail,37,2643642,14.17,Fintech,1,10,2
NimbusLabs,34,4046188,7.16,Hospitality,2,90,76
FusionDigital,34,16616,3.78,Telecom,1,38,0
VertexNet,18,3659601,9.11,Energy,3,-7,83
NovaDigital,9,4887159,2.78,IT,3,-31,69
OrbitRetail,5,2726457,6.51,Energy,5,-98,93
SummitWorks,30,2785891,1.56,Telecom,3,8,95
SummitEdge,6,889981,14.99,Telecom,5,-88,95
AtlasSystems,8,503994,11.55,Ecommerce,2,-58,96
ZenGlobal,26,4431004,1.03,Food,1,-49,32
PulseRetail,13,4900277,11.74,Food,5,12,52
AuroraLogics,19,4386303,5.34,Education,3,72,85
PioneerPoint,30,1810024,6.42,Manufacturing,3,-99,37
AuroraTech,12,3261112,17.03,Logistics,3,-96,45
FusionWorks,28,351691,3.79,Food,4,-29,81
QuantumZone,15,2262365,19.4,Telecom,1,-46,30
OrbitFoods,22,731091,8.67,Ecommerce,3,-100,74
AuroraEnergy,30,3519673,13.07,Fintech,5,-53,54
NovaLogics,25,3712683,6.39,Food,1,85,8
SummitWorks,3,2809125,1.95,Hospitality,4,-80,96
HorizonDigital,21,294997,4.26,IT,3,-57,33
NovaMedia,1,3034084,2.54,Logistics,3,-35,99
HorizonLogics,3,424143,2.38,Tourism,4,92,69
QuantumEdge,34,2661735,7.37,Media,3,-5,99
FusionPoint,16,2598033,7.62,Retail,5,-51,80
NexusLink,14,420609,0.76,Consulting,4,-41,70
SummitRetail,9,377178,19.92,Telecom,1,-3,55
BeaconEnergy,28,4436790,9.51,Energy,1,-93,21
NovaFoods,11,3081737,10.33,Ecommerce,5,91,30
NexusTech,35,3621036,14.15,Logistics,4,-83,44
NovaPoint,19,4011926,3.62,IT,4,-2,12
PioneerLabs,10,3758210,18.64,Manufacturing,3,-74,7
PrimeGlobal,37,129634,16.21,Telecom,1,-28,8
PrimeEnergy,30,4610648,6.57,IT,5,-3,78
AuroraNet,16,33795,12.96,Telecom,3,89,51
VelocityNet,14,2650729,17.43,Hospitality,5,-37,57
PioneerHub,4,4837471,1.96,Hospitality,2,77,17
AuroraHub,22,3497547,17.5,Food,5,26,10
OrbitMedia,24,1709834,14.19,Education,4,-16,84
VelocityLink,16,3558154,5.4,Retail,2,-94,19
QuantumMedia,30,1672393,0.83,Tourism,4,-22,87
EverestZone,29,1104206,0.36,Telecom,3,-25,83
NexusTech,8,2382625,11.27,Tourism,1,-22,85
ZenEnergy,35,2121868,8.46,Manufacturing,2,67,6
AuroraLogics,29,2746846,0.77,Hospitality,4,90,58
VelocitySystems,18,433007,12.32,Logistics,5,-56,88
NovaHealth,19,3115275,9.74,Ecommerce,1,41,2
ApexMedia,16,2653403,5.93,Media,2,69,18
NexusPoint,21,3010966,6.22,Hospitality,2,9,79
NovaPoint,17,1463012,16.06,Education,3,-89,64
SummitNet,30,2301694,14.72,Retail,2,95,77
OrbitEnergy,13,586813,13.42,Energy,2,-93,99
QuantumZone,29,1478266,10.96,Hospitality,3,4,43
PrimePoint,39,1035007,12.58,IT,3,55,37
AuroraCore,11,4065703,15.64,Telecom,2,-79,3
PulseEdge,3,332445,7.99,Education,2,-62,27
RadiantFoods,19,4253090,0.15,Telecom,4,-13,85
NexusTravel,37,2757270,11.68,IT,4,-69,71
SummitHub,2,16488,14.5,Consulting,4,12,54
VelocityCore,15,3751314,16.37,Telecom,5,-1,71
VelocityNet,22,885187,18.11,Healthcare,4,-36,37
AtlasMedia,24,3576388,11.77,Healthcare,5,46,21
PioneerTech,8,4134432,16.01,Food,5,9,86
VertexFoods,1,2017341,8.43,Manufacturing,4,-3,39
BeaconNet,29,1405192,8.67,Energy,3,-77,85
PrimeHealth,16,245001,19.8,Retail,1,-20,15
VertexHealth,37,4468665,15.86,Food,1,8,60
NimbusRetail,23,856107,12.66,Energy,4,22,90
AuroraMedia,17,728052,11.85,Energy,3,45,27
NimbusFoods,3,1678936,0.25,Retail,1,4,41
SummitHub,36,3065446,19.77,Healthcare,4,11,88
AtlasTech,35,2167974,10.95,Retail,3,31,86
HorizonWorks,26,119143,16.01,Tourism,2,-20,87
BeaconTravel,12,1825718,14.78,Energy,2,-48,81
ApexGlobal,5,537459,4.18,Fintech,1,-32,59
AtlasPoint,33,1525709,13.92,Education,4,-51,48
NexusRetail,19,99224,11.72,Hospitality,4,54,48
FusionEnergy,2,3260008,12.75,IT,5,86,45
VelocityRetail,32,1171216,16.35,Healthcare,1,-70,40
VelocityTech,19,826991,17.06,Healthcare,1,-80,95
PrimeLabs,27,1473356,0.29,Telecom,1,-92,60
HorizonFoods,6,1715220,6.07,Tourism,5,66,84
AuroraPoint,32,2678638,1.32,Media,1,31,18
AtlasGlobal,35,2448191,6.96,Healthcare,1,-72,49
FusionEnergy,23,4112213,9.04,Education,3,61,98
PioneerPoint,23,3381585,19.45,Fintech,4,57,41
HorizonDigital,36,1823812,12.79,Energy,1,76,76
HorizonFoods,6,2663734,16.32,Hospitality,4,-47,25
SummitNet,4,877283,10.82,Fintech,3,-39,39
NexusCore,12,1102937,6.47,Manufacturing,5,12,63
RadiantRetail,31,2004087,15.92,Education,5,73,30
EverestTech,35,1406306,16.88,Education,5,51,28
EverestTravel,9,4883768,15.53,Logistics,5,-80,31
PrimeLabs,6,513136,1.14,Logistics,3,-30,58
ZenLogics,7,3276129,1.93,Manufacturing,1,97,46
VelocityPoint,32,4400730,13.33,Hospitality,1,-30,56
HorizonHealth,36,3474954,13.89,Logistics,2,90,37
QuantumMedia,6,1255977,7.61,Fintech,1,-45,98
QuantumLink,13,1336210,19.92,Telecom,5,19,32
PioneerCore,31,3040218,4.57,Ecommerce,2,86,75
QuantumWorks,14,3896896,9.59,IT,5,33,17
EverestEnergy,26,4062317,6.17,Media,2,-71,75
AtlasEnergy,12,2522649,5.97,Education,1,15,59
NexusTravel,7,2062162,8.6,Telecom,5,-12,45
PrimeNet,7,335736,15.77,IT,1,-69,40
EverestTech,24,2201153,14.18,Media,1,-4,7
BeaconHealth,4,2678537,9.84,Logistics,2,28,37
VertexTech,25,2363830,6.02,Logistics,5,15,13
AuroraGlobal,30,4541305,0.64,Logistics,2,-76,76
HorizonGlobal,30,4206924,8.35,IT,1,-27,10
EverestLogics,33,1631845,8.34,Healthcare,5,6,91
ZenFoods,10,3012387,6.75,Media,1,51,27
NovaLink,33,4685955,1.78,Telecom,3,59,81
ZenRetail,9,2785323,4.06,Hospitality,5,76,82
VertexLabs,10,3645287,0.83,Ecommerce,5,92,96
OrbitFoods,11,104987,5.8,Food,2,94,92
HorizonHealth,15,3767463,1.24,Healthcare,1,-44,57
PrimeFoods,3,4460039,13.18,Fintech,4,-77,98
ApexCore,7,953065,2.12,Retail,3,31,40
PioneerRetail,22,185822,8.9,Consulting,4,-72,21
EverestLabs,12,2514192,10.36,IT,2,-7,41
OrbitCore,38,1989437,7.04,Manufacturing,1,-73,83
ApexNet,21,3873513,14.39,Hospitality,2,-48,72
VelocityHub,30,4256054,17.28,Telecom,5,27,49
PulseEdge,26,2387908,7.39,Energy,5,94,44
VelocityLogics,21,3692343,0.42,Fintech,4,-89,90
HorizonLink,32,4138763,2.47,Media,4,-94,39
HorizonLink,20,2653763,17.03,Consulting,2,78,6
QuantumWorks,30,1208340,13.99,Food,5,47,17
SummitGlobal,2,3883880,16.3,Fintech,3,-59,79
ApexSystems,16,1831587,14.05,Energy,1,27,42
AuroraLogics,26,718881,2.86,Consulting,2,-22,58
PulseTravel,4,4052067,15.78,Hospitality,2,63,17
PrimeLabs,30,1835177,0.93,Healthcare,4,13,42
VelocityFoods,24,351078,5,Manufacturing,2,-6,31
AtlasNet,37,4712269,9.1,Media,3,-97,9
RadiantEdge,40,786900,5.91,Manufacturing,4,-24,43
BeaconGlobal,21,4724907,17.47,Manufacturing,3,20,32
PrimePoint,29,4737514,10.97,Food,1,-27,1
VelocityCore,20,440650,15.56,Energy,2,90,7
NexusDigital,26,1507041,4.68,Ecommerce,2,74,26
AuroraRetail,5,2637034,15.31,Logistics,2,64,3
QuantumGlobal,20,3484207,19.74,Healthcare,4,-42,52
NimbusZone,11,2903668,18.23,Tourism,4,96,90
OrbitDigital,34,935378,15.79,Manufacturing,5,-28,16
OrbitLink,29,861637,10.3,Manufacturing,2,-58,34
BeaconRetail,24,702932,6.72,Ecommerce,1,-9,82
PrimeCore,21,3010262,19.36,Retail,2,-14,53
EverestEnergy,11,48638,4.05,Retail,3,-40,47
PulseCore,27,1153063,3.95,Healthcare,4,-17,4
NimbusDigital,17,203204,6.38,Telecom,5,-49,75
HorizonWorks,3,2938542,16.24,Telecom,5,90,43
NexusFoods,25,3824476,12.06,IT,5,-52,37
EverestCore,34,4405602,18.64,IT,2,89,52
PulseZone,10,3588184,15.04,Education,5,98,61
ApexFoods,35,1006027,10.79,Logistics,5,48,91
ApexLink,16,1599714,0.85,Energy,5,-26,12
NovaTravel,7,4042500,5.39,Hospitality,3,-21,61
ZenLabs,34,4065551,15.46,Hospitality,2,-24,61
FusionLabs,28,1732530,12.99,Food,5,-22,60
QuantumHub,39,1843496,7.02,Retail,4,-6,54
VertexPoint,16,1584225,18.05,Telecom,5,29,63
RadiantWorks,35,2113869,10.26,IT,4,-93,84
NovaDigital,6,3703019,19.83,IT,5,80,75
BeaconTech,23,1495858,16.01,Consulting,1,-61,74
EverestRetail,8,2038669,18.72,Manufacturing,2,-51,28
ApexWorks,6,4167046,10.72,Healthcare,4,86,61
ApexEdge,8,135439,14.7,Retail,4,-78,96
NimbusPoint,26,3483272,13.62,Ecommerce,1,-32,62
PioneerTech,12,4123021,19.82,Healthcare,1,-25,8
PrimeFoods,31,4394806,14.22,Tourism,2,44,27
QuantumMedia,38,1458486,17.21,Media,4,58,49
HorizonTech,34,538594,3.84,Hospitality,2,-58,76
NimbusEdge,5,2092647,14.01,IT,1,-92,41
RadiantLink,26,3589123,4.95,Fintech,4,-64,8
QuantumCore,32,3452547,7.41,Hospitality,1,75,8
NexusWorks,35,2992087,16.72,Food,5,77,31
NovaNet,39,1374151,6.68,Food,1,50,31
HorizonWorks,36,1317393,3.22,Manufacturing,1,88,47
AuroraLink,18,3792621,11.69,Hospitality,2,-72,7
BeaconZone,14,1553707,15.33,Tourism,2,-56,18
PulseCore,28,4540458,16.47,Tourism,3,-73,89
NovaTravel,24,1325037,6.95,Education,2,-27,57
PulseHealth,2,2878845,3.53,Energy,2,13,65
VelocityLink,5,103453,12.49,IT,4,87,50
ZenLabs,24,2982784,3.44,Telecom,4,12,19
VelocityDigital,30,917569,3.74,Manufacturing,5,7,20
QuantumLink,32,2072202,9.9,Education,5,-51,69
ApexLabs,36,1089154,15.03,Education,2,12,88
AuroraEnergy,34,4996613,2.15,Education,3,-29,45
EverestDigital,3,381058,19.97,Manufacturing,3,-20,6
SummitEdge,6,2506070,1.23,Ecommerce,1,-34,71
NimbusZone,24,1763718,1.53,Consulting,1,82,75
RadiantLabs,35,4617619,15.98,Hospitality,4,72,11
ZenEnergy,26,4420728,17.73,Retail,5,-65,35
EverestSystems,39,20849,16.85,Manufacturing,2,-77,87
ZenLogics,1,2746277,19.82,Telecom,5,-9,48
PulseDigital,17,3364471,9.69,Hospitality,2,72,84
PulseHub,17,2779523,6.33,Hospitality,2,-54,68
RadiantTech,22,3809499,7.64,Telecom,4,96,56
QuantumRetail,27,2612310,3.25,Manufacturing,2,-38,65
BeaconCore,26,4468624,15.77,Energy,4,-62,4
SummitHub,11,3892844,14.49,Healthcare,5,-47,84
ApexHub,5,3959930,8.17,Fintech,3,86,36
VertexFoods,31,21327,4.08,Logistics,1,-67,48
OrbitSystems,5,2587753,18.9,Tourism,1,-86,58
NimbusHub,22,2505063,2.24,Consulting,4,28,98
EverestHub,24,1880080,11.39,Tourism,3,-32,1
HorizonZone,34,4357098,0.77,Telecom,2,35,53
PioneerNet,32,1209883,3.39,Consulting,1,-68,83
PioneerEdge,31,4955288,3.74,Hospitality,1,37,36
OrbitLabs,37,4091639,16.02,Education,5,26,75
VertexFoods,2,4633869,13.14,IT,3,53,99
QuantumHealth,14,614488,6.08,Retail,5,81,3
AtlasHealth,23,3817227,4.94,Logistics,1,68,6
RadiantLink,39,2186958,11.24,Healthcare,2,86,93
PrimeSystems,26,4935204,10.65,Energy,1,-93,47
FusionMedia,3,929428,14.52,Ecommerce,5,50,19
RadiantFoods,7,3058867,12.01,Healthcare,4,-37,53
BeaconFoods,37,3908396,2.68,Retail,5,-63,67
PrimeEdge,10,3127451,4.81,Tourism,3,-77,12
QuantumEdge,18,1872167,17.76,Logistics,3,-14,34
NexusLabs,10,4612908,5.21,Telecom,3,98,84
VelocityHealth,15,2181738,14.72,Retail,4,-19,69
NovaNet,28,4203137,18.47,IT,2,85,30
OrbitTravel,29,920981,14.1,Food,1,63,83
AuroraHealth,5,939196,17.77,Healthcare,4,74,69
VelocityZone,15,1545751,11.15,Media,2,-97,18
VelocityWorks,32,3965884,2.97,Energy,5,80,96
PulseEnergy,13,4031325,5.13,Manufacturing,2,17,6
BeaconWorks,29,3157425,3.59,Media,5,-86,77
NimbusHealth,7,2559463,3.38,Healthcare,1,34,49
ApexSystems,21,3134919,8.82,Food,5,-82,36
NovaCore,38,3496894,1.03,Telecom,4,0,22
FusionLabs,32,361278,10.89,Consulting,4,8,50
QuantumGlobal,34,3207603,17.08,Logistics,1,84,61
EverestLogics,1,1078312,9.03,Healthcare,1,67,28
QuantumGlobal,15,4601523,1.79,Telecom,3,53,66
NimbusEdge,16,2495578,18.69,Tourism,1,77,32
AtlasRetail,15,3955588,12.2,IT,5,-13,46
OrbitLabs,32,4150037,15.63,Telecom,5,-34,96
HorizonLink,18,249093,3.72,IT,3,-46,34
ApexSystems,35,4889590,7.29,Energy,5,0,9
OrbitHub,1,3273669,6.49,Education,2,-35,38
ApexGlobal,26,4242882,13.59,Consulting,4,37,60
ApexHub,38,1425693,2.48,Hospitality,5,34,39
PulseCore,33,3047904,13.25,Telecom,4,100,13
NexusCore,39,2308477,19.66,Food,4,51,14
VertexLabs,6,2520127,1.23,IT,4,7,84
ZenZone,3,31073,2.3,IT,1,89,61
EverestGlobal,32,4789585,5.24,Education,3,96,70
SummitCore,15,1395976,5.94,Ecommerce,4,-17,18
FusionTech,36,660184,11.1,Retail,4,19,13
NexusHub,29,2648002,11.29,Fintech,2,41,54
PulseEdge,8,1479349,9.86,Fintech,3,-54,78
PrimePoint,40,2109881,7.65,Energy,1,-60,72
FusionPoint,16,1877076,4.45,Consulting,2,9,57
HorizonHealth,40,4084027,5.12,Consulting,1,-23,68
VelocityFoods,21,1189644,7.07,IT,1,-68,51
EverestTech,27,591691,16.83,Hospitality,2,67,90
PioneerDigital,36,734784,3.83,Hospitality,1,30,61
QuantumRetail,8,2208085,12.49,Telecom,1,33,63
NovaTech,30,379829,19.66,Energy,5,3,27
PioneerWorks,30,2524165,9.72,Healthcare,3,72,47
ZenEnergy,21,2510152,1.68,Food,1,-83,69
NexusDigital,14,3188981,15.18,Hospitality,1,-47,8
NexusMedia,7,1058443,0.89,Consulting,3,-71,74
VelocityLink,16,1786436,10.51,Hospitality,1,61,45
NimbusSystems,15,165858,16.94,Telecom,3,-52,99
EverestLabs,16,1530900,14.92,Tourism,2,23,65
PulseDigital,26,945797,2.62,Education,3,99,30
ApexSystems,37,4171343,6.8,Telecom,5,32,16
NovaPoint,16,1922118,13.79,Tourism,1,-71,39
OrbitPoint,20,827385,0.37,IT,3,71,38
NovaRetail,10,658357,1.19,Food,4,25,58
QuantumLogics,5,4157846,3.88,Ecommerce,3,-51,33
FusionNet,11,2696130,14.17,Hospitality,4,-5,47
FusionRetail,21,1734858,3.36,Telecom,4,-13,17
ZenEdge,7,2610011,1.69,Logistics,5,-73,10
SummitHub,25,4561910,10.47,Ecommerce,1,73,100
AuroraEnergy,29,270568,4.53,Education,2,-40,32
AuroraHub,37,1546545,6.94,IT,3,14,30
OrbitZone,22,2669593,19.67,Energy,1,33,74
VelocityEdge,7,3309272,12.22,Fintech,3,12,83
PulseMedia,5,1075989,12.39,Food,4,-3,94
NovaMedia,21,3884168,14.39,Telecom,1,-33,27
PioneerLogics,38,1037609,3.76,Tourism,4,79,73
VelocityLink,25,4456375,12.06,Manufacturing,2,-68,78
AtlasTech,31,43728,0.73,Food,3,57,85
PulseNet,38,201368,12.46,Logistics,2,-22,94
PioneerSystems,21,842641,16.15,Manufacturing,5,-85,1
OrbitLogics,13,4287396,11.25,IT,1,44,36
NexusWorks,24,2097208,1.79,Media,2,65,44
ApexHub,19,2603073,14.44,Manufacturing,5,-100,15
SummitNet,35,2522015,18.32,Telecom,3,72,16
NexusSystems,10,3223940,5.33,Ecommerce,3,-28,77
PrimeLink,23,2800600,15.57,Healthcare,5,41,84
FusionLabs,18,4079994,1.83,Fintech,5,88,62
QuantumTech,22,3292624,19.4,Tourism,5,66,69
VelocityTech,2,3034801,5.83,IT,2,-82,65
ZenLabs,15,4177541,6.83,Hospitality,5,86,49
PulseGlobal,29,362120,4.17,Hospitality,2,6,97
AuroraNet,17,2199979,19.11,Consulting,3,-61,45
NovaEnergy,39,1155222,17.99,Ecommerce,1,-46,90
HorizonHub,32,4758348,14,Retail,2,1,81
PulseGlobal,35,169309,13.02,Telecom,2,84,56
AtlasFoods,4,4851681,2.21,Ecommerce,3,-15,42
NimbusCore,7,933142,19.24,Logistics,1,91,59
EverestHub,15,1153222,13.95,Hospitality,4,49,77
FusionLogics,35,137276,0.38,Logistics,2,100,90
ZenGlobal,4,2605229,11.71,Logistics,4,-37,17
RadiantTech,40,1116741,8.82,Manufacturing,1,70,50
HorizonCore,17,920447,4.56,Education,3,47,32
ApexLogics,5,3206596,17.98,Healthcare,4,-21,10
EverestTravel,25,1171557,8.19,Hospitality,3,-59,55
AtlasSystems,1,992091,6.68,Hospitality,5,13,26
PrimeHealth,31,1820766,10.32,Food,4,35,28
OrbitCore,30,2854294,10.11,Media,4,55,79
ApexGlobal,31,2751388,12.76,Logistics,3,-1,51
RadiantLabs,4,1837602,11.72,IT,3,64,89
EverestGlobal,34,1834918,11.15,Energy,3,76,82
VelocityEnergy,8,4852368,9.81,Logistics,4,88,14
FusionTravel,20,412966,4.05,Healthcare,2,-13,35
NimbusHealth,35,192839,18.5,Food,3,100,77
RadiantDigital,34,2033194,8.81,Hospitality,5,78,94
FusionNet,32,2140448,13.25,Retail,1,15,43
PrimeDigital,9,3555776,11.12,Retail,3,-74,45
SummitZone,30,3977775,10.07,Education,3,-58,76
PioneerMedia,29,2145088,3.33,Retail,2,17,61
QuantumFoods,23,3864664,18.09,IT,5,8,74
PulseTravel,36,2950981,9.35,Ecommerce,2,13,43
HorizonCore,29,4769040,10.87,Consulting,3,-80,56
OrbitLink,29,1838739,14.6,Telecom,4,-84,20
SummitLabs,13,3073440,10.21,Logistics,4,-56,59
OrbitHub,32,2354395,11.31,Fintech,2,-15,49
OrbitLogics,17,2180556,1,Manufacturing,3,-39,2
OrbitEdge,3,3789889,11.96,Fintech,5,6,61
RadiantZone,9,1084438,6.43,Retail,4,-52,61
VelocityGlobal,14,4965734,15.9,Food,4,-7,20
NovaLabs,1,490132,7.55,Telecom,3,-20,68
PrimeNet,31,2918005,0.67,Healthcare,2,94,48
BeaconEnergy,14,990677,4.69,Logistics,3,-19,59
QuantumHub,35,1873982,6.62,Telecom,3,-67,73
HorizonEdge,31,1434933,16.33,Food,2,86,21
SummitNet,32,1534552,3,Education,1,72,49
NovaLogics,10,391026,1.89,Food,1,-42,14
AuroraLink,4,1296059,17.7,Energy,5,51,32
NimbusLogics,11,2274661,8.07,Consulting,1,41,76
FusionMedia,32,2366776,0.29,Food,4,-10,20
QuantumPoint,40,1703363,2.33,Education,5,1,30
ZenLabs,19,2122215,19.84,Ecommerce,5,4,39
QuantumLogics,40,2405284,10.27,Healthcare,5,99,86
NovaGlobal,2,3784297,14.16,Fintech,2,89,48
QuantumEdge,28,2765517,1.44,Consulting,5,75,88
PulseTech,39,1445756,18.33,Education,3,78,41
ZenLink,27,2680101,14.04,IT,1,-52,83
VertexCore,31,2242507,4.94,Fintech,3,-79,12
HorizonDigital,37,3305420,13.51,Logistics,1,-37,18
FusionLabs,9,2673786,3.14,Ecommerce,4,79,36
NovaHub,11,4228842,7.24,Media,5,-60,45
VertexLabs,31,3119867,9.37,Education,4,-40,26
ApexSystems,10,3001975,0.15,Ecommerce,5,72,3
FusionGlobal,15,2931658,14.91,Logistics,2,-85,6
AuroraLabs,34,229788,12.7,Fintech,3,1,25
QuantumZone,11,442606,14.54,Telecom,4,-7,30
FusionSystems,25,4692878,3.8,Hospitality,4,-52,66
QuantumTravel,16,2612616,3.04,Food,4,62,6
AuroraEdge,22,1182168,0.31,Fintech,3,-16,29
VelocityHub,31,1316966,16.54,Energy,3,92,67
PioneerMedia,37,364443,3.21,Telecom,1,-13,61
VelocityLink,2,707553,12.88,Ecommerce,2,-30,64
NovaHealth,17,2047152,19.05,IT,5,-13,85
AtlasCore,20,4803261,3.06,Fintech,5,27,27
NexusEdge,28,4859520,18.31,Consulting,1,50,88
RadiantPoint,13,4447106,14.61,Logistics,4,32,38
NexusWorks,27,1973366,5.64,Media,5,100,39
NexusLogics,29,915977,18.14,Ecommerce,2,-98,61
HorizonZone,33,1477011,16.95,Healthcare,3,-78,44
OrbitEdge,15,3934272,7.06,Consulting,4,45,49
VertexEdge,35,4671801,19.27,Retail,2,38,86
NimbusGlobal,14,2303522,10.11,Food,1,-14,49
QuantumTravel,14,3402028,4.64,Telecom,4,55,87
VertexMedia,15,3984243,12.02,Fintech,3,-10,100
VelocityEdge,31,527153,2.05,Education,2,-20,95
SummitNet,40,1033000,2.87,Education,3,15,46
PrimeEdge,21,3485718,1.47,Education,3,76,55
NexusTech,1,2401172,1.21,Education,2,-46,46
VelocitySystems,26,4716529,19.22,Ecommerce,3,31,76
HorizonWorks,12,1934961,9.11,Telecom,5,37,83
VertexHub,32,192172,2.83,Healthcare,3,30,57
AuroraNet,10,2121863,15.48,Healthcare,1,21,15
VertexZone,38,2897710,3.98,IT,5,-47,38
NovaEnergy,29,867368,12.14,Media,5,17,54
NovaTech,11,1263051,1.98,Healthcare,2,-18,79
ApexSystems,1,4259940,18.47,Healthcare,5,35,76
OrbitSystems,9,344578,6.77,Ecommerce,4,-11,0
NimbusFoods,29,2592214,4.01,Telecom,3,18,65
QuantumWorks,6,4118192,8.5,Ecommerce,5,-88,47
NimbusTravel,27,1751805,11.8,Food,4,77,13
OrbitLogics,40,2258963,1.5,Energy,5,23,63
AuroraPoint,2,2958445,9.85,Telecom,3,87,27
SummitPoint,5,3130394,15.64,Media,2,-11,28
EverestEdge,11,2957069,0.71,IT,2,-7,21
SummitRetail,3,538327,4.79,Education,2,-29,55
OrbitPoint,31,4429923,17.62,Manufacturing,2,-67,79
ApexPoint,39,628187,8.99,IT,4,17,71
PrimeGlobal,1,3147379,1.84,Consulting,2,-46,18
PulseRetail,36,2545390,5.47,Healthcare,2,-79,3
VelocityPoint,10,3150602,16.03,Education,2,-7,46
HorizonTravel,15,1816586,16.41,Ecommerce,1,69,77
NimbusHub,37,2990878,5.63,Manufacturing,3,72,25
FusionGlobal,8,2800471,11.95,Consulting,2,32,51
RadiantPoint,29,4266912,12.69,Hospitality,4,-55,79
NexusCore,30,4824624,0.65,Tourism,1,65,40
AuroraEdge,5,666358,12.31,Fintech,2,32,42
SummitHub,12,4288622,10.46,Consulting,3,-45,65
PioneerMedia,25,425449,12.81,Media,1,-91,21
NovaLogics,18,590172,8.17,Manufacturing,4,-64,40
SummitEnergy,20,4258757,14.54,Energy,2,-64,51
OrbitEdge,20,2027073,13.13,IT,4,30,1
AuroraZone,3,1907899,9.39,Logistics,2,-32,24
EverestLogics,39,2111343,14.65,Manufacturing,4,-86,93
PrimeLabs,10,2926979,7.49,Tourism,2,7,48
FusionGlobal,24,3697308,4.74,Tourism,2,54,86
PioneerLogics,6,1084888,18.73,Tourism,5,-15,86
RadiantGlobal,27,3106507,17.5,Manufacturing,1,-74,61
HorizonPoint,19,2979713,10.44,Manufacturing,2,-7,65
FusionGlobal,21,3310378,7.72,Media,5,29,14
ZenTech,13,3672785,9.35,Energy,3,71,28
ZenCore,15,3744968,18.87,Telecom,3,89,33
AuroraMedia,40,3397808,15.88,Ecommerce,5,46,87
AuroraZone,19,4624308,2.41,Retail,3,37,8
HorizonMedia,20,4044191,15.8,Hospitality,4,36,94
NimbusTech,8,2551320,3.02,Manufacturing,2,-25,40
EverestWorks,3,601968,3.83,Healthcare,5,37,25
RadiantEnergy,11,2996735,3.36,Healthcare,5,58,45
RadiantEnergy,8,2182255,9.77,Healthcare,2,-62,88
ZenLabs,33,4343674,19.12,Fintech,4,-26,95
VertexCore,30,2979424,13.99,Ecommerce,2,100,19
NovaLabs,11,2343560,16.25,Logistics,1,58,72
RadiantMedia,3,2071564,14.62,Consulting,5,8,22
SummitRetail,19,1128155,1.06,Food,5,95,34
OrbitWorks,33,4656554,18.62,Hospitality,2,68,41
VertexSystems,6,4181939,5,Tourism,4,37,94
RadiantPoint,26,1285856,1.87,Logistics,3,-95,21
PulseSystems,16,997063,17.93,Education,5,77,87
AuroraFoods,33,2661149,4.7,IT,3,-12,74
OrbitTech,10,2179648,5.64,Logistics,5,-50,42
VertexHealth,14,2091600,4.83,Food,3,-29,92
ApexDigital,25,3476295,12.77,Food,5,20,80
ZenSystems,8,2065707,14.63,Logistics,3,41,74
SummitWorks,8,206615,9.9,Logistics,3,76,47
PrimeTech,40,310852,11.15,Food,3,92,69
OrbitGlobal,21,4613846,8.96,Consulting,5,-96,38
VelocityLogics,32,4381391,14.22,Healthcare,4,70,69
HorizonWorks,37,872129,16.11,Hospitality,3,70,90
NexusTravel,33,2874362,6.13,Telecom,1,83,2
NovaCore,9,4484513,1.57,Telecom,4,-32,55
QuantumZone,25,202215,7.51,Food,1,24,70
AtlasWorks,19,2107536,14.38,Education,3,43,95
SummitHub,32,616187,3.9,IT,3,56,38
PioneerTech,24,295082,1.32,Tourism,2,92,18
FusionLink,15,4061746,5.47,IT,2,-39,59
PioneerLogics,7,640431,15.96,Energy,3,-17,63
EverestRetail,15,3905745,4.43,Manufacturing,3,19,54
PioneerTech,20,2837139,9.66,Telecom,5,70,47
ApexHub,40,4684375,18.06,Fintech,4,-80,21
VertexLabs,2,508207,6.87,Logistics,5,-97,83
AtlasLink,24,2171509,4.43,Retail,5,-75,54
NimbusDigital,20,2963222,17.36,Healthcare,2,32,86
AtlasPoint,16,1523940,19.03,Fintech,4,22,69
VertexLabs,38,1016089,5.39,Consulting,1,-53,56
PrimeRetail,35,3808996,10.01,Retail,1,-63,11
VelocityLogics,24,44410,17.11,Telecom,1,-12,33
EverestLabs,14,4061157,12,Fintech,3,6,85
RadiantMedia,39,1293679,17.37,Healthcare,3,-38,99
VelocityTravel,12,1368679,1.71,Retail,4,-95,81
AuroraCore,24,3193567,13.22,Consulting,3,-52,97
OrbitTech,7,1232795,10.15,Energy,4,37,34
PulseDigital,34,1253594,5.74,Tourism,1,-31,37
FusionWorks,11,1985481,5.53,Tourism,3,44,3
OrbitPoint,36,1029978,0.93,Consulting,2,29,38
NexusEdge,3,1643492,8.87,Tourism,3,-45,43
PrimeCore,6,3806017,12.26,Consulting,1,63,61
PulseEnergy,17,1799800,5.02,IT,1,-98,84
AuroraTech,31,3679498,0.14,Food,3,74,29
VelocityGlobal,5,2271295,2.18,Media,3,-42,92
VertexMedia,35,1399489,12.94,Consulting,1,57,44
VertexCore,36,2966132,3.58,Manufacturing,2,-12,28
NovaHealth,27,3250971,3.44,Manufacturing,1,57,40
AtlasGlobal,18,4312795,4.81,Tourism,2,-1,60
ZenTravel,34,4793954,14.51,Retail,3,-35,65
SummitMedia,31,3070623,9.91,Retail,4,19,88
ApexLink,16,4163798,7.67,Tourism,5,-33,68
RadiantWorks,3,3615243,0.35,Hospitality,1,45,72
PrimeZone,14,3076205,16.03,IT,3,92,60
ApexEnergy,11,3760822,15.94,Retail,3,53,76
PrimeEnergy,33,1502317,6.07,Ecommerce,2,79,7
ApexDigital,10,2669842,13.08,Manufacturing,1,-76,72
QuantumZone,1,2248391,14.66,Logistics,5,-63,70
FusionZone,33,1047317,4.71,Education,1,-87,54
ApexGlobal,36,564930,2.22,Education,5,43,65
PioneerLink,21,198807,12.72,Healthcare,3,99,62
ApexTech,27,4397302,18.84,Healthcare,4,-88,41
FusionPoint,35,4570271,18.75,Ecommerce,5,-37,85
NimbusHealth,40,4485565,8.63,Education,3,-3,26
NovaLabs,20,3935294,13.43,IT,5,50,21
PrimeCore,16,1929813,19.91,Tourism,2,-61,59
BeaconLink,24,2730669,16.87,Fintech,4,9,66
QuantumHealth,29,353201,7.53,Healthcare,3,19,40
AuroraSystems,27,1384367,3.8,Logistics,4,53,23
FusionZone,29,4950985,9.44,Logistics,4,-14,36
RadiantEdge,30,576267,2.08,Education,5,13,11
OrbitTravel,6,1544099,5.48,Telecom,4,7,25
ZenFoods,35,1818394,2.42,Retail,3,-26,25
PioneerLogics,4,452685,18.35,Tourism,3,-16,91
BeaconDigital,16,4078519,12.96,Consulting,1,-38,13
RadiantZone,10,457644,18.13,Ecommerce,1,42,99
OrbitZone,9,2717531,13.61,Education,1,-67,56
NimbusEnergy,31,4884728,8.31,Telecom,2,19,78
HorizonGlobal,28,3920825,13.11,Media,2,8,60
SummitWorks,7,1766134,4.32,Fintech,3,88,22
NimbusPoint,40,4009228,6.8,Tourism,5,-56,47
AuroraTech,12,3538780,6.22,Food,3,-12,28
VelocityHub,23,1248054,15.76,Manufacturing,1,-87,66
NexusNet,32,4921117,14.24,Energy,1,39,65
ApexHealth,24,3487964,16.68,Ecommerce,4,43,68
AtlasHealth,4,3734038,6.54,Hospitality,1,80,32
ApexZone,9,222138,14.57,Fintech,3,-48,20
NexusEdge,23,629283,13.38,Tourism,3,9,99
HorizonFoods,9,900914,14.98,Logistics,1,70,88
NimbusSystems,31,3874886,1.15,Fintech,2,2,32
PrimeTravel,34,4730617,0.98,Logistics,2,30,41
BeaconCore,9,2774493,17.04,Manufacturing,1,-35,59
PrimeTravel,29,3259452,10.16,Consulting,2,52,38
QuantumSystems,10,4535717,11.62,Food,4,-17,72
NovaZone,40,2867984,14.95,Hospitality,5,44,80
HorizonSystems,20,4972684,1.45,Healthcare,3,57,1
NimbusNet,15,1609768,14.69,Healthcare,1,-11,8
AtlasDigital,22,2724715,8.02,IT,2,33,74
EverestRetail,37,3203346,0.36,IT,1,-4,78
HorizonCore,36,2706900,11.87,Retail,3,85,52
VelocityZone,29,2581517,18.51,Education,2,-29,100
PrimeWorks,2,3424990,17.12,Healthcare,2,-56,29
NovaCore,9,271113,13.4,Energy,3,32,59
PrimeFoods,26,1534248,4.47,Consulting,2,-39,30
OrbitPoint,17,52000,8.89,Hospitality,1,36,10
PioneerLabs,22,634690,8.11,Ecommerce,3,-75,28
RadiantRetail,24,848003,8.64,Consulting,3,40,42
NovaDigital,19,605212,7.85,Ecommerce,1,95,9
EverestLogics,10,626890,1.41,Telecom,1,-60,37
ZenMedia,10,3505704,18.4,Education,2,-14,24
EverestNet,12,3448001,10.14,Logistics,3,90,49
OrbitLogics,27,52771,11.57,Manufacturing,3,6,64
NexusEnergy,18,4530300,17.24,Ecommerce,2,-62,12
ApexLogics,14,3988531,10.31,Tourism,4,-21,1
AtlasWorks,16,4921811,14.76,IT,2,-69,34
NexusWorks,25,2939955,11.73,Fintech,2,-36,83
ZenLabs,12,1702249,17.7,Healthcare,2,78,41
NimbusDigital,40,2276492,19.98,Telecom,5,-10,22
HorizonDigital,13,4529760,16.42,Tourism,2,88,90
VelocityDigital,33,1489820,19.83,Education,1,5,18
BeaconNet,21,1460127,2.05,Manufacturing,3,-71,0
VertexRetail,40,695164,0.41,Media,5,-82,90
SummitSystems,26,2455750,11.69,Hospitality,5,-62,68
NexusEnergy,39,2617975,6.56,Media,2,-19,44
ZenLogics,14,2825210,12.79,Consulting,3,0,100
SummitFoods,20,1138624,16.8,Telecom,5,98,5
SummitEdge,31,904723,4.35,Consulting,3,45,67
BeaconSystems,3,3164216,1.36,Consulting,3,-48,71
FusionEnergy,11,118359,12.79,IT,4,89,100
EverestWorks,30,579199,18.43,IT,2,54,47
NexusDigital,13,3446186,7.85,Food,4,-32,82
VertexCore,17,1233361,12.9,Telecom,1,38,22
NimbusLink,40,2775595,10.85,Tourism,5,26,27
FusionLogics,14,4887891,11.6,Retail,1,96,95
AtlasLogics,15,1559138,13.58,Telecom,5,-39,73
QuantumLogics,20,792292,9.21,Ecommerce,4,22,32
SummitGlobal,8,4169828,19.76,Healthcare,1,89,88
HorizonRetail,30,3197378,5.09,Fintech,1,-35,63
QuantumLogics,24,1226001,10.69,Retail,4,-7,82
VertexHub,14,912501,6.41,IT,5,11,49
PrimeSystems,18,4267680,1.39,Healthcare,5,-82,1
PioneerFoods,15,3329831,15.98,Tourism,4,-99,95
ZenHub,8,920535,19.39,Telecom,4,-34,26
BeaconCore,26,4680718,13.06,Logistics,3,-65,0
VertexSystems,6,1243754,9.6,Energy,3,31,18
PulseFoods,14,4449469,5.82,Media,1,-54,8
AtlasGlobal,31,3429835,4.45,Tourism,1,43,3
VelocityGlobal,1,2775094,15.73,Energy,3,100,15
PulseFoods,29,886799,3.79,Ecommerce,2,-49,33
HorizonLabs,9,2110904,18.91,Energy,4,73,23
ApexHealth,19,4102026,9.87,Healthcare,3,89,19
OrbitLink,34,832932,6.35,Logistics,5,37,17
QuantumEdge,18,4852506,18.03,Consulting,2,-14,20
ZenLink,3,1584566,11.19,Energy,1,14,1
ZenTech,10,4949014,4.3,Retail,4,-25,51
AtlasEdge,34,1383414,10.74,Logistics,2,-17,11
VelocityPoint,3,4128859,1.55,Healthcare,5,100,83
QuantumTech,9,400867,14.23,Energy,5,85,87
NexusHub,39,684517,14.73,Energy,1,-87,78
FusionTech,29,49425,10.8,Retail,2,-26,28
NovaTech,6,460975,18.15,Tourism,4,60,31
SummitLogics,35,611027,8.86,Ecommerce,3,-41,28
QuantumTravel,21,2719756,12.08,Energy,2,58,1
NexusSystems,27,1365812,5.34,IT,5,55,98
VelocityTech,9,3302505,12.84,Manufacturing,3,52,24
AuroraZone,34,1361175,11.9,Consulting,4,-26,53
SummitTravel,38,2268272,6.41,Telecom,4,33,11
RadiantLink,32,2672359,6.61,Ecommerce,3,61,18
NovaEnergy,24,3008860,8.55,Food,5,93,22
HorizonHub,7,1385862,1.93,Food,4,-63,96
NimbusFoods,7,1273228,8.95,Tourism,2,54,60
ZenHealth,28,3448920,15.01,Hospitality,1,88,51
EverestLabs,26,1326971,16.56,Manufacturing,1,-70,86
ApexCore,32,2209382,0.78,Telecom,1,-1,3
AtlasSystems,2,2835648,18.28,Education,4,72,97
FusionLabs,25,3246603,5.48,Fintech,2,-52,20
AuroraHealth,19,818883,19.76,Energy,4,12,42
PrimeEnergy,20,4800000,12.38,Logistics,1,-13,35
ApexMedia,14,2938174,16.11,Consulting,3,-30,50
ZenTech,31,2915166,3.53,Retail,1,-19,65
NexusTravel,38,1379628,19.71,Healthcare,4,-25,51
NimbusLink,30,556747,13.24,Media,4,-16,47
NexusEnergy,25,2216586,9.09,Fintech,4,-51,6
NimbusHealth,24,725488,14.16,IT,3,-98,17
FusionRetail,28,3390653,3.73,Retail,3,15,76
SummitRetail,18,2164130,7.61,Consulting,1,-95,2
PrimeNet,26,2491155,12.31,Ecommerce,4,-100,35
FusionLink,37,1747807,4.98,Food,2,71,50
FusionMedia,13,4502676,19.6,Telecom,1,42,32
AuroraSystems,11,595512,14.31,Food,1,91,45
RadiantPoint,24,4608807,12.36,Telecom,5,-49,13
BeaconFoods,8,1750328,14.17,Retail,5,-38,98
NimbusEnergy,28,993184,3.83,Media,4,-90,62
AtlasFoods,2,2518009,8.43,Logistics,2,77,71
BeaconSystems,21,2249748,13.71,Healthcare,5,84,46
AtlasCore,19,1662367,14.24,Ecommerce,4,58,92
SummitLogics,11,3352168,8.82,Manufacturing,4,-98,16
EverestHub,31,932338,7.44,Telecom,5,-2,94
RadiantHub,30,3990849,7.04,Ecommerce,4,44,75
ApexLogics,12,68068,8,Logistics,4,19,51
BeaconLogics,8,3101452,17.19,Food,3,-3,91
FusionLink,36,1524517,15.19,Manufacturing,3,-88,7
OrbitHub,15,684207,8.3,IT,5,-58,0
QuantumLogics,31,2603262,9.87,IT,2,49,47
QuantumFoods,39,2978514,5.05,Ecommerce,4,-52,60
VertexTech,15,4451167,19.82,Consulting,5,65,80
QuantumPoint,25,135048,7.26,Food,3,6,13
FusionTech,3,2595397,19.38,Logistics,5,-2,97
RadiantEdge,36,2868709,17.61,Healthcare,5,35,5
OrbitTravel,17,4109365,18.15,IT,1,-82,24
VertexCore,35,4709881,19.85,Manufacturing,3,2,62
ApexRetail,25,1262155,14.8,Logistics,1,48,37
NexusWorks,31,4343492,12.09,Fintech,2,84,50
HorizonLink,13,4245771,19.26,Food,4,-70,17
OrbitHub,37,2767263,5.59,Tourism,4,-73,37
AtlasSystems,32,1511492,19.8,Telecom,4,81,67
SummitHub,23,4840616,16.03,Hospitality,5,-52,59
PrimeWorks,10,1441281,5.55,Ecommerce,1,-33,37
ZenEdge,14,4612575,16.15,Telecom,1,-65,87
PioneerHealth,34,4160152,4.12,Manufacturing,1,44,39
ApexNet,6,1417186,16.32,Hospitality,4,-44,96
ApexPoint,40,904896,6.01,Ecommerce,1,-49,72
VelocityDigital,2,1738621,17.8,Hospitality,5,-19,96
FusionTravel,4,606249,19.31,Telecom,4,38,18
OrbitRetail,28,258733,16.43,Consulting,1,50,13
ZenRetail,9,2828136,7.54,Consulting,5,-65,61
ZenLogics,20,3165212,9.88,IT,1,14,47
AtlasHub,37,3631245,6.42,Retail,1,74,63
NimbusWorks,38,1854528,11.4,Tourism,3,-31,67
NovaWorks,15,2090031,3.24,Healthcare,5,99,33
EverestWorks,27,3923775,9.63,Fintech,1,-51,90
NimbusWorks,33,2369766,1.72,Media,4,-88,22
PioneerSystems,38,3020421,15.69,Energy,2,-44,23
SummitCore,19,3484683,11.59,IT,4,-47,18
ZenRetail,27,4061295,5.95,Food,3,53,17
SummitEdge,28,2661361,15.07,Food,3,-30,24
FusionFoods,19,3178681,11.41,Logistics,4,-65,22
EverestHealth,37,3220240,4.38,Manufacturing,1,-68,72
EverestCore,26,588413,0.7,Logistics,1,40,72
VelocitySystems,8,2476416,6.37,Food,2,-89,24
EverestCore,3,4726290,18.72,Telecom,1,43,73
FusionFoods,27,4920896,10.19,Fintech,1,47,68
NimbusDigital,2,4719887,7.13,Retail,1,94,47
NimbusLogics,38,4714184,1.98,Hospitality,2,39,34
PrimeLink,6,1071526,15.76,Fintech,5,62,53
AtlasRetail,10,3970322,19.54,Fintech,2,-44,53
NovaGlobal,26,4903983,18.97,IT,4,-31,96
SummitZone,15,15147,14.44,Tourism,2,-95,99
AuroraLabs,27,3514108,14.58,IT,1,66,71
PulseRetail,34,2366841,13.26,Energy,1,-58,52
ZenEnergy,1,4855175,6.64,Food,5,-50,73
VertexMedia,14,1814148,2.53,Tourism,1,-49,81
AuroraFoods,6,784711,5.07,Food,1,69,87
FusionEdge,20,1914120,19.98,Media,1,-11,64
BeaconSystems,26,187056,6.18,Logistics,1,-73,39
EverestSystems,5,3065431,1.67,Media,2,-97,85
RadiantLogics,16,295482,1.84,Manufacturing,3,83,40
FusionGlobal,33,2054824,5.27,IT,3,18,70
NexusPoint,20,3092688,17.24,Ecommerce,3,53,35
FusionLogics,28,1664557,7.48,Media,1,-47,92
AuroraZone,10,2096975,16.1,Manufacturing,3,49,27
HorizonLink,26,3713052,14.12,Media,1,53,0
QuantumLabs,6,1387488,15.93,Manufacturing,2,-69,49
NexusDigital,22,919778,12.75,Media,2,79,39
AtlasDigital,17,1972749,1.13,Logistics,4,87,58
FusionHub,35,3868829,1.3,Tourism,4,65,57
EverestLink,37,1967969,8.01,Consulting,5,-87,52
AtlasLink,20,3451357,11.89,Telecom,2,-92,1
NimbusLabs,13,602115,15.52,Manufacturing,1,43,69
ZenWorks,2,1048513,5.97,Healthcare,4,8,42
PioneerEdge,20,2524443,5.34,Logistics,1,-57,58
OrbitHub,35,2302850,5.57,Ecommerce,4,-69,0
BeaconEnergy,29,1176236,5.39,Tourism,4,96,90
HorizonHealth,40,324411,7.57,Food,5,-57,0
PrimeTravel,18,4490192,16.67,Media,1,15,31
VertexCore,31,2944116,7.96,Fintech,3,-43,20
BeaconDigital,19,2717701,0.79,Media,1,-97,29
RadiantDigital,26,1283448,6.46,Consulting,1,-26,9
EverestLink,16,3615918,5.72,Tourism,1,-4,93
EverestLabs,29,4552407,12.13,Logistics,1,54,88
NexusTravel,32,2295181,14.98,IT,4,-82,99
VelocityGlobal,14,2178793,13.68,Consulting,1,17,88
ApexHub,6,4084368,10.84,Telecom,1,-8,92
FusionCore,13,4594038,18.6,Food,2,-76,83
RadiantZone,28,4763062,8.63,Healthcare,1,31,82
ApexLabs,39,4127701,5.75,Consulting,2,-36,15
RadiantHub,31,537688,12.44,Hospitality,4,-69,83
EverestHealth,37,64619,5.7,Ecommerce,3,-79,39
PioneerMedia,7,4326648,19.04,Media,4,61,0
PulseEdge,5,4718581,17.29,Media,4,53,32
OrbitTravel,37,498155,2.19,Telecom,2,22,68
AtlasEdge,18,3130890,0.2,Telecom,2,59,76
BeaconPoint,25,4447647,16.67,Ecommerce,4,100,29
QuantumHub,21,1763544,14.52,Healthcare,3,-55,45
AuroraDigital,37,4345472,17.26,Healthcare,1,16,98
NimbusHealth,8,4292816,9.65,Manufacturing,3,-11,24
ZenPoint,16,4647638,5.35,Fintech,1,-41,46
PioneerLogics,18,4851888,6.66,Tourism,2,-83,96
NovaRetail,9,4566538,18.53,Telecom,2,38,27
PrimeEnergy,36,193867,3.74,Logistics,5,61,50
EverestLabs,5,3679467,12.78,Retail,3,27,42
AuroraHub,6,1921599,11.84,Media,5,-8,72
OrbitEnergy,31,1945571,14.61,Consulting,3,-90,64
AuroraGlobal,25,1945129,16.78,Telecom,1,-27,95
NimbusLink,28,4606312,0.18,Media,4,21,74
PulseSystems,6,1209779,14.5,Logistics,4,-39,94
PioneerFoods,17,272753,0.18,Media,4,-34,90
FusionEdge,25,3362535,16.12,Telecom,1,82,2
NimbusHealth,38,3327217,2.98,Manufacturing,2,66,18
PulseZone,36,2627317,11.43,Tourism,1,3,96
FusionDigital,27,4215363,16.52,Food,1,3,56
PrimeLogics,36,2355629,18.44,Fintech,5,39,45
PrimeNet,11,2385716,19.73,Ecommerce,5,-13,39
FusionMedia,18,538698,11.97,Consulting,2,81,100
PulseCore,18,807453,18.73,Healthcare,4,-25,84
SummitZone,5,1953565,12.85,Fintech,2,-79,12
SummitHub,21,2530314,3.14,Retail,4,35,18
SummitWorks,6,3353099,6.29,Ecommerce,4,-8,40
PulseTravel,34,1417089,17.98,Education,5,97,84
AtlasFoods,24,411676,8.68,Fintech,3,87,95
PulseHealth,16,3544487,5.24,Consulting,1,-90,59
NimbusLogics,36,3235429,0.27,Education,5,96,36
NovaLabs,1,108750,12.26,Media,2,0,17
QuantumHub,18,3790125,4.56,Ecommerce,4,43,66
NexusDigital,3,527253,1.76,Food,4,10,41
NexusFoods,24,4816657,19.69,Education,2,44,28
ApexWorks,12,273179,17.05,Logistics,2,-16,89
VelocityFoods,37,2798057,2.1,Fintech,1,78,91
HorizonPoint,33,4718811,2.53,Retail,5,46,3
AtlasZone,36,1855784,17.53,Fintech,2,-65,99
VelocityTravel,17,110944,16.17,Healthcare,2,-92,62
ZenHealth,35,2800766,1.52,Consulting,1,-47,23
PrimeFoods,34,3691761,18.6,Consulting,2,-29,32
AuroraHealth,7,3353078,15.13,Telecom,4,-89,30
ApexGlobal,7,2490102,6.58,IT,2,-9,40
PioneerFoods,36,246739,8.19,Telecom,2,42,68
BeaconLogics,9,4629477,3.46,Telecom,3,-11,69
PrimeEdge,24,1731787,13.98,Hospitality,5,-32,48
PulseDigital,17,4989399,2.27,Media,3,38,56
VelocityNet,17,4205011,9.59,Food,1,84,25
NovaZone,40,4774533,6.73,Food,5,50,23
SummitSystems,38,3624232,5.33,Logistics,4,-20,33
PioneerCore,34,2940734,3.16,Logistics,5,52,17
QuantumMedia,4,4708035,4.36,Retail,1,0,98
EverestHealth,7,4974050,2.32,Tourism,5,58,81
PulseLogics,4,3674947,20,Food,3,-88,39
RadiantTech,35,3838907,2.84,Food,1,20,48
RadiantLink,32,1660904,5.4,Healthcare,3,-5,77
SummitEdge,36,3683267,12.96,Retail,2,37,93
RadiantMedia,4,4772114,11.12,Hospitality,4,-22,87
PulseDigital,40,1625652,8.13,Telecom,3,-76,54
VertexWorks,30,1495430,8.17,Consulting,5,-24,21
BeaconTravel,2,1958038,4.27,Fintech,1,-71,3
PioneerWorks,5,4618622,15.39,Fintech,1,-47,73
RadiantCore,1,286960,0.57,Tourism,3,-98,40
ApexCore,21,3024376,16.87,Media,2,-20,69
PioneerEnergy,29,4027508,5.99,Food,2,-74,69
PioneerLabs,24,4020912,11.44,IT,2,-93,20
RadiantDigital,15,4656808,6.07,Logistics,5,-59,0
RadiantWorks,1,1246724,16,Hospitality,2,-20,95
ApexEdge,5,2914610,14.55,Tourism,5,4,22
NexusCore,11,1593763,1.35,Telecom,4,12,94
FusionWorks,8,1493204,9.03,Telecom,4,-72,9
VertexLogics,11,4943926,16.33,IT,3,9,13
AtlasDigital,21,544728,8.47,Ecommerce,4,8,53
PulseGlobal,25,396946,12.56,IT,2,-39,57
SummitZone,17,3149049,6.89,IT,5,53,95
RadiantLabs,2,821786,0.37,Media,3,22,10
RadiantMedia,17,4736886,7.67,Manufacturing,2,64,70
PulseDigital,28,1113018,8.32,Retail,5,52,17
VelocityWorks,17,2323982,12.59,Manufacturing,5,-53,2
SummitEnergy,1,226772,12.62,Healthcare,1,-16,12
VertexCore,16,4299818,6.53,Healthcare,1,48,80
ApexHub,26,1471327,4.69,Manufacturing,4,-42,92
VelocityPoint,29,1965966,10.91,Logistics,1,0,3
EverestHealth,37,3998447,9.26,Food,1,64,44
AtlasFoods,1,1533356,7.59,Manufacturing,5,79,77
AtlasSystems,5,1745662,2.24,Food,2,75,8
PrimeSystems,14,2405096,9.48,Hospitality,4,35,37
RadiantEnergy,31,1969225,7.01,Hospitality,1,-70,78
ZenFoods,24,589021,0.85,Energy,2,-65,8
OrbitTech,21,1126085,5.49,Fintech,1,7,0
NimbusRetail,22,3583547,9.71,Tourism,5,-50,67
RadiantRetail,22,2423766,15.61,Food,4,-11,51
SummitNet,33,1137099,16.73,Energy,4,94,70
PulseHealth,40,132083,6.92,Hospitality,5,32,80
RadiantNet,10,3677631,19.69,Healthcare,3,77,5
OrbitLabs,23,1714338,8.95,Tourism,3,-40,1
SummitRetail,29,1940153,7.25,Media,5,-3,58
VertexTravel,24,813180,5.33,Media,3,-84,41
VertexSystems,35,1154926,8.63,Logistics,5,-41,47
BeaconRetail,25,434915,9.26,Healthcare,2,-96,96
VelocityRetail,28,2517358,10.76,Telecom,1,58,95
OrbitDigital,31,4025411,7.73,Hospitality,4,-66,48
AuroraWorks,13,4781495,8.14,Logistics,4,-94,37
PioneerTech,25,1010831,1.31,Healthcare,1,-22,49
NimbusNet,21,4097797,6.34,Ecommerce,5,7,98
ZenHub,31,1792463,2.21,IT,4,-14,78
NimbusTravel,34,4695540,18.03,Consulting,2,87,77
PioneerHub,6,1724244,3.53,Consulting,5,-89,75
EverestLink,31,146976,6.85,Food,2,-43,9
QuantumLabs,21,3536759,6.75,Retail,1,-43,55
NexusEnergy,36,1924160,11.69,Education,4,97,38
AuroraLink,3,1326044,8.83,Energy,5,19,45
VelocityEdge,28,1959830,3.79,Energy,4,-55,61
RadiantFoods,10,2077522,19.17,Tourism,4,-20,76
VelocityEdge,6,2473177,10.07,Manufacturing,4,74,69
FusionLink,36,4269119,2.37,Energy,4,65,48
NexusLink,23,3339456,0.53,IT,5,18,17
PioneerLink,30,2377263,10.97,Education,1,95,83
PrimePoint,34,370261,2.88,Fintech,1,92,18
PulsePoint,4,547059,8.41,Telecom,2,-39,17
BeaconLabs,6,1885918,7.51,Education,4,3,69
PrimeLogics,32,4349734,2.33,Energy,3,-1,12
PulseSystems,24,633951,11.14,Healthcare,4,-77,75
NexusHub,8,3401145,1.18,Consulting,1,31,76
PulseEnergy,24,3496915,14.92,Ecommerce,1,-65,38
NexusNet,26,3348343,4.11,Telecom,5,29,1
PioneerMedia,27,3447388,7.12,Fintech,1,-32,73
BeaconEnergy,32,3375604,9.95,Fintech,1,28,29
PrimeGlobal,13,448067,7.51,Logistics,5,17,58
VelocityPoint,36,3170000,6.34,Consulting,1,-35,78
ApexEdge,26,457670,18.03,Logistics,3,60,88
AuroraTech,17,904893,17.23,Telecom,1,42,34
BeaconDigital,14,4103218,5.58,Fintech,5,-29,61
PulseSystems,10,10546,10.45,Fintech,1,43,33
FusionEdge,28,2808037,4.2,Food,1,-27,38
VertexMedia,14,2573238,7.02,Energy,4,-49,77
EverestWorks,27,280277,12.62,Tourism,2,-97,57
PrimeNet,33,30756,3.73,Fintech,1,-84,18
OrbitFoods,33,1590144,16.01,Energy,5,-86,69
EverestDigital,21,2829058,7.09,Food,2,-54,99
PioneerHub,40,3134461,3.01,Consulting,4,-49,52
PioneerWorks,39,1071281,18.87,Media,3,-96,86
QuantumGlobal,22,4604716,16.52,Hospitality,2,-88,6
HorizonPoint,5,121346,6.59,Consulting,3,43,12
OrbitZone,20,2628365,6.28,Education,2,7,52
HorizonRetail,40,1821767,5.27,Energy,5,-96,28
OrbitNet,28,325244,12.99,Education,1,67,35
VertexCore,20,4519479,8.57,Media,3,-70,86
ApexCore,34,262291,16.26,Food,3,57,51
RadiantPoint,34,2872688,10.28,Telecom,2,15,93
QuantumEnergy,36,3028852,19.69,Tourism,4,88,78
PrimeHealth,34,2331870,8.09,Healthcare,1,86,72
NovaLink,5,1282152,6.83,Logistics,4,-86,56
PrimeHealth,5,3400237,12.88,Food,3,69,80
ZenHub,14,1450497,18.05,Manufacturing,2,0,63
NimbusPoint,22,4718478,8.17,Tourism,4,-49,34
NovaRetail,1,4639654,12.7,Education,3,44,68
ApexTravel,31,1411710,9.14,Retail,1,-44,43
AuroraEdge,9,2615100,4.28,IT,4,52,46
AtlasNet,2,2939832,18.93,Manufacturing,2,49,18
PioneerRetail,27,73223,11.54,Telecom,1,71,88
FusionFoods,13,1142678,9.58,Logistics,2,1,8
PrimeTech,2,1619171,8.6,Consulting,5,47,20
NimbusTech,15,1895033,13.58,Food,1,37,88
PioneerHub,37,3518056,8.29,Energy,4,-93,46
ApexGlobal,31,691065,9.92,Tourism,5,5,7
AtlasLink,26,2837344,3.36,Retail,3,-50,26
BeaconPoint,2,1611609,10.26,Ecommerce,5,99,94
PrimeGlobal,35,985076,9.2,Education,1,-14,33
EverestPoint,32,3563693,5.56,Tourism,1,3,56
AtlasTech,27,3804028,13.35,Hospitality,4,3,75
VertexLink,36,4467280,18.96,Logistics,5,-97,12
OrbitEnergy,15,2952958,18.65,Consulting,2,-62,84
PulseGlobal,32,2678226,13.49,Tourism,4,14,48
SummitSystems,29,4333966,6.67,Education,2,-40,13
ApexNet,38,578878,9.99,Telecom,5,-28,40
PulseDigital,23,1837331,5.29,Fintech,5,24,64
NexusDigital,39,3871077,9.04,Ecommerce,5,77,3
NovaNet,26,4594828,9.12,Education,4,-33,69
HorizonHub,19,3319140,19.21,Consulting,3,32,12
PulseNet,33,4817414,5.83,Healthcare,1,38,63
BeaconZone,22,1579653,4.67,Energy,3,-8,54
PrimeEdge,8,4161904,11.43,Manufacturing,1,51,95
BeaconWorks,28,4890430,4.9,Retail,1,87,45
ApexEnergy,15,2837712,19.87,Energy,2,-95,11
PulseZone,16,2780086,2.55,Tourism,2,-71,71
EverestCore,21,4737378,13.13,Telecom,1,-1,72
AuroraCore,16,3155740,1.04,Fintech,4,-76,66
AtlasLabs,25,3229480,3.58,Energy,2,-48,28
AtlasGlobal,18,4778369,18.07,Tourism,2,89,98
FusionHealth,21,537278,1.54,Logistics,3,20,67
PioneerHub,24,3303371,1.56,Telecom,5,-13,38
AtlasHealth,34,832062,6.38,Tourism,2,6,11
NimbusCore,8,4392649,18.8,Hospitality,4,76,52
NexusHealth,5,2066647,2.92,Hospitality,3,60,15
NovaGlobal,7,581759,15.06,Telecom,2,4,16
QuantumLogics,14,1530404,19.21,Energy,2,-50,66
NexusEnergy,14,981226,16.18,Retail,3,-30,6
NovaLabs,33,2299288,15.73,Education,4,-15,93
AuroraTech,26,956179,12.54,Logistics,3,84,66
PrimeTech,40,4190775,17.55,Fintech,2,64,20
VelocityEdge,1,4700921,4.39,Food,2,65,64
NimbusZone,20,1455215,6.73,Hospitality,2,-53,84
ZenTech,38,2419124,17.28,Hospitality,2,-51,81
SummitMedia,3,431037,7.78,Logistics,2,52,15
OrbitCore,9,1576921,6.21,Consulting,3,11,36
BeaconCore,22,2501567,10.31,Consulting,5,69,40
NimbusHealth,19,4943684,8.04,Energy,2,-73,81
NimbusEdge,2,3985725,9.43,Healthcare,3,-1,54
NovaHealth,9,4796616,16.87,Retail,4,89,19
NexusCore,23,2194929,10.3,Tourism,2,29,9
PulseDigital,29,4411652,1.8,Food,1,-22,72
VelocityLabs,30,1254680,17.38,Manufacturing,4,-88,5
QuantumEdge,21,4455364,3.59,Hospitality,3,99,23
QuantumGlobal,25,3433093,3.07,Fintech,4,1,66
QuantumCore,40,4348822,10.68,Hospitality,1,-66,25
NovaEdge,7,1300366,2.37,Fintech,5,-31,17
RadiantLabs,16,1818647,1.83,Media,2,65,49
ApexLogics,11,4920610,6.72,Energy,4,-4,98
PulseLabs,16,945208,15.56,Logistics,3,75,61
ZenCore,19,896554,14.63,Retail,5,99,71
QuantumTravel,5,3689728,10.87,Telecom,3,7,86
BeaconDigital,23,4323154,1.12,Hospitality,1,-64,71
VelocityTech,26,431516,4.91,Fintech,3,7,41
PioneerSystems,24,1343094,16.77,Media,2,-42,65
PulseLabs,9,2869864,19.82,Tourism,1,50,88
PulseEnergy,20,3236942,6.68,Hospitality,5,-79,75
NovaLabs,25,4179203,3.73,Media,4,22,87
ApexMedia,39,3004651,0.47,Energy,5,-53,94
ApexGlobal,22,4534230,0.68,IT,3,-63,6
AtlasTech,3,4408518,18.34,Logistics,1,30,56
PioneerWorks,32,4900005,12.21,Hospitality,3,-64,90
QuantumSystems,37,2716536,14.26,Education,5,-60,52
QuantumMedia,18,4397826,19.04,Healthcare,4,-96,72
RadiantTech,2,981144,11.16,Consulting,2,28,76
EverestGlobal,15,1986906,9.49,Telecom,5,-45,69
OrbitLogics,13,3759295,10.14,Healthcare,2,15,46
AuroraHub,11,1908894,15.26,Education,4,-89,13
QuantumHealth,3,4831698,11.22,Media,4,21,75
ZenPoint,9,2363876,5.78,Ecommerce,2,-99,0
ApexCore,16,3710915,11.62,Manufacturing,3,-44,42
VelocityLabs,15,4687411,15.6,Energy,1,-71,19
AtlasZone,15,1711920,9.5,Hospitality,5,-17,96
ZenDigital,13,1530916,7.52,Energy,1,50,55
PrimeLink,18,2205961,3.47,Food,4,-55,93
PioneerEnergy,23,3963995,1.53,Education,5,20,7
RadiantEdge,17,4330518,4.01,Telecom,4,-49,69
AtlasEnergy,31,3660593,14.04,Retail,3,60,63
BeaconHealth,33,1980675,10.21,Manufacturing,5,27,43
FusionEdge,35,3962274,7.22,Energy,2,61,47
PrimeEdge,29,1455216,18.57,Manufacturing,3,-83,51
NovaCore,26,1936537,9.05,Energy,1,-28,97
NovaRetail,29,3870032,19.83,Media,4,-83,36
FusionSystems,34,1603259,14.4,Logistics,3,-55,76
AuroraHealth,25,4025817,15.61,Retail,5,18,49
HorizonTravel,37,3863024,13.53,Manufacturing,3,-38,56
NovaTravel,33,4688010,17.24,Logistics,4,-11,30
BeaconLogics,7,931263,17.77,Food,2,3,98
AuroraCore,30,1176810,15.73,Manufacturing,5,-93,74
NimbusEdge,15,3087303,0.12,Media,5,11,93
OrbitPoint,38,2885180,4,Education,3,-23,26
NexusPoint,35,1712450,14.87,Tourism,3,-82,98
ZenTravel,20,3137947,16.8,Telecom,1,78,95
RadiantTech,30,3921261,5.33,Energy,1,46,12
PioneerMedia,29,1332589,19.14,IT,4,-79,34
RadiantTravel,28,3731367,2.03,Tourism,4,-72,97
NimbusEdge,1,1467614,12.66,Logistics,1,65,44
ApexGlobal,12,4676060,13.86,Consulting,5,84,26
AuroraEnergy,1,903038,1.77,Education,1,-73,93
EverestLogics,26,1695494,11.61,Food,2,-7,39
VelocityTech,22,3790552,2.05,Telecom,3,-13,44
AuroraLink,30,1468340,9.65,Telecom,3,-22,18
ApexDigital,35,3079502,1.47,IT,5,-39,88
FusionLink,20,4571527,19.89,Logistics,3,-53,28
FusionEdge,31,3954082,5.13,Telecom,5,13,81
SummitDigital,39,2787149,4.72,Media,3,-14,90
PulseEnergy,39,1899727,11.04,Logistics,4,-63,55
NimbusSystems,39,1431573,15.46,Energy,4,93,6
PrimeRetail,12,2989679,6.49,Media,5,67,44
NovaLabs,10,3876411,14.18,Ecommerce,2,68,14
BeaconCore,29,2056649,5.95,Retail,1,48,3
ApexFoods,24,1768600,19.12,Media,4,97,41
OrbitDigital,31,627915,10.65,Education,5,66,89
EverestZone,27,1190351,7.16,Energy,5,81,52
NimbusZone,37,1615794,17.52,Hospitality,3,30,40
SummitZone,10,4803680,8.68,Tourism,3,34,16
NovaPoint,11,2591134,13.88,IT,4,-94,22
AuroraMedia,2,2172346,7.28,Tourism,3,-46,83
QuantumEnergy,37,2675137,13.24,IT,5,-34,61
VertexLink,16,717781,5.65,Logistics,4,50,53
ZenWorks,27,2661603,10.04,Retail,1,84,48
FusionTravel,10,333705,9.86,Manufacturing,1,46,66
RadiantNet,37,85123,18.18,Retail,3,-16,15
NimbusNet,26,4929239,4.96,Fintech,5,8,72
AuroraLogics,10,1396763,18.8,Ecommerce,5,98,8
EverestRetail,18,4675714,0.55,Retail,3,-87,29
VelocityZone,12,2791260,10.24,Tourism,2,37,81
AtlasDigital,11,2007458,9.58,Food,5,-43,42
HorizonLink,15,3184653,13.25,Media,1,25,50
RadiantRetail,38,30549,8.53,Logistics,4,81,1
AtlasLabs,12,2676030,18.24,Fintech,2,-24,23
AuroraFoods,16,1406618,11.59,Logistics,2,23,42
PioneerZone,38,487297,11.48,Food,2,99,32
NimbusCore,5,3485087,7.4,Retail,1,40,63
EverestCore,14,1992879,17.71,Food,2,-89,85
NimbusTech,15,2560237,8.52,Media,3,50,46
ZenLink,13,2698180,11.5,Healthcare,4,29,31
ApexLogics,32,4596424,13.53,Food,5,69,68
EverestDigital,23,3882871,13.55,Retail,2,19,2
SummitCore,7,4079695,1.88,Ecommerce,1,-15,22
RadiantTech,36,4074780,12.36,Media,1,-63,1
VertexMedia,26,2021356,15.03,Telecom,5,84,25
AuroraEnergy,35,1652706,1.38,Telecom,1,42,43
VelocityTech,33,3031894,9.05,Healthcare,4,-10,17
RadiantHub,2,997736,6.01,Tourism,5,-90,72
NovaRetail,39,4674695,10.23,Hospitality,3,79,100
NimbusDigital,28,1222918,4.72,Healthcare,3,-67,5
EverestHub,12,2835310,3.77,Media,1,-52,28
NovaLogics,6,369668,4.75,Retail,3,-51,67
NimbusFoods,3,2567011,11.84,Media,4,-41,51
QuantumFoods,3,1962794,9.74,Food,2,-83,76
ZenLink,17,4791692,11.23,Retail,2,25,38
NimbusSystems,28,2761328,7.03,Logistics,4,100,44
AtlasTech,37,1197935,18.34,Manufacturing,5,-42,37
QuantumPoint,16,3389610,6.01,Telecom,3,13,10
OrbitTravel,39,4073021,9.14,Tourism,5,-69,88
PulseGlobal,20,3715574,14.49,Hospitality,4,-91,76
RadiantGlobal,7,3392667,7.89,IT,1,-95,86
EverestSystems,23,358511,8.81,Manufacturing,4,-83,9
SummitTech,5,2679711,3.1,Food,1,70,88
RadiantHub,28,3196504,16.41,Consulting,1,-50,56
SummitGlobal,36,1834055,18.82,Education,5,-97,6
RadiantCore,13,4512760,0.12,Consulting,3,86,11
AuroraFoods,20,477603,1.9,Ecommerce,4,-64,68
NexusHub,38,4764467,17.33,IT,5,-58,76
OrbitLogics,28,2329145,15.22,Energy,5,31,67
PulseRetail,38,1354917,12.02,Tourism,4,-99,82
QuantumEdge,35,2399392,9.24,Healthcare,3,29,27
SummitNet,13,14088,16.95,IT,2,77,15
RadiantHealth,26,1379136,16.98,Retail,5,9,9
BeaconNet,13,1924809,7.67,Consulting,5,16,26
NexusZone,13,2288284,2,Consulting,4,89,75
VertexWorks,18,69572,14.09,Food,3,-95,43
ApexSystems,36,2650861,9.51,Tourism,2,-99,21
PioneerTravel,27,516371,3.66,IT,4,-33,24
PioneerCore,28,3566685,15.3,Hospitality,1,95,64
NexusFoods,12,1026676,17.78,Food,2,65,61
AuroraTravel,26,3515395,19.93,Retail,3,-33,26
FusionPoint,9,3356726,12.13,Hospitality,4,81,11
ApexZone,7,696324,1.21,IT,4,-98,98
HorizonEnergy,17,2876152,10.28,Healthcare,3,79,88
ZenPoint,12,2968517,15.76,Tourism,3,-93,93
QuantumEdge,39,2792480,17,Logistics,1,-32,94
NimbusHub,11,3308061,10.9,Healthcare,5,70,59
SummitWorks,17,2664788,0.52,IT,5,-98,16
ZenDigital,2,1906826,19.1,Logistics,4,71,75
PioneerWorks,15,709150,5.37,Energy,4,57,60
VertexLogics,29,508419,14.76,Manufacturing,4,63,25
NimbusTech,32,1425077,16.75,Food,1,-25,80
ApexTravel,11,4933191,14.88,Food,3,-94,16
ZenHealth,7,3980986,10.02,Manufacturing,5,12,36
AtlasCore,4,900768,12.46,Energy,3,-62,15
OrbitPoint,12,942648,13.37,Retail,5,-40,56
NimbusTravel,11,1605659,14.91,Logistics,5,-5,61
PrimeCore,29,2464037,9.06,Telecom,1,-25,84
EverestZone,23,3681941,17.72,Ecommerce,5,34,31
PulseTech,20,67977,3.71,Media,2,-46,79
NovaNet,8,238133,8.27,Ecommerce,4,-26,4
PulseCore,33,4354867,6.82,Healthcare,3,89,22
FusionFoods,33,4531021,4.09,Telecom,1,44,17
EverestSystems,31,1291080,15.7,Logistics,2,-17,12
AuroraMedia,6,2051008,13.7,Healthcare,4,-14,35
VelocityLink,30,1144371,8.08,IT,1,-47,81
NimbusTravel,26,2738907,9.32,Energy,5,-18,96
NexusRetail,34,4664771,13.43,Ecommerce,4,32,98
ZenEdge,4,1029336,7.58,Consulting,4,59,53
PioneerMedia,39,4763474,6,Ecommerce,1,45,4
PulseTravel,15,640106,12.05,IT,2,-28,35
PrimeEdge,30,2044964,15.79,Media,3,16,40
ApexHub,33,2427167,13.14,Telecom,5,-35,47
NimbusLink,13,4128844,18.16,Ecommerce,3,-28,86
ApexGlobal,4,2893810,15.65,Logistics,1,-64,50
ApexLink,22,294571,2.04,IT,2,-23,64
VelocityRetail,21,3594593,15.05,Ecommerce,3,65,65
PrimeEnergy,13,399333,6.01,Manufacturing,4,-97,86
BeaconRetail,12,44736,19.5,Consulting,2,75,44
VertexLabs,22,1327999,7.78,Energy,2,-54,15
ApexLink,5,1101353,4.95,Food,2,43,66
VelocitySystems,3,1220784,4.21,Media,3,-1,69
AtlasEnergy,34,2203606,16.44,Consulting,2,-42,17
FusionTech,1,822154,1.91,Fintech,1,31,65
AuroraWorks,25,2720638,0.68,Media,1,68,5
VertexTech,11,3087880,8.17,Education,3,27,9
OrbitPoint,17,2296528,4.82,Consulting,4,68,12
AtlasMedia,26,842323,17.21,Retail,4,24,97
VertexRetail,29,4156772,17.99,Consulting,5,-87,42
EverestLink,4,486155,0.67,Hospitality,3,78,5
NimbusLink,26,3567346,5.09,IT,1,20,83
NexusTech,40,4445711,5.5,IT,5,-17,100
SummitRetail,1,928199,17.44,Fintech,4,0,30
OrbitHub,22,259541,17.65,Energy,2,50,31
PulseTravel,37,4791984,8.01,Ecommerce,1,-97,34
ZenDigital,23,1580316,3.22,Media,1,-55,16
RadiantFoods,34,4309026,11.46,Food,1,81,45
NovaTravel,25,1653870,3.52,Fintech,3,-14,84
NimbusLabs,30,2467988,3.37,Healthcare,5,-41,50
PioneerLabs,39,4125527,5.35,IT,5,17,16
NexusDigital,37,1102887,1.22,Education,1,0,28
PrimeNet,32,1067750,18.1,Retail,1,-10,84
EverestMedia,21,2079092,0.6,Energy,4,97,16
ApexTravel,32,4233338,13.93,Telecom,5,-5,38
HorizonHealth,24,2748320,14.51,Hospitality,4,-28,13
VelocityCore,36,1779684,14.42,Media,2,-92,97
FusionPoint,31,4157663,12.15,Retail,3,-41,47
VelocityFoods,8,4883739,18.9,Education,4,-36,0
NimbusZone,37,538091,14.46,Logistics,5,86,15
PioneerEdge,37,4665484,13.43,Food,2,-76,45
PioneerDigital,26,1111782,1.29,Fintech,1,80,80
AuroraTech,25,2557313,16.59,Ecommerce,3,74,8
ApexHub,32,4561463,18.25,Retail,1,-44,22
PulseWorks,6,1628798,12.82,Consulting,3,-59,56
ZenRetail,25,817017,5.13,IT,3,-83,99
NexusLink,32,4881631,3.42,IT,1,-20,51
NexusLink,31,1488622,12.69,Education,3,-58,88
PulseGlobal,22,2894764,14.32,Energy,5,-69,37
NovaPoint,21,1290497,2.29,Logistics,4,63,68
NexusMedia,9,3897324,3.36,Retail,3,-26,70
HorizonPoint,16,2553140,6.22,Retail,4,-78,94
NimbusLink,40,667139,3.14,Energy,3,76,88
NexusEnergy,8,3884115,5.23,Logistics,5,-90,24
BeaconSystems,24,1345723,15,Media,3,55,69
ZenGlobal,17,4021444,12.67,Ecommerce,2,-92,34
ZenHub,34,1720421,11.24,Media,4,90,45
PrimeHub,4,1025690,9.87,Food,4,-42,29
SummitEdge,25,3200115,19.37,Ecommerce,4,-93,16
PulseDigital,27,2130591,12.44,Education,4,49,81
ZenFoods,7,4814770,11.98,Healthcare,5,-12,19
SummitPoint,10,2554588,8.67,IT,5,3,4
VertexHub,4,976996,3.7,Telecom,4,54,46
NexusDigital,31,2935095,8.01,Telecom,3,91,1
FusionHub,25,798007,6.78,Healthcare,3,-43,68
RadiantMedia,21,4834627,19.27,Hospitality,5,-57,1
ApexHealth,7,763943,5.4,Food,2,-86,88
NimbusDigital,33,964181,15.54,Food,4,79,9
PrimeCore,21,3666164,7.06,Fintech,4,-86,53
NovaRetail,19,379268,11.14,Food,5,-87,25
QuantumTech,22,2670759,14.85,Healthcare,2,63,79
NimbusLink,39,2178597,4.05,IT,2,39,28
RadiantEnergy,29,4800831,18.5,Media,5,-79,7
PrimeLabs,31,3510425,12.76,Fintech,2,-77,70
FusionEnergy,13,2738173,7.19,Energy,2,-2,70
OrbitRetail,12,3051890,13.53,Logistics,1,-57,26
RadiantLabs,11,3216068,19.66,Education,5,91,10
NovaEnergy,28,4540662,1.13,Education,3,-67,93
AtlasMedia,39,1462755,18.75,Hospitality,3,-82,72
AuroraLink,19,2127164,9.09,Hospitality,4,6,96
NexusTech,35,4828301,19.49,Telecom,5,-23,27
PioneerCore,18,1048488,13.86,Retail,1,49,88
QuantumNet,1,3189743,8.92,Energy,4,34,16
ApexEdge,16,3918010,16.41,Manufacturing,4,-33,46
VertexEnergy,21,576590,18.68,Tourism,3,-64,93
PulseHealth,13,4904798,14.1,Fintech,1,-92,47
VelocityDigital,39,3868582,7.98,Fintech,5,97,87
OrbitLink,40,3539946,18.27,Food,1,-19,3
VertexEnergy,7,4521012,0.31,Food,3,57,18
HorizonHealth,31,1474231,13.98,Logistics,4,-12,59
SummitPoint,36,1214490,4.4,Logistics,3,-76,58
AtlasDigital,19,1917585,15.02,Media,3,46,70
NexusLabs,24,1444089,11.4,Education,3,78,37
FusionEnergy,4,1156380,17.64,Retail,2,24,93
RadiantEnergy,26,2298939,17.16,Food,4,60,56
HorizonLogics,31,1853400,5.41,Ecommerce,3,-99,96
PrimeLogics,32,566595,10.3,Ecommerce,3,-3,47
ZenEdge,30,1518387,11.47,IT,5,10,88
OrbitTravel,18,635318,2.9,Consulting,4,-23,96
EverestLogics,31,2742481,0.28,Hospitality,5,28,35
PrimeFoods,32,759324,18.66,Telecom,3,66,16
BeaconWorks,39,2703998,14.18,Food,4,-21,33
ZenTech,9,531181,8.53,Education,2,79,37
NimbusLink,19,4962270,15.46,Food,1,-3,59
RadiantWorks,3,3934106,5.59,Healthcare,4,-64,89
NimbusWorks,10,709832,2.16,Hospitality,5,-29,90
BeaconFoods,23,1637032,13.67,Energy,3,-30,93
AuroraHub,28,4342591,2.37,Ecommerce,5,-64,70
BeaconLogics,18,3379497,7.77,Retail,4,45,28
BeaconFoods,18,1587429,3.87,Manufacturing,5,-1,98
PulsePoint,1,4416438,11.81,Telecom,4,-21,88
FusionLink,13,3229199,14.32,Logistics,4,-94,20
PioneerZone,33,4020792,2.46,Consulting,1,83,45
PioneerNet,25,3260546,9.17,Energy,4,85,42
AtlasTech,22,1585486,8.74,Hospitality,5,-64,95
RadiantZone,34,1139312,2.44,Energy,2,-30,43
AtlasZone,18,1010384,17.76,Hospitality,5,59,86
AuroraPoint,14,2864729,10.23,Logistics,1,-24,54
PrimeZone,30,917422,12.67,Retail,5,-46,95
NexusZone,38,1857433,3.6,Telecom,5,-15,75
SummitGlobal,3,2897135,8.9,Manufacturing,1,-13,53
PrimeDigital,26,1317025,14.93,Hospitality,1,-43,77
NovaZone,4,4917806,12.3,Consulting,3,-12,74
NimbusTech,25,3228238,10.63,Consulting,4,17,48
PioneerPoint,23,3890720,8.93,IT,5,-67,38
HorizonWorks,4,2510112,9.99,Retail,5,82,37
NovaEdge,7,2157799,18.67,Logistics,1,-34,81
SummitNet,26,4114208,19.37,Food,2,83,62
RadiantPoint,2,2979735,16.1,Hospitality,1,62,9
NimbusEdge,8,3815143,3.21,Hospitality,1,96,89
VertexEdge,36,420746,17.18,Retail,5,6,62
PioneerPoint,11,3791321,10.28,Hospitality,5,-95,59
NexusEnergy,21,3145232,11.85,Fintech,5,30,96
HorizonZone,35,1153936,13.56,Fintech,4,-59,36
VertexGlobal,12,583775,18.63,Energy,3,89,86
NovaDigital,6,613616,10.63,IT,3,-39,56
SummitCore,34,1701141,9.77,IT,3,39,85
NovaCore,23,691566,15.81,Retail,5,-16,14
PrimeWorks,19,809050,3.62,Media,5,-85,12
FusionDigital,29,711691,15.13,IT,3,25,45
PulseTech,26,2792416,0.38,Fintech,1,-13,10
PulseLink,5,1083996,5.77,Hospitality,2,68,3
VelocityMedia,7,4429283,8.59,Hospitality,2,-80,64
QuantumTravel,40,3652787,19.28,Manufacturing,3,-54,17
VertexMedia,1,3066963,5.2,Retail,2,-75,90
AuroraLabs,26,2156941,5.62,Logistics,4,73,53
OrbitCore,23,1996522,0.32,Consulting,1,55,52
PioneerLink,20,4479063,9.63,Manufacturing,4,-4,28
ApexPoint,19,2698100,16.76,Fintech,4,88,45
QuantumSystems,17,4378157,5.44,Logistics,2,90,63
QuantumRetail,7,3068262,16.95,Healthcare,5,-6,66
VelocityWorks,13,2144114,19.39,Energy,2,-61,1
PrimeEnergy,30,3616216,11.5,Food,1,-41,43
OrbitGlobal,24,1242174,13.96,Education,1,-69,61
ApexWorks,21,1184597,3.88,Telecom,3,-14,25
VertexDigital,27,170109,6.56,Healthcare,2,-84,94
OrbitLink,17,936806,15.19,Healthcare,3,53,42
NovaMedia,27,415642,11.19,IT,4,-7,70
NexusTech,12,1811506,14.33,Hospitality,5,-37,71
NexusTech,33,3223581,18.46,Healthcare,4,52,72
BeaconLogics,29,3187230,18.28,Ecommerce,2,-58,70
QuantumWorks,31,1082797,18.08,IT,4,-99,35
VelocityMedia,38,1452504,15.8,Media,5,2,35
PrimeZone,6,1873931,10.51,Education,5,42,3
NimbusZone,36,3727153,3.17,Manufacturing,2,-96,15
VertexGlobal,16,4941352,12.71,Logistics,4,54,23
PrimeGlobal,17,1040402,0.5,Manufacturing,2,45,21
NovaEdge,35,277521,19.97,Fintech,3,55,56
VelocityTravel,29,1094341,6.02,Tourism,2,21,75
PulseCore,1,799603,6.4,Food,1,-18,41
VelocityZone,23,3772053,7.62,Hospitality,1,-65,29
BeaconRetail,26,2727504,18.37,Media,4,37,86
PioneerZone,21,1612638,17.51,Ecommerce,4,-67,14
FusionTech,9,3586082,13.89,Education,3,56,43
OrbitNet,39,2575399,5.51,Ecommerce,3,-61,85
EverestMedia,12,506726,3.91,Food,5,-5,36
BeaconZone,13,3731278,1.06,IT,2,82,31
NexusWorks,25,2488384,13.68,Hospitality,1,-90,43
FusionNet,39,915902,19.98,Food,4,93,36
RadiantCore,18,1290723,6.9,IT,5,-78,52
BeaconEnergy,1,2851967,12.97,Fintech,2,-51,23
QuantumGlobal,27,1835128,5.97,Education,3,28,9
NimbusRetail,22,4030193,7.3,Manufacturing,3,-53,0
VertexWorks,10,4887656,16.57,Retail,1,-83,92
EverestPoint,18,3183685,3.1,Healthcare,5,79,78
OrbitFoods,3,1693760,11.1,Consulting,5,89,80
NovaMedia,16,2032175,14.21,Manufacturing,4,13,16
QuantumMedia,38,1227423,14.28,Logistics,4,37,35
NovaPoint,28,1381388,8.12,Logistics,1,32,16
BeaconHealth,8,3444635,14.3,Food,1,12,21
SummitLogics,2,2795534,4.74,Media,3,32,36
EverestZone,32,908643,0.18,Telecom,2,10,84
NexusSystems,24,1973785,17.03,Hospitality,2,-4,36
RadiantEnergy,3,1436433,14.69,Media,4,48,27
AtlasPoint,25,3057731,18.98,Logistics,5,-15,76
HorizonRetail,13,355783,18,Retail,1,-80,97
HorizonZone,14,1443681,17.4,Telecom,1,-83,95
SummitLabs,15,3925485,1.57,Healthcare,4,13,84
PulseHub,40,2311468,17.85,Education,2,-80,28
PulseDigital,36,3926924,8.15,Education,1,-1,18
PrimeMedia,31,4405452,4.33,Logistics,5,92,42
AtlasEdge,12,2892045,4.19,Healthcare,1,47,9
VelocityGlobal,20,1868305,19.78,Fintech,1,79,24
PulseMedia,15,4451233,2.31,Telecom,1,77,85
OrbitTech,16,3093178,1.95,Energy,2,-36,52
PioneerDigital,16,4564647,3.79,Manufacturing,5,-65,7
NovaLogics,22,2631234,19.73,Healthcare,2,-89,79
AuroraCore,1,3691349,8.34,Energy,5,100,38
RadiantLink,9,4679642,4.87,Consulting,3,66,2
AuroraDigital,33,824283,11.37,Logistics,1,40,25
VertexSystems,17,1223702,9.57,Consulting,3,92,99
FusionSystems,2,3623481,6.85,Media,4,-90,11
BeaconSystems,26,4892135,1.56,Manufacturing,2,-93,2
AuroraEnergy,2,4413186,15.03,Manufacturing,2,76,3
OrbitLogics,2,3332467,3.15,Logistics,4,54,17
OrbitLink,3,1758742,16.15,Fintech,5,48,55
OrbitPoint,32,3846244,14.04,Hospitality,1,-76,54
EverestFoods,12,3152650,1.04,Logistics,2,-46,95
VertexLabs,19,3228198,15.28,Education,2,-21,16
PioneerWorks,13,1114793,8.6,Food,5,-13,80
ZenLabs,26,1733115,13.2,Logistics,5,-89,32
ZenLabs,39,2108899,6,Media,1,24,97
VertexEnergy,10,1809640,18.74,Tourism,4,-53,78
PrimeRetail,29,4235930,15.38,IT,1,-34,96
PulseGlobal,31,1290271,16.58,Healthcare,5,-5,64
OrbitPoint,40,3307338,14.12,Telecom,3,-58,70
EverestMedia,40,2183926,9.95,Logistics,5,-48,69
OrbitTravel,5,4918357,7.12,Fintech,1,18,97
PioneerDigital,14,806314,2.91,Manufacturing,1,89,24
FusionHub,14,4524423,10.11,Food,3,-56,46
NexusRetail,3,2779972,4.6,Energy,1,-14,63
RadiantHealth,20,4350010,11.95,Energy,2,50,21
OrbitHub,32,2214884,2.68,Tourism,5,27,83
QuantumLogics,38,2562097,13.76,Education,2,-11,53
ZenCore,17,865441,16.04,Fintech,4,37,10
PioneerTravel,12,3541892,6.42,Energy,2,-49,1
AtlasSystems,3,3919875,9.28,Tourism,2,46,24
NimbusHub,26,763219,0.7,Healthcare,5,23,61
FusionSystems,25,3511518,2.2,Fintech,1,-21,77
NexusFoods,26,2022012,8.72,Tourism,3,40,98
EverestDigital,23,1367369,5.59,Energy,4,84,25
VertexGlobal,6,4248479,12.41,Media,2,-54,64
ZenTravel,9,4778628,12.11,IT,2,26,76
BeaconCore,33,4752764,13.38,Telecom,4,-21,36
VelocityNet,32,698753,3,Healthcare,4,51,60
HorizonLink,34,394991,4.52,Logistics,4,-69,69
NimbusEnergy,38,3132619,2.32,Consulting,1,-45,55
VelocityZone,10,2277762,2.17,Education,3,-41,16
RadiantLogics,23,1849293,19.57,Telecom,5,-42,39
EverestRetail,9,1442356,9.85,Telecom,3,-54,1
AtlasLabs,5,4063884,2.1,IT,4,87,35
NexusEnergy,25,3439608,10.54,Ecommerce,5,-7,68
AuroraLogics,21,4533131,16.39,Retail,2,-75,11
AtlasTech,29,1636230,18.98,Food,1,-19,59
RadiantLogics,5,4793661,16.03,Food,5,-36,30
HorizonLabs,29,4818729,6.16,Telecom,4,96,66
QuantumTech,28,1710830,11.29,Fintech,1,-71,79
PioneerMedia,32,1641948,12.16,Energy,3,26,26
BeaconEdge,29,2530283,11.83,Logistics,3,-7,26
RadiantHub,34,2385267,2.21,Manufacturing,5,-21,44
BeaconLabs,7,1309037,8.93,Ecommerce,5,-9,15
AuroraLogics,33,3503762,13.69,Food,1,24,83
OrbitRetail,1,4474828,7.27,Tourism,5,3,81
BeaconHealth,19,279993,2.33,Hospitality,1,-61,46
VertexEdge,37,68274,15.52,Ecommerce,2,100,27
PrimeMedia,2,3930694,10.53,IT,3,57,94
PulseSystems,25,872072,15.24,Tourism,5,47,83
VelocityRetail,9,3034354,7.35,Food,2,29,68
BeaconEnergy,9,880760,16.77,Tourism,2,-11,16
VertexGlobal,7,2147670,3.4,Media,3,-97,5
VertexTravel,15,3687822,9.47,Retail,5,-55,70
VelocityLink,2,4859786,14.14,Telecom,1,-67,71
BeaconFoods,40,1245961,5.06,IT,4,66,39
VelocityWorks,26,1487211,4.65,Telecom,3,64,24
PulseZone,15,2727475,17.18,Tourism,3,72,47
AtlasHub,23,3846500,5.47,Fintech,3,21,69
BeaconRetail,23,1175233,11.36,IT,4,-99,14
EverestGlobal,26,907486,4.8,Healthcare,3,-92,14
SummitLabs,10,4963893,9.52,Consulting,3,51,76
AtlasDigital,6,2559854,11.1,Telecom,3,-13,72
EverestGlobal,1,2294123,4.69,Manufacturing,2,58,68
NovaMedia,3,1542596,12.99,Education,4,-26,100
VelocityFoods,9,1405613,11.56,Media,5,14,17
NovaWorks,33,3645619,6.23,Retail,2,1,72
VelocityLink,12,2149838,16.28,IT,1,85,2
ZenZone,36,1858879,2.99,Tourism,4,-98,91
ZenPoint,21,1276492,14.37,Healthcare,5,5,96
VertexSystems,17,4847402,10.08,IT,2,83,63
AuroraMedia,5,1888060,19.7,Hospitality,4,22,6
ZenFoods,5,4056738,10.94,Tourism,4,-50,82
NimbusLabs,6,3020624,2.21,Healthcare,5,41,20
PulseTech,13,3319397,9.14,Retail,4,51,64
PrimePoint,33,4359422,10.06,Retail,2,-73,21
AuroraHealth,33,4975004,14.98,Logistics,5,89,13
NimbusLogics,12,2074393,12.62,Healthcare,5,-61,88
ZenTech,5,897564,6.38,Consulting,2,71,18
RadiantCore,38,2371677,18.78,Hospitality,5,-8,70
RadiantEdge,16,2038919,15.55,Logistics,2,-99,14
BeaconHub,28,1697318,1.89,Fintech,3,-14,5
RadiantEnergy,26,2793197,0.74,Hospitality,3,33,66
FusionLogics,17,3718221,19.44,Tourism,3,5,13
AuroraDigital,19,4163584,16.58,Education,1,6,54
RadiantLabs,2,1921882,3.93,Retail,5,66,39
AuroraCore,19,2692817,4.93,Fintech,2,67,30
VertexLink,35,2957954,8.33,Food,4,-30,32
FusionLink,19,4010895,10.09,Food,2,25,42
QuantumHealth,22,1235507,4.56,Retail,1,-38,64
VelocityDigital,2,400434,2.64,Education,3,84,47
NovaNet,31,4456078,11.74,Fintech,4,-58,84
OrbitWorks,11,1251126,13.26,Food,4,-20,36
NexusEnergy,1,4260671,16.12,Consulting,2,80,7
RadiantGlobal,27,1850819,17.19,Fintech,2,-3,51
AtlasWorks,19,4410813,19.35,IT,2,30,94
OrbitNet,24,2063717,16.77,Retail,5,70,38
PulseRetail,8,2760824,11.66,Tourism,2,83,50
OrbitTravel,22,4141684,14.86,Manufacturing,2,88,84
HorizonEdge,33,3459898,11.09,Media,2,49,86
ApexCore,16,1733317,15.61,Food,5,40,28
NexusFoods,38,4836805,15.24,Hospitality,4,59,3
NovaPoint,18,4277717,1.1,Energy,2,34,31
ApexHub,15,967024,17.99,Consulting,1,-97,70
EverestHub,4,2869952,9.65,Consulting,4,44,30
QuantumFoods,36,802964,8.36,Fintech,1,77,81
VelocityLogics,37,3717150,14.46,Fintech,4,-52,20
ApexWorks,5,3919964,6.17,Manufacturing,3,19,84
AuroraHub,4,91143,5.86,Manufacturing,1,-57,88
VelocityZone,14,4724680,19.7,Healthcare,5,-7,53
ApexEnergy,14,4121394,6.41,Energy,1,11,59
ZenTech,30,4779996,0.22,Logistics,5,-82,100
VelocityDigital,9,4072271,2.9,Tourism,2,-77,33
PulseMedia,12,3519077,11.71,Manufacturing,3,-46,8
PrimeWorks,13,1571591,2.14,Hospitality,1,-2,78
NimbusDigital,18,449527,4.29,IT,1,61,90
QuantumHub,7,4684646,11.54,Ecommerce,4,-83,16
RadiantLogics,19,1356525,4.53,Food,2,70,90
SummitHub,15,778209,7.6,Manufacturing,1,47,97
VelocityLink,14,4387804,8.59,Food,4,-69,67
SummitHub,23,982376,13.61,Telecom,5,-86,3
AuroraPoint,5,4551374,7.36,Education,5,54,65
AtlasSystems,19,1973002,0.84,Food,4,11,32
AtlasZone,4,264039,8.11,Consulting,2,88,55
OrbitSystems,28,487941,18.92,Retail,2,5,43
ZenPoint,31,1568457,8.56,IT,3,3,51
OrbitWorks,2,4554609,5.83,Retail,2,30,33
FusionRetail,17,1914445,12.37,IT,3,29,8
QuantumMedia,17,1813179,1.76,IT,1,43,11
RadiantMedia,36,3198635,7.74,Retail,2,-38,44
AtlasNet,21,4330510,0.65,Food,1,-61,91
VelocityTravel,5,1545625,10.96,Hospitality,1,-85,31
QuantumGlobal,17,3342373,6.8,Fintech,3,69,9
QuantumCore,26,742465,15.07,Tourism,2,5,73
SummitPoint,33,1983204,5.02,Education,1,-67,18
HorizonGlobal,20,324236,15.32,Telecom,5,66,10
PulseFoods,36,1296602,13.06,Energy,3,74,48
PrimeLogics,17,2667248,7.98,Consulting,4,49,28
PulseLogics,10,4391780,19.44,Retail,4,-73,89
EverestGlobal,4,1992237,5.21,Tourism,1,73,39
AtlasSystems,31,2428335,13.11,IT,5,-9,35
RadiantNet,28,1084411,16.37,Tourism,2,-30,60
VelocityCore,33,3886023,18.58,Logistics,5,63,16
NexusLabs,7,3175821,15.94,Energy,5,-43,43
NexusLabs,30,1045121,1.7,Ecommerce,1,-86,39
VelocityLink,10,1694783,5.38,Healthcare,5,60,55
NimbusNet,40,4755948,10.5,IT,4,-87,26
HorizonTech,22,671635,12.48,Hospitality,4,18,87
ApexLogics,10,3999752,13.49,Tourism,2,43,17
AtlasDigital,2,3389333,13.46,Energy,3,-34,99
HorizonEnergy,14,551729,18.66,Tourism,3,0,30
OrbitHub,2,297435,13.07,Manufacturing,4,-92,93
NovaHealth,38,3255965,7.22,Logistics,5,-65,12
HorizonLogics,18,2495920,4.49,Hospitality,4,-89,62
PrimeEdge,30,1234613,17.29,Logistics,2,-59,84
NexusHub,9,4683729,16.61,Hospitality,3,-24,73
AtlasEnergy,16,2110523,6.11,Education,2,60,38
BeaconTech,37,3194307,19.39,Tourism,4,-72,35
NexusFoods,34,3442898,18.17,Education,4,-62,28
ApexFoods,3,3798587,5.83,Manufacturing,5,54,64
PioneerLogics,32,3796465,18.49,IT,3,-23,21
QuantumEdge,17,1625454,13.61,Fintech,5,75,70
HorizonCore,24,1999859,13.48,IT,4,-57,46
NexusCore,10,4064710,13.82,Food,5,26,68
ZenZone,32,2143687,13.47,Logistics,3,-61,97
EverestEdge,20,4576252,17.06,Retail,5,-65,34
NimbusHub,21,1730074,19.13,Logistics,3,-38,73
PioneerTech,3,83045,14.39,Manufacturing,5,-11,58
PrimeMedia,39,4984473,16.15,Food,5,42,55
EverestDigital,25,1441321,0.62,Manufacturing,3,-65,86
HorizonWorks,37,4827578,17.77,IT,5,40,97
AtlasLogics,38,2617738,13.84,Manufacturing,4,-57,15
NexusEnergy,35,3956526,5.77,Tourism,5,-42,0
PulseLogics,13,2108868,6.67,Energy,3,-26,9
ZenPoint,38,3712861,16.16,Healthcare,5,89,62
RadiantLabs,11,3455427,0.12,Consulting,3,17,41
PrimeZone,26,1920071,6.6,Telecom,2,26,12
FusionTravel,4,551122,7.28,Telecom,1,37,16
NexusHealth,24,4098706,3.14,Energy,5,64,30
SummitNet,24,2166479,15.08,Logistics,3,-40,58
BeaconTravel,36,2292660,11.25,Media,2,-75,99
AtlasLabs,16,3096386,3.72,Healthcare,1,62,91
OrbitCore,11,4792334,16.31,Consulting,5,-74,95
SummitSystems,11,1242608,17.78,Healthcare,5,-57,76
SummitHealth,5,4929021,9.72,Food,1,-18,6
PulseCore,12,4482941,9.04,Energy,3,-69,11
PioneerEnergy,33,1007667,14.33,Fintech,3,41,85
HorizonLabs,33,2479674,14.18,Energy,1,0,90
PrimeTech,4,1229606,1.36,Hospitality,3,46,41
NimbusMedia,39,3462762,17.83,Fintech,2,-33,26
ApexMedia,10,2510569,6.37,Consulting,5,-24,92
ZenZone,12,2492936,6.57,Logistics,2,-73,89
AtlasLabs,13,3740335,14.79,Hospitality,3,-38,60
AtlasMedia,20,1382503,17.14,Telecom,5,94,18
EverestTravel,6,253501,6.44,Food,5,-38,59
VertexFoods,34,4210957,10.82,Fintech,2,91,17
ApexPoint,3,4990634,6.73,Energy,2,-62,92
FusionRetail,26,3241433,17.42,Fintech,4,86,35
PioneerDigital,27,339355,12.22,Food,5,-76,79
SummitLabs,8,40014,14.06,Consulting,5,-12,71
BeaconPoint,27,4681224,1.38,Consulting,5,-36,4
VertexPoint,16,952458,14.04,Telecom,5,88,5
FusionFoods,16,3502288,13.37,Fintech,5,93,70
PioneerEnergy,39,495738,0.21,Telecom,3,-61,17
HorizonZone,15,3158400,17.52,Fintech,4,94,62
ZenEdge,37,2050666,12.15,Education,4,-60,81
VelocityWorks,17,3805556,5.64,Ecommerce,5,2,44
NexusLabs,37,1385713,3.95,Manufacturing,2,67,84
NovaSystems,27,2516920,15.1,Education,1,-48,9
RadiantWorks,30,1437853,0.8,Food,5,16,34
PioneerRetail,37,324584,9.87,Manufacturing,2,61,11
BeaconFoods,23,4841911,19.74,Education,3,-60,24
EverestSystems,3,1851902,13.18,Fintech,1,38,6
EverestFoods,25,4048933,17.57,Media,3,-59,71
OrbitCore,32,4763054,14.94,Telecom,2,-13,0
VertexEnergy,22,1469980,13.58,Manufacturing,5,-63,90
PulseEnergy,18,213226,12.23,Media,2,84,2
QuantumEdge,2,4429103,11.13,Food,2,3,44
PioneerWorks,23,3621366,13.85,Consulting,2,-53,87
PrimeMedia,24,1511561,5.18,Education,4,71,65
HorizonGlobal,10,772865,8.19,Fintech,5,62,96
NimbusLabs,40,1976637,12.47,Fintech,2,61,96
ApexHub,10,1463168,3.7,Hospitality,5,62,89
BeaconLink,29,2493089,15.84,Healthcare,1,36,36
SummitFoods,4,1958764,16.21,Energy,1,49,6
NovaCore,12,2061497,13.78,Healthcare,3,-21,0
VertexHub,14,976836,3.5,Manufacturing,3,-99,16
RadiantRetail,17,1216410,2.64,Consulting,4,-20,9
PrimeFoods,16,3534290,10.42,IT,4,-79,68
VelocityPoint,26,4554972,14.87,Education,4,37,61
NovaLogics,30,2372296,9.34,Education,3,-44,83
PulseFoods,23,533601,9.86,Ecommerce,4,20,43
AtlasEdge,9,3692873,10.22,Media,5,-95,5
NimbusSystems,16,2202950,8.18,Telecom,2,81,66
AtlasHub,14,2930549,5.86,Ecommerce,1,-85,21
NexusEdge,30,2696071,4.46,Logistics,1,-50,23
ZenSystems,22,4963838,8.01,Energy,1,28,8
HorizonSystems,25,1924433,0.46,Ecommerce,4,96,6
NovaPoint,8,1202905,3.01,IT,4,5,71
PioneerEdge,13,299789,8.64,Energy,4,24,73
EverestMedia,28,1332184,17.16,Hospitality,5,-67,11
PulseEdge,20,2624697,17.98,Education,1,-34,22
SummitNet,5,1278638,13.11,Media,3,-33,2
FusionGlobal,32,2677195,2.35,IT,2,78,65
OrbitEnergy,25,259150,13.69,Hospitality,5,3,38
AtlasFoods,28,3654809,0.14,Food,3,23,98
NimbusZone,16,894435,2.36,Energy,5,-95,54
SummitLink,30,677860,9.81,Ecommerce,4,76,77
AuroraSystems,14,4511372,12.12,IT,3,-91,54
ApexEnergy,29,1565269,17.56,Retail,2,74,91
PioneerEnergy,35,4115283,19.08,Media,5,-37,94
AtlasDigital,22,596107,10.08,Ecommerce,2,25,54
RadiantMedia,34,394681,1.21,IT,2,47,11
PioneerSystems,26,2506723,5.87,Energy,3,-98,97
NimbusPoint,25,1549178,15.55,Manufacturing,1,23,36
VertexNet,9,2173076,4.15,Manufacturing,5,-48,26
FusionPoint,39,2211225,13.42,Energy,2,48,46
PrimeTravel,15,132874,5.53,Telecom,5,-56,61
FusionZone,28,442045,14.79,Hospitality,5,-22,36
AtlasLabs,35,3150016,0.32,Manufacturing,1,17,92
PioneerLogics,33,94907,13.88,IT,3,-45,5
SummitTravel,18,2237234,8.37,Energy,5,23,67
NimbusRetail,24,2736532,7.67,Hospitality,2,2,57
PrimeFoods,6,2843783,3.24,Energy,5,-21,39
QuantumLabs,13,3241256,7.16,Healthcare,4,-61,88
FusionNet,27,1906228,6.4,Manufacturing,2,29,19
OrbitPoint,19,4366744,7.31,IT,4,63,15
BeaconLogics,26,2192596,13.47,Energy,3,26,96
AtlasHealth,22,3453773,12.7,IT,2,-76,21
PrimePoint,32,1742351,13.85,Energy,1,20,34
RadiantEnergy,21,245269,2.5,Telecom,1,87,75
AuroraTravel,10,2594747,7.1,Energy,5,-21,83
RadiantEnergy,37,2673030,15.07,Tourism,3,56,67
ZenNet,15,3337649,11.61,Consulting,1,-6,0
HorizonLogics,10,663209,18.37,Education,4,-66,65
PrimeMedia,32,4640060,11.96,Energy,2,-90,76
AtlasFoods,15,2823866,15.06,Healthcare,1,-6,66
BeaconTravel,9,275265,17.7,Media,3,18,5
NexusDigital,19,2225399,7.2,Tourism,1,89,6
QuantumLogics,8,1230161,6.82,Media,4,-17,4
PulseLink,34,1292455,11.44,Fintech,1,19,19
PrimeLogics,36,3821290,13.7,Logistics,4,48,49
PrimeGlobal,39,3253862,8.23,Logistics,5,2,21
NimbusEnergy,40,385337,12.54,Energy,2,-72,15
AtlasMedia,1,89859,6.95,Tourism,2,-28,83
ApexTech,9,2688722,7.63,IT,4,22,20
BeaconPoint,13,4618704,11.41,Hospitality,1,-79,98
AuroraNet,7,4708849,12.57,Tourism,2,-33,8
PulseEnergy,37,2148725,13.41,Retail,1,-67,64
ApexHub,24,3335703,17.76,Manufacturing,4,-59,28
ZenHealth,34,2932452,6.21,Tourism,2,-79,100
PioneerTech,37,1319756,6.82,Food,4,72,26
NimbusLabs,35,3003004,17.18,Consulting,4,28,14
HorizonLabs,28,674833,16.76,Food,3,-77,19
VelocityLabs,10,4519717,9.16,Retail,1,55,89
VertexEdge,34,3586154,0.46,Food,5,-86,89
ApexSystems,18,17537,4.97,Consulting,2,-94,85
SummitWorks,35,1965360,8.23,Energy,4,-62,91
AuroraRetail,36,2904429,13.53,Education,1,-33,32
EverestCore,37,4917913,6.21,Logistics,1,92,47
VertexFoods,34,4589434,18.87,Manufacturing,5,22,56
EverestEdge,20,4593067,3.89,Telecom,1,-34,77
AtlasGlobal,29,2838512,13.7,Telecom,1,-97,63
ZenLogics,33,2254177,19.65,Ecommerce,1,-44,46
NimbusEdge,37,650025,10.21,Energy,5,55,2
RadiantLink,26,2489985,1.46,IT,2,-33,16
PulseSystems,8,4829121,8.13,Retail,3,-83,27
NexusLink,2,2726734,8.72,Education,2,15,50
PioneerHub,26,3648352,1.47,IT,2,53,88
NimbusZone,37,1683291,1.41,Healthcare,1,-51,13
OrbitRetail,25,740166,8.61,Ecommerce,5,84,89
NexusGlobal,39,4605398,8.56,Food,5,5,47
PulseEdge,13,2824291,11.26,Tourism,4,-21,10
PioneerGlobal,13,335636,18.62,Retail,2,62,41
FusionSystems,35,1122597,13.61,Energy,5,-58,0
AuroraDigital,36,3339506,11.22,IT,3,-68,84
OrbitHub,31,3978630,6.99,Media,3,-90,37
VertexNet,17,891998,6.92,Media,5,50,25
NexusGlobal,17,362943,8.57,Tourism,1,-36,95
EverestLabs,7,4894143,15.03,Manufacturing,2,34,43
PioneerLogics,12,2974788,10,Retail,4,-20,17
AuroraWorks,3,2761878,15.46,Fintech,1,27,94
ApexPoint,26,1330619,13.24,Fintech,3,46,2
ApexGlobal,36,3012586,2.78,Fintech,3,-15,2
PioneerEdge,32,646240,18.84,Telecom,3,-39,1
PioneerLabs,38,2279003,3.27,Tourism,1,65,19
NovaTravel,13,2108002,15.8,Fintech,1,-78,63
ApexTravel,4,3895886,15.92,Food,2,-93,30
ApexTravel,4,4502134,2.3,Healthcare,2,-67,45
ApexZone,39,989364,19.15,Fintech,1,27,59
AtlasHealth,37,1681281,18.25,Healthcare,3,34,26
EverestEnergy,16,1034754,2.12,Food,3,-23,19
NimbusLabs,4,4351475,7,Energy,3,-49,4
BeaconGlobal,23,1994079,10.12,Telecom,3,7,38
ApexRetail,7,646400,9.38,Ecommerce,2,97,34
ApexLink,15,1302552,10.86,Hospitality,5,85,89
VertexHealth,37,3801890,3.99,Consulting,4,-14,54
VelocityHealth,6,4926426,16.05,Fintech,3,-4,86
VelocityDigital,17,2911250,2.77,Ecommerce,4,-8,12
NovaNet,13,130532,16.23,Food,1,-40,37
VelocityHub,35,63498,12.35,IT,2,7,44
VelocityWorks,12,1580326,7.34,Hospitality,2,-8,98
FusionCore,4,2733388,11.06,IT,4,83,3
VertexEnergy,32,3203682,12.92,Education,4,73,22
AtlasWorks,3,3466157,10.6,Media,1,81,44
RadiantEnergy,28,2268003,7.17,Energy,1,51,30
NimbusEnergy,30,2140326,15.55,Manufacturing,1,-31,58
VelocityHub,33,3135887,12.17,IT,2,24,91
NimbusRetail,26,1696581,8.14,Ecommerce,5,49,51
PulseWorks,5,758862,6.71,Retail,4,13,43
VertexTech,4,1618780,7.94,Telecom,1,99,31
VelocityNet,23,649420,5.34,Education,2,11,87
ZenEdge,31,3463417,12.39,Ecommerce,5,-53,89
NexusLink,14,3469358,7.15,Retail,1,-69,57
NexusZone,19,4493069,9.84,Hospitality,4,-96,95
OrbitLogics,32,2527312,9.31,Education,3,1,0
PulseHub,16,126668,7.1,Media,4,37,44
PulseGlobal,6,3670765,3.63,Hospitality,1,93,17
RadiantWorks,20,2788662,0.2,Fintech,3,-56,65
NovaRetail,32,308431,18.41,Energy,2,-16,48
RadiantWorks,32,2698453,15.26,Logistics,3,44,40
EverestLogics,19,4374825,1.87,Food,1,-17,78
AtlasCore,15,2079140,3.96,Healthcare,1,-38,26
RadiantMedia,27,696362,11.73,Tourism,4,36,3
QuantumTravel,28,808971,6.18,Education,2,-8,24
PrimeRetail,36,2798730,16.5,Tourism,2,-17,93
HorizonDigital,33,4659463,15.27,Media,3,-15,66
ApexEnergy,20,2103187,10.64,Media,3,-42,90
OrbitEnergy,23,847610,14.09,Telecom,2,-28,66
BeaconHealth,12,3145162,18.27,Logistics,2,35,88
VelocityGlobal,7,2806089,1.46,Telecom,2,64,10
VertexHub,27,3754221,4.11,Hospitality,5,15,73
RadiantHealth,33,1078657,15.17,Media,3,-20,88
SummitEnergy,40,3205448,13.43,Ecommerce,1,-30,10
PrimeHub,31,1928243,15.35,Fintech,2,69,62
HorizonPoint,32,1593932,3.64,Tourism,3,6,18
NimbusGlobal,21,3821691,10.94,Ecommerce,5,92,50
BeaconCore,25,1521540,15.63,Energy,1,66,73
ApexGlobal,1,859607,12.06,Manufacturing,2,-20,6
VertexLink,15,4230950,4.86,IT,2,-31,55
PrimeTech,16,428502,18.63,Energy,5,-42,12
RadiantNet,14,2656338,1.36,Media,3,-25,67
VertexLabs,16,3479233,16.04,Logistics,1,-59,52
FusionTech,4,1350129,3.47,Logistics,5,38,77
RadiantSystems,24,1509795,8.82,Hospitality,3,37,67
VelocityTravel,13,417960,11.85,Healthcare,3,-28,51
ApexTravel,40,560403,2.18,Logistics,4,37,14
SummitHealth,1,69585,7.2,Retail,2,-34,73
NexusLink,14,1603334,8.86,Media,3,6,18
ApexMedia,34,4900776,9.29,Education,1,54,54
SummitFoods,33,3103746,5.1,IT,5,27,18
RadiantGlobal,12,4840973,18.21,Manufacturing,1,71,0
NovaEnergy,14,4754252,14.34,Telecom,2,66,49
BeaconEdge,1,3172635,4.54,Healthcare,4,-21,100
AtlasPoint,24,3303817,12.3,Media,5,-88,80
PrimeHub,39,3430735,18.56,Ecommerce,1,-15,66
VelocityLabs,9,4418554,15.08,Energy,1,-58,12
AtlasLabs,28,3194998,11.45,Logistics,4,47,66
VertexWorks,22,2682857,18.27,Ecommerce,1,5,61
FusionLabs,38,2890639,3.92,IT,4,98,36
NimbusTravel,25,385542,19.58,Food,5,35,60
AuroraLogics,10,4943284,3.68,Ecommerce,1,-84,39
OrbitLogics,16,3539451,10.81,Healthcare,2,-13,25
RadiantHealth,32,488477,10.63,Tourism,3,40,53
PulseZone,17,557182,9.42,Ecommerce,2,7,65
ApexDigital,23,2679371,19.41,Manufacturing,3,-8,19
PrimeLink,7,3647407,9.87,Logistics,1,38,69
EverestNet,27,1878968,18.65,Healthcare,2,-67,85
QuantumTech,32,2668913,8.09,Education,4,-28,91
NimbusEnergy,15,3144565,16.13,Telecom,4,-100,12
VertexEdge,19,1927268,5.25,Ecommerce,4,-99,15
RadiantTravel,17,4167792,0.59,Tourism,4,43,88
FusionFoods,20,2884494,15.78,Manufacturing,3,-50,68
OrbitHealth,35,2981255,10.02,Manufacturing,5,-89,23
PrimeRetail,39,4544486,3.33,Education,1,-95,29
NimbusHub,6,538636,8.94,Education,2,6,100
RadiantTravel,21,3410364,10.07,Hospitality,2,35,13
QuantumEnergy,33,2836121,9.74,Tourism,1,37,82
SummitWorks,1,3711562,11.86,Education,3,-37,64
HorizonHub,14,3244469,13.03,Manufacturing,3,61,7
NexusFoods,18,4876800,11.57,Ecommerce,5,-74,85
AuroraZone,40,4790832,16.57,Food,5,37,25
AuroraNet,9,386095,2.87,Ecommerce,3,2,64
EverestFoods,40,3768857,17.24,Hospitality,3,-45,50
NovaLogics,8,3861801,12.55,Retail,3,-56,77
PrimeGlobal,15,866226,10.95,IT,5,76,82
NovaTech,21,4263120,2.63,Hospitality,3,54,77
QuantumLabs,9,337869,0.54,Healthcare,4,75,43
VertexZone,15,4041984,9.91,Energy,3,10,73
SummitWorks,17,547569,1.59,Energy,1,50,94
ApexPoint,25,3735455,10.07,Retail,3,-6,96
NexusGlobal,26,944768,17.12,Energy,5,30,56
QuantumLabs,9,1078553,15.87,Logistics,2,-46,45
HorizonEnergy,9,4046634,12.97,Tourism,5,44,7
SummitNet,14,3120194,19.7,Logistics,2,1,31
OrbitPoint,1,4439909,17.18,Healthcare,5,-96,29
NexusDigital,34,586702,9.83,Ecommerce,4,24,19
PioneerHealth,9,387170,8.71,Media,3,-15,42
ZenGlobal,20,1028915,12.4,Fintech,3,95,10
PulseGlobal,11,1692763,2.87,Manufacturing,3,43,29
NexusNet,1,1023901,11.47,Education,3,-59,2
VertexEnergy,9,3409551,15.67,Retail,3,-58,61
FusionSystems,12,3698002,17.47,Hospitality,2,76,78
EverestLabs,21,3675499,15.23,Manufacturing,3,84,48
HorizonRetail,15,677153,9.12,Tourism,4,95,39
FusionEnergy,10,4632836,6.93,Energy,2,99,9
NovaLabs,4,1488129,0.84,Tourism,2,13,78
QuantumTech,18,1869062,17.48,IT,4,26,52
AtlasLabs,32,4672545,10.77,Retail,4,-92,57
NimbusFoods,15,2255831,14.49,Manufacturing,5,-18,26
PioneerSystems,23,1984684,8.17,IT,1,30,56
AuroraZone,1,3745076,13.07,Retail,4,-100,58
ZenLogics,1,4498134,16.22,Telecom,5,-61,42
HorizonEdge,31,14636,12.75,Energy,3,50,42
VelocityEdge,3,1013084,9.08,Food,1,-47,78
PioneerCore,4,4041212,15.47,Tourism,4,-56,49
BeaconHub,9,4775266,5.96,Logistics,2,83,30
OrbitEnergy,29,4879805,5.28,Retail,5,77,98
NexusRetail,38,1045610,7.61,IT,2,63,37
BeaconFoods,19,4134954,10.72,Hospitality,3,-53,35
NexusLink,18,2733421,16.97,Telecom,5,33,64
VelocityHealth,1,2633352,5.06,Healthcare,5,-25,83
EverestHealth,15,1649967,3.36,Logistics,4,-1,92
FusionWorks,15,1734094,12.92,Media,1,-8,61
NexusMedia,5,3787600,11.36,Tourism,5,-92,22
EverestFoods,40,148233,9.68,Healthcare,1,81,21
BeaconEdge,37,55263,10.14,Hospitality,3,-32,6
RadiantHub,22,806285,5.59,Hospitality,3,-94,60
HorizonMedia,13,2043220,13.73,IT,2,-89,66
NimbusFoods,12,928422,7.36,Manufacturing,5,-43,45
NimbusNet,4,4736729,8.29,Ecommerce,4,-2,85
AuroraNet,23,1788256,17.04,Manufacturing,5,-71,58
HorizonLink,15,1686818,0.76,Media,1,-15,83
FusionPoint,13,4478354,14.92,Logistics,1,-30,94
AuroraDigital,28,3636376,7.4,Hospitality,2,2,37
PioneerGlobal,2,3664677,9.11,Fintech,5,96,95
NovaCore,4,2490053,17.55,Hospitality,5,-33,35
PrimeZone,28,3922877,0.88,Logistics,3,-48,33
NimbusLink,30,710870,12.01,Energy,2,6,21
SummitTech,34,1746359,12.87,Food,4,96,31
AuroraDigital,28,2143732,1.91,IT,1,65,54
ZenNet,11,2616506,4.8,Logistics,5,38,24
FusionLogics,17,758753,4.35,Tourism,5,1,51
PrimeMedia,32,1186672,10.1,Media,3,90,84
HorizonPoint,31,1607797,19.32,IT,1,-92,27
OrbitHealth,12,4777791,14.97,Logistics,3,19,75
PrimeWorks,17,969208,9.14,Tourism,4,79,52
FusionTravel,32,3596985,2.01,Education,3,-81,77
NexusFoods,1,1353452,18.35,Healthcare,2,-96,60
NovaWorks,28,4852624,5.39,Manufacturing,3,-51,53
NexusHub,2,4666101,17.17,Retail,1,-34,69
QuantumFoods,38,3758103,10.6,Healthcare,5,51,79
NovaEdge,28,1804436,17.94,Media,3,-33,32
PrimeLink,27,3718872,3.22,Fintech,4,39,83
VelocityDigital,7,460792,2.11,Consulting,3,13,39
BeaconFoods,1,601383,14.94,Tourism,4,-15,36
VertexLogics,3,457607,14.44,Retail,2,-88,72
PrimeLogics,13,2371487,16.44,Manufacturing,5,56,11
NexusHub,31,2236568,4.05,Ecommerce,4,-75,45
RadiantGlobal,36,4494225,5.36,Hospitality,2,-6,8
ZenFoods,4,3936802,9.6,Media,5,91,94
HorizonGlobal,27,2935244,14.1,Education,5,-60,33
NexusCore,12,1498216,16.78,Telecom,1,-89,71
ApexHub,18,4391984,19.28,Tourism,1,85,94
ApexCore,21,1798152,8.54,Retail,1,65,91
SummitCore,23,3371108,12.89,Manufacturing,2,13,27
FusionNet,6,736867,0.92,Food,4,32,55
BeaconLogics,40,2943911,15.94,Consulting,1,79,87
NovaTravel,24,2345769,18.25,Manufacturing,4,16,52
RadiantEdge,32,1037518,3.73,Manufacturing,2,-83,88
HorizonCore,7,3529525,12.36,Food,2,-47,46
PioneerNet,4,988220,11.42,Manufacturing,5,-21,9
HorizonLogics,3,4161601,12.69,Energy,4,-62,38
NovaSystems,12,2664963,8.46,Tourism,5,27,31
VertexMedia,33,1133540,3.77,IT,4,28,4
SummitPoint,36,1640648,10.69,Telecom,3,9,61
BeaconLogics,18,896077,2.47,Retail,4,-3,54
AuroraTravel,39,284142,5.7,Hospitality,3,-96,20
FusionTech,28,2773004,15.28,Tourism,2,-95,41
EverestRetail,16,2769479,9.86,Consulting,1,-29,26
RadiantGlobal,30,1673226,3.26,Logistics,4,42,26
NovaZone,34,979176,7.05,Tourism,3,35,76
PulseRetail,39,3586944,10.27,Education,4,47,9
SummitNet,18,3768761,14.16,Food,4,-25,48
ZenMedia,24,2116678,4.24,Manufacturing,2,-33,47
AuroraCore,36,3239971,1.1,Hospitality,4,-86,77
VertexCore,34,4963629,5.77,Food,4,-29,24
NexusSystems,21,754877,13.5,Retail,5,-21,94
BeaconFoods,1,2964448,7.64,Manufacturing,2,-10,75
FusionDigital,36,2539939,4.68,Energy,1,-3,9
PioneerRetail,3,2092832,5.11,Retail,1,-7,11
EverestHealth,22,438411,12.6,Energy,5,27,41
NexusPoint,27,4708984,14.24,Food,2,70,19
QuantumEnergy,22,897379,4.39,Ecommerce,3,-34,12
NovaZone,8,3281304,10.89,Fintech,3,-34,46
AtlasLink,8,940385,15.23,Consulting,3,75,14
NovaEnergy,11,2928431,5.25,IT,4,-4,51
SummitMedia,40,1548014,17.27,Education,2,19,31
ZenCore,33,3285983,1.39,Media,4,3,21
AuroraHub,12,4347101,15.81,Food,5,-10,93
AtlasLabs,36,4640166,6.57,Food,4,71,3
AtlasDigital,5,1177511,7.27,Tourism,5,24,52
SummitLink,13,1182450,13.56,Ecommerce,1,95,30
PioneerNet,8,1670615,5.65,Consulting,3,99,35
FusionTravel,23,2622608,14.64,Consulting,4,53,79
ApexMedia,6,2208324,18.86,Media,4,-11,97
NovaTech,24,1128493,6.32,Fintech,4,13,54
NexusSystems,9,156879,0.87,Ecommerce,4,-24,61
AuroraLink,37,2640483,17.54,Retail,4,-41,43
PulseNet,18,2947020,12.61,Logistics,3,-8,76
VertexWorks,29,607927,19.28,Consulting,4,38,98
NimbusEnergy,5,1570593,13.23,Retail,5,-52,56
NexusGlobal,31,3994136,1.5,Tourism,3,-29,89
NexusGlobal,36,1755269,11.34,Education,4,14,64
NexusRetail,6,721880,16.19,IT,4,-78,72
VelocityMedia,19,3012023,10.92,Ecommerce,5,-31,1
ApexMedia,6,4854716,13.53,Energy,3,-58,4
OrbitSystems,8,4836928,8.88,Retail,4,36,11
OrbitRetail,30,2906741,11.58,Tourism,4,4,92
AtlasLabs,19,3139011,0.73,Hospitality,1,-73,83
VelocityLogics,35,2000968,17.39,Telecom,5,-93,94
EverestEnergy,17,684330,19.47,Consulting,4,-55,72
RadiantCore,40,1768903,3.42,Manufacturing,4,31,42
PioneerTech,6,440924,10.93,Education,2,54,90
PioneerLogics,24,2084042,8.74,Energy,5,-76,22
PioneerSystems,30,3742925,10.82,Tourism,5,14,28
EverestSystems,23,3121474,18.1,Consulting,3,-10,44
PioneerRetail,26,2646723,4.23,Ecommerce,1,-8,29
NimbusRetail,19,4965515,3.18,Healthcare,4,50,8
VertexTravel,7,464822,14.92,Energy,1,-32,1
AtlasCore,6,2993969,18.75,Retail,2,24,6
OrbitLogics,31,2641234,8.65,Retail,4,26,98
SummitHealth,17,2572201,1.14,Manufacturing,1,-89,96
AuroraLogics,36,3809589,4.55,IT,3,41,15
NexusFoods,29,3774678,0.86,Tourism,4,80,22
NimbusHealth,35,2581867,18.82,Energy,3,-32,72
VelocityMedia,13,2507228,5.24,Consulting,3,-46,61
RadiantLink,26,1499746,0.57,Retail,5,-72,38
NimbusLogics,31,3855421,1.12,Logistics,3,-61,6
NexusEnergy,11,1778460,7.21,Retail,1,-29,22
SummitLink,24,4950200,8.72,Telecom,3,-64,69
RadiantTravel,3,2303844,5.74,Food,2,48,95
EverestEnergy,15,2605581,13.1,Tourism,2,9,39
FusionMedia,34,191317,13.83,Consulting,4,-72,91
EverestEdge,12,2522104,16.51,Education,4,-2,69
PioneerRetail,31,1613737,2.63,Ecommerce,1,39,65
PulseRetail,8,2113679,19.96,Hospitality,1,56,80
AtlasHealth,34,1973723,16.21,Energy,1,-92,51
OrbitWorks,31,2382438,16.68,Healthcare,1,-15,93
VertexEdge,21,3195381,4.03,Ecommerce,1,-64,77
PulseDigital,31,1808028,9.96,Manufacturing,2,-87,74
RadiantRetail,31,3368993,17.17,Fintech,4,62,35
NexusCore,40,4450125,6.9,Tourism,4,4,29
PrimeFoods,32,3666259,17.62,Tourism,3,-14,57
OrbitMedia,16,3209697,8.54,Consulting,2,-38,36
QuantumTravel,1,4095998,14.76,Ecommerce,1,-13,50
PrimePoint,19,2515368,3.47,Healthcare,5,36,45
AtlasDigital,10,4092649,14.26,Ecommerce,4,-37,38
ApexCore,3,817581,13.06,Retail,3,20,86
QuantumCore,9,4595815,10.14,Media,4,-39,82
NimbusZone,39,3185464,12.11,IT,4,-87,65
OrbitRetail,38,4687236,7.55,Consulting,4,94,100
QuantumHealth,27,3329024,7.74,Logistics,2,-21,87
VelocityTech,21,643219,0.22,Consulting,1,-91,37
BeaconCore,32,3035223,0.3,Fintech,1,89,71
HorizonSystems,34,2709055,17.11,Education,2,22,94
AuroraSystems,1,3033397,14.06,Ecommerce,5,-90,51
NexusEnergy,12,4972001,16.28,Manufacturing,2,84,36
PrimeEdge,12,3934086,10.83,Energy,1,77,44
NovaSystems,30,257566,5.94,IT,4,-5,80
VelocityCore,33,4729816,17.54,Healthcare,4,89,36
PrimeZone,21,3010097,19.75,Energy,4,27,58
AtlasPoint,17,1179672,19.64,Retail,5,71,89
PioneerWorks,22,3316990,7.48,Consulting,1,56,8
VertexSystems,31,2684760,12.29,Manufacturing,3,49,11
QuantumLink,37,3974762,11.48,Fintech,3,5,1
SummitHealth,17,23799,9.4,Consulting,2,-58,25
ZenPoint,35,3006569,11.35,Manufacturing,3,61,55
EverestZone,27,717694,13.38,Telecom,3,73,25
ZenLogics,28,4489438,1.11,Healthcare,1,-72,92
FusionCore,16,105833,1.04,Fintech,2,-27,0
FusionMedia,18,3088625,13.48,Telecom,3,-14,27
AtlasTech,37,4944659,2.45,Logistics,4,51,60
ApexWorks,6,4546117,0.44,Manufacturing,1,-40,47
VelocityLabs,33,3690921,9.15,Logistics,4,-76,0
EverestPoint,15,1766305,5.17,Telecom,3,-81,75
NimbusNet,28,814349,11.24,IT,2,95,24
VertexLogics,10,4786223,15.46,Energy,5,49,27
AtlasLabs,19,3213315,5.71,Ecommerce,3,4,11
VelocityTech,7,2706169,18.29,Education,5,78,83
NovaFoods,22,4133411,5.35,Hospitality,3,0,48
VelocityDigital,1,2240899,14.16,Retail,5,13,52
BeaconDigital,38,136466,10.26,Education,1,-41,0
EverestTravel,12,4571511,14.6,Healthcare,1,-24,81
VelocityLabs,40,1691236,3.67,Manufacturing,2,88,69
PulseCore,30,2358145,7.96,Fintech,1,-53,44
VelocityZone,16,884105,0.65,Manufacturing,2,-97,20
BeaconEnergy,7,4199301,11.81,IT,4,74,38
PrimeWorks,17,3242298,16.16,Consulting,4,49,51
RadiantEdge,5,141069,1.8,Energy,4,90,43
NimbusTech,19,2088227,13.41,Education,1,23,33
OrbitEdge,21,2958417,16.25,Manufacturing,3,-84,55
NimbusWorks,28,945896,0.56,IT,4,-77,19
PioneerEnergy,8,3709034,2.65,Energy,5,-38,76
NexusLabs,34,1200938,12.44,Consulting,3,61,58
PioneerGlobal,15,2965270,9.57,Ecommerce,4,-42,67
VelocityWorks,34,997913,7.86,Telecom,2,-74,80
ZenHealth,6,3711695,14.97,Retail,4,64,46
VertexFoods,7,999791,14.46,Retail,1,67,100
EverestPoint,32,3041358,4.38,Retail,5,2,91
VelocityDigital,2,4999683,18.15,Telecom,5,64,33
EverestDigital,26,4545048,9.58,Education,1,19,6
BeaconLink,25,4842254,15.88,Healthcare,2,68,10
RadiantCore,12,4031375,12.89,Energy,2,-34,71
EverestPoint,12,2404514,10.11,Ecommerce,2,100,97
QuantumPoint,34,1268348,1.66,Healthcare,4,41,69
ZenGlobal,23,3458767,9.95,Telecom,4,8,64
NovaHealth,3,1099120,14.14,Consulting,2,31,95
VertexCore,35,3670461,5.35,IT,2,83,95
FusionSystems,3,663068,7.24,Energy,3,21,51
FusionTravel,13,165128,10.53,Ecommerce,5,15,98
VelocityTravel,12,4279004,15.36,Fintech,2,-48,34
ApexEnergy,39,1314432,5.37,Retail,3,51,59
RadiantNet,16,3886108,13.55,Ecommerce,1,-51,89
BeaconHealth,25,1755078,5.65,Tourism,1,-96,96
NovaMedia,28,225873,9.5,IT,2,21,38
OrbitEdge,33,3018433,15.26,Energy,2,19,47
AuroraTech,5,788036,1.76,Logistics,5,-43,13
NovaEnergy,25,3051823,3.03,Logistics,2,40,36
ApexTravel,28,4170791,2.36,Energy,3,-74,57
FusionZone,2,3111553,0.54,Tourism,3,93,6
PioneerPoint,15,2810231,16.23,Hospitality,4,75,74
ApexGlobal,35,90028,10.4,Food,3,-13,49
QuantumZone,29,4961741,14.05,Consulting,4,70,36
RadiantHealth,26,334434,19.4,Consulting,1,19,91
OrbitLogics,8,3444350,0.44,Telecom,3,40,45
FusionMedia,36,2666968,8.46,Telecom,2,-55,60
AuroraGlobal,27,2007212,13.86,Healthcare,2,57,25
ZenEnergy,5,156953,9.78,IT,2,45,17
FusionWorks,14,2271275,10.76,Telecom,5,-100,40
SummitDigital,19,115017,10.33,Tourism,1,-69,86
NexusSystems,5,3763412,17.98,Logistics,4,49,6
AtlasZone,5,2020082,12.18,Logistics,3,54,78
BeaconPoint,3,2877833,15.14,Tourism,1,-14,11
VertexMedia,30,686268,6.75,Food,4,3,41
SummitEdge,1,3489044,11.84,Hospitality,4,35,93
PulseEnergy,35,4212301,8.99,Retail,5,-23,69
BeaconPoint,21,2318279,13.21,Telecom,5,52,62
AtlasTech,7,373685,17.56,Media,3,-28,89
QuantumPoint,40,1358114,0.56,Tourism,5,-58,76
AuroraNet,17,4602001,10.7,Education,2,-82,1
RadiantSystems,33,1501389,17.13,Tourism,2,2,32
EverestFoods,20,394600,10.18,Retail,4,-31,98
SummitTravel,30,742025,13.24,Food,4,22,28
SummitZone,21,4630793,17.93,Fintech,2,-100,0
PrimeZone,7,1279529,5.88,Healthcare,3,48,59
VelocityEdge,22,731736,13.65,Consulting,3,58,98
VelocityDigital,23,435511,10.3,Manufacturing,1,-37,92
NexusPoint,27,4367890,9.42,Media,4,49,38
SummitRetail,31,215474,11.01,Manufacturing,4,38,70
SummitPoint,4,3421288,10.62,Media,2,-23,8
EverestRetail,20,3422827,12.77,IT,2,-92,80
VelocityRetail,17,777623,4.19,Education,1,-93,20
OrbitRetail,7,613278,8,Healthcare,4,-1,9
FusionMedia,16,4735356,14.81,Tourism,1,16,25
VertexSystems,6,4271902,7.41,Ecommerce,4,-77,2
NimbusGlobal,9,487718,10.94,Education,4,80,42
QuantumLogics,15,2728449,3.94,Food,2,-45,97
NimbusDigital,5,4936242,3.99,Energy,5,16,32
AtlasWorks,7,973524,12.03,Telecom,2,51,19
FusionFoods,1,3913132,6.12,Tourism,4,93,86
EverestLabs,12,1254535,16.25,Energy,1,-27,0
RadiantTravel,20,2484051,15.66,Telecom,5,-5,84
RadiantNet,1,4661547,17.82,Food,3,98,90
AuroraCore,15,2430276,7.49,Telecom,2,-89,49
ApexZone,32,1075403,19,Tourism,4,-59,48
RadiantFoods,35,324507,17.95,Hospitality,3,-97,30
SummitCore,39,69581,9.61,IT,1,-45,18
OrbitFoods,15,1600627,3.63,Telecom,4,-7,33
QuantumLogics,15,4980806,16.49,Healthcare,5,8,61
VertexFoods,29,4261128,10.97,Telecom,4,-13,67
OrbitTech,30,2867434,12.51,Ecommerce,5,73,81
QuantumFoods,4,1757151,13.16,Tourism,2,-16,30
AtlasEdge,18,3392948,9.17,Hospitality,2,-90,0
OrbitEnergy,33,2650521,10.75,Retail,1,89,10
HorizonLink,10,4377082,7.07,Media,1,-64,88
VertexPoint,32,1205997,17.01,Education,2,56,17
ZenSystems,19,3215293,0.76,Consulting,5,-91,31
AtlasDigital,23,2464764,15.88,Ecommerce,1,7,21
VertexEnergy,9,2070280,5.56,Food,3,-73,23
ApexWorks,20,4842603,16.79,Ecommerce,3,-42,34
PulseLink,7,4787835,6.11,Consulting,3,-100,10
NexusLogics,20,2881115,9.55,Telecom,2,-84,66
PrimeCore,21,1469527,9.96,Retail,5,-62,76
AuroraRetail,39,4777121,13.61,Ecommerce,4,-3,99
QuantumHealth,16,1310240,17.34,Ecommerce,4,-16,8
HorizonFoods,28,3869468,18.35,Fintech,5,35,13
RadiantLink,1,3922462,12.73,Education,5,-36,93
ApexHub,3,503060,4.85,Food,5,20,36
ApexPoint,7,453643,11.62,Ecommerce,4,-45,59
NimbusTech,12,152716,19.59,Healthcare,1,-43,72
ZenTravel,40,4904576,7.18,Telecom,3,72,14
ZenRetail,7,769369,13.97,IT,1,13,73
AtlasEdge,16,4013047,4.17,Energy,5,78,8
EverestHub,26,2290553,2.58,Telecom,4,85,45
PioneerLink,8,3533937,15.82,Telecom,2,47,69
NimbusTravel,30,3218755,0.5,Retail,3,-3,84
OrbitWorks,3,1695852,19.55,Ecommerce,2,-88,28
NovaPoint,16,105066,15.98,Manufacturing,2,-48,66
OrbitNet,32,266241,5.73,Consulting,3,0,29
ZenZone,3,4305954,18.17,Healthcare,5,9,19
PioneerEdge,11,1430687,9.66,Telecom,5,-31,59
SummitTech,5,4205422,16,Telecom,4,81,76
AuroraEnergy,19,3426862,6.79,Retail,1,76,76
PrimeEdge,11,2692147,10.22,Consulting,4,-95,28
FusionLogics,4,678385,2.8,Tourism,2,83,70
ApexCore,3,4023118,14.89,Consulting,2,-34,29
VelocityWorks,6,1071835,19.45,Healthcare,3,-23,24
QuantumFoods,5,3863759,7.8,Retail,5,19,96
ApexTravel,36,3679739,14.43,Logistics,5,44,16
AtlasHub,18,3352344,10.98,Ecommerce,3,56,71
OrbitNet,26,4591062,1.36,Tourism,5,72,98
HorizonEnergy,24,952059,12.79,Fintech,2,-62,94
AuroraTravel,2,3366192,18.11,Healthcare,2,77,40
OrbitCore,19,120557,18,Energy,3,-17,97
ZenLink,37,2879707,9.32,Education,1,-90,64
PrimePoint,12,4552748,6.91,Telecom,3,89,50
EverestEnergy,3,1308625,12.11,Hospitality,2,-78,94
OrbitHub,15,134948,0.5,Telecom,2,-46,54
ZenLogics,15,1809413,3.4,Consulting,5,43,62
PioneerPoint,37,615962,0.84,Retail,2,90,52
QuantumMedia,24,4541830,8.68,Retail,5,14,0
FusionFoods,5,2251492,19.96,Energy,4,-95,15
VertexNet,29,2174892,3.7,Retail,1,91,21
AtlasLabs,22,4611291,6.81,Media,2,-96,100
ZenDigital,37,4395698,10.79,Hospitality,2,98,71
PioneerLink,2,4416600,17.74,Food,3,-9,28
PulseHub,25,1624953,3.62,IT,4,12,51
AuroraEnergy,26,2141689,9.62,Manufacturing,5,83,33
FusionSystems,18,3316689,16.31,Telecom,1,39,77
SummitLink,35,2473578,16.58,Manufacturing,4,-83,64
ZenMedia,20,1726956,6.46,Logistics,5,-31,75
SummitMedia,9,2939499,7.46,Education,4,58,15
NexusDigital,13,4353395,16.27,Healthcare,2,1,65
NexusEnergy,17,4753747,16.74,Media,5,-61,64
RadiantEdge,37,2659401,14,Food,4,37,97
SummitGlobal,29,3163565,14.08,Media,2,-82,31
VertexGlobal,6,609195,6.64,Healthcare,4,49,33
VelocityWorks,16,117269,6.26,Ecommerce,3,-87,92
HorizonHub,12,3419462,10.08,Energy,3,-86,79
AuroraHealth,14,900315,4.42,Consulting,1,-36,55
PulseEdge,8,1646634,7.51,Consulting,3,-24,72
AtlasRetail,30,1935014,4.5,Hospitality,1,71,72
AtlasHealth,27,144616,13.45,Consulting,4,93,59
SummitEdge,11,749717,11.22,Fintech,1,48,7
QuantumFoods,39,2250850,5.17,Telecom,4,-97,25
AtlasWorks,24,3628944,19.41,Retail,1,11,6
NimbusRetail,33,3358646,16.1,Retail,2,-92,54
SummitTech,24,1116076,14.13,Manufacturing,5,90,17
SummitTech,35,3961282,10.15,Education,3,98,18
PioneerNet,3,153797,9.07,Ecommerce,2,15,54
QuantumWorks,1,4566543,9.17,Energy,5,-20,41
SummitTravel,34,504591,15.64,Energy,5,-52,70
PioneerGlobal,23,1147694,3.13,Ecommerce,3,86,77
AtlasTech,8,3036643,0.12,Logistics,3,47,70
AuroraEdge,6,758405,2.1,IT,1,4,33
SummitLogics,34,3703533,7.85,Tourism,3,100,100
FusionFoods,30,4783647,3.84,Media,4,-96,9
RadiantTech,24,1658509,7.18,Telecom,5,-85,37
AuroraEdge,36,1123975,10.74,IT,1,52,30
VelocityNet,1,4844661,19.29,Media,3,-23,91
VelocityTech,39,2329770,7.58,Retail,3,-60,35
QuantumEnergy,3,957737,16.9,Energy,1,-52,1
VertexHub,26,3254712,1.01,Food,5,86,74
VertexEnergy,8,3899516,16.92,Hospitality,3,15,67
OrbitDigital,4,1256420,10.35,Education,3,-13,97
BeaconHealth,34,4053772,18.84,IT,5,-51,70
NovaDigital,4,4477576,5.94,Ecommerce,2,-100,0
SummitTravel,14,1894158,4.43,Fintech,1,-92,35
NexusCore,8,2395647,8.09,Education,3,89,82
EverestHub,14,4253812,6.85,IT,2,-84,9
AuroraMedia,26,4474522,15.69,Tourism,2,24,79
PrimeLink,8,913125,16.63,Ecommerce,4,56,21
ZenNet,11,1869165,3.87,Ecommerce,1,-98,80
VelocityLink,38,3801784,4.07,Fintech,2,-23,59
FusionRetail,25,3345250,7.33,Hospitality,4,80,27
SummitEdge,23,3858208,19.3,Consulting,3,-22,44
NovaTravel,38,2232322,3.75,Logistics,1,-83,62
QuantumLogics,20,442140,19.17,Tourism,2,78,93
NexusRetail,21,3982345,19.63,Retail,5,68,78
BeaconHealth,38,12844,6.11,Ecommerce,1,-50,27
NexusLogics,32,2721249,12.4,Media,1,-76,53
PrimeEdge,38,4037182,3.9,IT,1,73,92
PioneerEdge,34,2186511,8.69,Media,2,15,54
PrimeNet,22,3716512,16.09,IT,1,84,45
PioneerFoods,11,3099250,8.34,Energy,3,25,78
ZenMedia,25,1417480,19.45,IT,3,-61,90
PioneerLink,22,3482512,12.08,Consulting,3,-91,18
VelocitySystems,22,4139720,8.86,Retail,5,-9,51
BeaconTravel,16,440726,17.52,Logistics,5,-56,47
NovaZone,27,3422195,17.8,Tourism,5,47,1
HorizonFoods,19,4418375,17.93,Consulting,3,-91,55
NovaMedia,11,2772949,5.43,IT,5,26,33
OrbitCore,8,3354233,3.26,Food,3,-12,5
VertexEnergy,33,1807570,15,Hospitality,2,78,69
RadiantEnergy,22,4071767,18.55,Consulting,2,-36,74
AuroraMedia,4,4930420,2.36,Retail,1,88,50
FusionWorks,25,3216504,19.7,Healthcare,5,21,3
AtlasMedia,23,2378100,13.79,Media,5,-32,18
NovaTravel,20,1526850,2.87,Media,5,-64,47
NimbusRetail,19,4349731,12.52,Hospitality,3,-12,49
PioneerNet,9,727197,18.47,Education,1,-63,95
HorizonTech,13,1177199,4.29,IT,3,-85,76
OrbitHub,38,931856,16.56,Tourism,1,-74,0
PulsePoint,28,3006726,11.43,Fintech,4,7,86
PulseNet,19,3608068,14.3,Logistics,1,-63,3
VertexNet,20,988216,6.72,Tourism,1,24,55
FusionGlobal,7,2010231,0.79,Fintech,4,-76,90
PioneerFoods,22,628928,15.93,Consulting,1,5,69
AuroraWorks,38,4068455,3.8,Manufacturing,5,-44,92
AtlasHub,22,3879579,6.51,Hospitality,3,-76,9
PrimeTech,36,3424895,5.52,Ecommerce,1,-55,34
QuantumSystems,16,3475008,3.07,Telecom,2,95,1
SummitEdge,17,90747,8.97,Education,5,78,6
SummitLabs,30,91639,8.04,Ecommerce,4,-31,22
ZenEdge,30,4841125,15.91,Fintech,1,-4,30
OrbitGlobal,22,1731681,7.71,Manufacturing,4,60,62
ZenHealth,21,4725654,14.9,IT,4,14,80
VelocityDigital,7,1152062,3.54,Ecommerce,3,-85,70
FusionDigital,38,2362184,16.99,Ecommerce,5,-1,58
NovaHub,35,1775690,3.76,Consulting,2,-86,49
ApexZone,39,2903555,8.83,Logistics,1,-13,53
RadiantNet,25,4531478,12.04,Manufacturing,2,13,80
NexusZone,39,746296,0.86,Food,1,18,76
VertexHealth,21,2168113,0.91,Healthcare,2,-92,22
NimbusEdge,18,1426391,3.08,Manufacturing,3,76,10
ApexTravel,25,3751717,4.35,Telecom,3,31,17
VertexEdge,33,738133,16.58,Food,4,-63,28
EverestHub,19,2799411,7.65,Telecom,5,46,60
PioneerHealth,10,4255422,18.84,Energy,3,-28,59
OrbitFoods,32,3302944,5.54,Fintech,5,5,70
ZenGlobal,37,3694503,19.04,Telecom,3,35,94
NovaNet,15,1418931,10.25,Consulting,2,-23,26
EverestMedia,12,4539693,16.71,Tourism,4,-21,65
QuantumMedia,10,377225,10.47,Logistics,5,-23,92
PrimeHub,23,2714275,3.76,Food,4,-69,16
PrimeCore,24,2988188,3.92,Logistics,5,-77,88
NovaEdge,40,4297683,11.11,Fintech,5,-9,71
NexusLogics,30,2721828,16.87,Education,4,-23,32
AuroraWorks,7,844269,4.74,Energy,2,40,33
RadiantTravel,18,3182574,1.48,Food,4,-88,21
VelocityZone,29,1513728,2.35,Education,3,53,39
ApexEdge,3,4330914,17.49,Hospitality,1,23,80
NexusZone,34,579850,13.37,Manufacturing,4,-62,43
PrimeEnergy,13,1126894,12.11,Telecom,2,42,94
QuantumZone,19,221862,17.1,Food,5,82,47
BeaconLink,12,2348128,7.42,Media,4,-92,26
AuroraLabs,8,4687424,0.85,Telecom,5,-30,86
AuroraEdge,24,2172951,6.57,Consulting,4,29,92
EverestPoint,2,312655,9.15,IT,1,-70,66
FusionDigital,28,107623,16.08,Logistics,1,21,44
EverestFoods,12,331449,5.61,Food,5,-70,81
SummitZone,4,3302000,4.9,IT,3,83,24
QuantumEnergy,18,4446512,8.57,Ecommerce,1,32,11
AtlasLink,37,2827070,2.12,Manufacturing,2,-87,66
ApexRetail,31,3189064,15.32,Tourism,3,55,13
AtlasLabs,37,1653894,9.87,Tourism,4,83,65
PrimeTech,9,3478933,18,Hospitality,3,-20,74
SummitWorks,20,2327550,17.48,Food,1,48,98
OrbitCore,25,3905159,5.89,Healthcare,4,59,31
EverestGlobal,36,308563,18.42,Logistics,5,-24,41
BeaconHealth,40,4949482,14.61,Media,2,-87,47
SummitHealth,37,829812,4.34,Education,4,14,36
AtlasHub,27,1855546,11.92,Manufacturing,5,-28,1
BeaconFoods,16,2100544,12.96,Energy,1,-47,6
VelocityNet,11,2656909,11.58,Manufacturing,2,13,81
NimbusHub,32,3413384,10.07,Telecom,3,-62,48
AuroraEdge,6,1178469,4.48,Hospitality,3,-98,33
PrimeMedia,14,2016781,5.06,Retail,5,-17,99
HorizonMedia,34,3929825,13.74,Healthcare,2,-96,76
AuroraLogics,19,322644,13.58,Tourism,3,-67,58
HorizonSystems,20,1849140,4.32,Logistics,3,-18,67
AuroraHub,8,526483,19.72,Telecom,5,-98,44
PrimeFoods,35,1801855,8.85,Consulting,2,32,78
QuantumPoint,4,3130704,14.66,Consulting,1,-82,55
NimbusHub,38,3373992,2.5,IT,3,-76,55
PulseLabs,5,1596584,1.19,Food,3,-1,77
PrimeCore,4,4838989,5.82,Manufacturing,3,24,56
OrbitEnergy,20,2284265,5.11,Tourism,2,77,100
OrbitHealth,21,1843339,19.67,IT,1,-23,58
PulseHealth,14,3235241,7.74,Consulting,4,-74,67
FusionMedia,25,1271585,14.91,Media,2,-85,4
OrbitRetail,27,4537370,10.35,Media,3,3,5
NimbusSystems,12,3325278,3.5,Consulting,5,-77,46
NimbusEdge,24,4755813,18.39,Fintech,3,-61,34
PioneerLink,26,4081734,7.62,Logistics,2,-37,45
NovaNet,23,3184063,9.6,IT,4,-38,24
BeaconTravel,1,2691213,11.53,Food,2,-14,36
EverestHealth,23,1871162,15.41,Media,1,25,42
ApexDigital,12,1674713,6.09,Manufacturing,3,-92,40
OrbitPoint,19,2610886,5.9,Media,5,-51,74
NimbusLogics,27,3234699,12.66,Fintech,1,-37,22
NovaCore,31,2958891,5.11,Telecom,1,-86,48
ApexRetail,19,772803,19.31,Consulting,1,-35,34
PulseHealth,18,1855262,3.77,Manufacturing,3,23,18
BeaconEnergy,29,2942485,9.82,Education,5,-3,95
PioneerTech,6,2781152,3.84,Telecom,3,30,23
PrimeRetail,32,4698965,8.48,Manufacturing,5,-45,59
ZenLink,11,4928542,6.88,Fintech,3,-41,6
RadiantSystems,34,599211,18.96,Telecom,3,-93,22
PrimeCore,34,1512124,5.81,Telecom,5,41,47
VelocitySystems,14,1821888,2.93,Food,5,47,6
SummitMedia,38,1223813,5.88,Media,5,-31,66
AtlasCore,6,878050,14.68,Logistics,4,5,45
NovaLink,30,4544786,15.96,Energy,3,-37,29
PioneerNet,22,4977601,0.11,Healthcare,2,-77,7
NimbusLabs,2,2410192,7.73,Consulting,5,41,32
NimbusLabs,1,3976677,1.05,Manufacturing,1,100,58
NovaNet,20,1522736,12.09,Hospitality,5,28,64
AuroraHub,1,2412584,13.69,Tourism,1,-77,33
ZenLabs,32,3406336,15.1,Food,5,-74,35
QuantumLink,6,1810343,15,Ecommerce,2,-61,27
SummitRetail,3,3270317,7.96,Energy,5,-96,42
HorizonDigital,19,2063894,6.36,Energy,3,11,74
PulseHub,31,1894088,10.03,Ecommerce,4,32,25
NimbusWorks,37,3908632,10.25,Retail,2,34,33
ZenTech,14,2374870,18.98,Education,4,-75,14
PioneerLink,2,495054,18.89,Food,4,87,90
VelocityEnergy,22,4894506,15.2,Food,1,-3,64
ZenFoods,20,4019961,2.02,Hospitality,3,-31,35
AtlasRetail,11,763055,19.59,Energy,2,70,12
SummitSystems,19,3301542,16.28,Manufacturing,5,82,18
VelocityRetail,39,4224879,12.02,Fintech,2,100,53
QuantumGlobal,5,1581727,4.28,Retail,3,-29,51
PioneerCore,39,447720,0.23,Telecom,3,-10,36
QuantumLabs,36,3047712,10.76,Manufacturing,5,-18,49
NexusFoods,11,4690902,18.86,Retail,2,-34,68
HorizonTravel,27,1711147,5.07,Healthcare,4,61,43
PulseFoods,1,220260,5.43,Telecom,4,78,43
ApexLink,39,2110120,10.33,Healthcare,5,-56,91
FusionSystems,25,4675448,16.67,Logistics,5,-76,45
PioneerRetail,37,4671031,9.59,Media,2,-27,11
HorizonFoods,12,3108211,5.97,Hospitality,1,42,24
EverestGlobal,3,443471,18.71,Energy,5,-19,1
AtlasHealth,9,1545010,14.73,Telecom,5,52,65
FusionFoods,28,1183366,14.09,Energy,3,-79,78
PrimeFoods,30,805480,9.84,Manufacturing,2,-87,73
PulseDigital,9,4077658,12.34,Manufacturing,2,98,24
AtlasRetail,26,4272794,5.03,Hospitality,5,-94,61
SummitPoint,16,2368726,15.18,IT,1,-64,96
HorizonPoint,27,2917276,16.07,Telecom,2,-2,79
QuantumMedia,14,3024467,15.12,Energy,2,83,21
PioneerTech,36,3963936,11.9,Healthcare,4,-29,65
PulseRetail,26,1902228,14.47,Retail,3,74,71
NovaEdge,3,4641204,18.16,Education,4,20,61
QuantumWorks,30,2101819,0.3,Fintech,3,-42,93
RadiantTech,26,4268949,12.08,Tourism,1,-41,69
AuroraHealth,16,3850310,1.82,Energy,4,22,59
AuroraNet,17,768655,18.26,Ecommerce,3,-21,2
ZenMedia,37,3632437,4.69,Fintech,3,69,47
NimbusGlobal,20,2441800,18.3,Hospitality,3,91,37
VelocityLogics,37,1987769,13.46,Tourism,4,73,37
PrimeTech,16,645944,17.04,Fintech,3,41,99
PrimeWorks,10,16919,6.32,Fintech,2,-69,54
NexusEdge,21,4183666,14.15,Ecommerce,1,63,5
VelocityWorks,35,176372,6.04,Ecommerce,2,-62,84
NexusGlobal,36,3775184,13.64,Media,3,-57,91
QuantumHealth,27,517681,9.07,Fintech,4,48,84
NovaZone,5,251524,10.73,Tourism,1,75,73
OrbitLabs,27,3623271,3.94,Hospitality,4,78,62
OrbitMedia,14,3451414,4.59,Hospitality,4,-7,96
VertexRetail,13,1189855,16.22,Logistics,3,-72,4
AuroraPoint,12,3329342,6.9,Telecom,3,70,70
EverestRetail,4,35351,12.38,Ecommerce,3,6,75
RadiantNet,30,581953,17.44,Tourism,1,48,48
SummitLogics,21,1173763,14.26,Healthcare,1,-86,47
VertexLabs,15,340169,13.29,Education,1,-82,22
SummitEdge,7,3044045,6.28,Retail,2,-92,64
ApexFoods,35,1864548,9.23,Retail,5,87,66
NexusMedia,39,2699512,6.94,Healthcare,5,-25,71
ZenNet,6,164600,18.28,Media,4,-88,67
VelocityWorks,13,739858,8.16,Consulting,1,-92,84
EverestEdge,4,788836,19.95,Education,4,-30,63
ZenTech,12,233335,2.16,Education,5,20,35
RadiantDigital,8,4193979,10.86,Media,2,1,92
ApexEdge,15,3935229,17.66,Food,3,82,18
HorizonMedia,6,1962243,9.72,Media,1,-60,46
AuroraHealth,17,2272107,6.1,Education,1,92,83
ZenDigital,36,2396037,17.35,Fintech,5,80,76
SummitSystems,36,1663646,18.77,Food,1,-51,15
PioneerEnergy,2,4524968,4.65,Consulting,4,-41,94
VelocityMedia,6,3539996,7.27,Food,1,-37,17
PioneerPoint,18,3981337,4.94,Tourism,5,-28,53
AuroraDigital,27,3063756,10.81,IT,5,-21,53
BeaconWorks,34,1859394,5.43,Consulting,4,99,29
NovaMedia,3,2971728,3.7,Tourism,4,36,21
HorizonLink,33,4446116,18.61,Education,2,-10,46
HorizonEnergy,20,3786995,19.58,Healthcare,2,-50,44
PulseLabs,11,3074522,13.61,IT,2,-19,99
QuantumNet,22,827160,6.91,Manufacturing,5,-50,99
NovaLink,6,4034321,0.83,Energy,1,-29,79
PrimePoint,28,4759759,3.44,Food,5,-76,61
AtlasLogics,23,814468,10.02,Consulting,3,-25,21
NovaSystems,19,1669718,12.8,Education,2,-81,17
RadiantFoods,20,2419468,11.38,Retail,5,82,11
HorizonZone,39,21831,9.92,Retail,2,52,69
PioneerMedia,6,1232399,11.98,Ecommerce,5,100,11
FusionNet,26,3555828,17.36,Retail,2,76,91
OrbitZone,35,378268,14.02,IT,3,-83,34
BeaconPoint,1,3339629,5.71,Ecommerce,5,99,46
NovaCore,26,2520066,0.94,IT,2,-1,40
EverestWorks,5,3056301,6.94,Logistics,3,-95,5
SummitEdge,36,848954,0.44,Fintech,3,-89,30
SummitWorks,18,460134,8.86,Food,5,-34,62
FusionCore,5,2869054,9.82,Hospitality,5,8,20
VelocityGlobal,36,607656,16.79,Logistics,4,2,8
FusionLink,30,2524191,19.11,Education,5,61,82
NexusHub,13,4732130,6.51,Tourism,4,65,72
HorizonGlobal,18,354135,4.83,Tourism,5,14,39
ApexLabs,39,1173967,8.89,Hospitality,1,7,99
VertexDigital,27,2965767,15.6,Healthcare,3,-97,94
VelocityPoint,13,1882245,2.63,Tourism,5,37,94
NimbusPoint,4,831676,13.13,Telecom,5,-28,31
FusionEdge,35,1732566,2.41,Healthcare,2,-68,29
SummitCore,16,534698,9.75,Energy,3,75,4
VertexNet,21,3945069,9.41,Logistics,1,-5,91
OrbitMedia,24,4039355,3.69,Media,5,-65,65
AtlasRetail,21,1624488,0.2,IT,2,65,66
SummitEdge,38,4984364,13.79,Healthcare,1,-91,79
AuroraCore,12,2921663,9.78,Media,4,64,66
NexusHub,18,1158700,4.66,Logistics,5,44,41
NovaTravel,5,3350604,3.56,Fintech,4,20,4
AuroraMedia,8,1054502,6.93,Energy,4,-27,35
OrbitEnergy,27,831759,6.28,Logistics,2,-8,51
HorizonSystems,36,2227392,6.63,Tourism,2,-76,89
AuroraNet,9,1951593,15.47,Food,4,-64,95
PrimeRetail,10,560750,16.95,Telecom,4,58,59
NovaLabs,2,3861333,3.54,Tourism,1,27,72
AtlasCore,38,319400,0.81,Education,2,-99,53
OrbitEdge,22,2822853,1.4,Telecom,5,-96,96
PrimeCore,4,3588124,2.07,Ecommerce,1,-27,49
PulseNet,25,3790906,2.33,Healthcare,1,-56,51
PioneerTravel,5,807835,4.53,Logistics,4,55,32
AuroraTech,37,3617570,15.88,Manufacturing,5,12,27
AuroraRetail,28,3264023,1.22,Consulting,4,-88,73
EverestLink,12,4150192,7.6,IT,1,92,20
VelocityHealth,2,813060,17.51,Manufacturing,4,-90,28
ZenCore,16,3134811,8.11,Energy,1,37,43
VelocityPoint,3,4076391,7.06,Media,3,-61,55
SummitFoods,28,529954,17.74,Consulting,5,-20,36
BeaconMedia,1,4322679,19.42,Telecom,2,-1,2
AuroraSystems,40,3611141,16.55,Consulting,4,38,10
EverestLabs,5,651278,11.49,Media,2,-76,29
NexusFoods,29,2571150,1.35,Education,4,-94,11
VelocityZone,16,3041133,8.15,Telecom,1,0,7
SummitGlobal,30,2415794,3.85,Logistics,2,-25,9
NexusLabs,1,3716466,11.48,Logistics,1,-41,28
ZenLink,18,2897270,5.1,Energy,5,-43,85
NexusLink,10,3320266,16.54,Retail,3,26,48
ApexWorks,27,2058918,3.51,Tourism,4,-11,76
OrbitLogics,38,4269802,4.1,Healthcare,4,15,55
NovaZone,4,254000,13.46,Consulting,2,77,16
NexusDigital,12,4325235,4.3,Retail,5,-19,76
EverestCore,31,3757953,12.87,Tourism,1,-26,30
SummitDigital,24,4431123,11.24,Tourism,3,60,51
FusionMedia,40,123304,14.98,Food,2,49,71
EverestMedia,7,1897604,18.98,Manufacturing,1,38,46
NimbusHealth,14,3899217,19.98,Consulting,4,96,8
VertexHub,37,1305269,12.22,Fintech,1,-10,42
OrbitTech,34,2687564,1.02,Hospitality,3,85,60
ApexHealth,21,1413504,0.88,Healthcare,1,47,29
PulseEnergy,40,2433360,12.85,Fintech,1,55,47
AuroraEnergy,19,4890787,5.1,Media,4,-71,95
AtlasSystems,30,3751925,13.83,Telecom,2,-33,58
RadiantDigital,16,1349155,6.8,IT,3,-11,100
NexusLabs,14,2376531,1.75,Fintech,2,17,60
NimbusWorks,21,1498636,15.73,Consulting,4,39,69
EverestWorks,29,2179103,6.59,Education,1,-50,19
SummitPoint,28,3673452,8.8,Healthcare,5,57,73
VelocityMedia,9,4589549,4.62,Energy,5,25,100
PrimeRetail,1,1472889,16.95,IT,3,-50,16
BeaconTravel,28,4138174,15.57,Healthcare,1,35,12
PrimeDigital,27,1861779,9.57,Tourism,1,8,15
QuantumHub,16,3207301,10.84,Energy,2,4,87
EverestMedia,22,2425997,8.42,Logistics,3,-95,93
ApexHub,36,2147064,14.17,Hospitality,2,-74,57
RadiantZone,37,3856003,5.93,Tourism,2,-48,98
PulseNet,16,3237047,18.14,Fintech,4,35,10
NexusHealth,31,4986594,10.64,Energy,3,26,1
VertexHealth,25,2802578,1.05,Fintech,1,43,45
NexusDigital,30,205224,4.03,Manufacturing,2,-13,96
HorizonLogics,21,3885016,17.94,Food,3,51,39
SummitZone,22,2389286,5,Ecommerce,3,-46,5
AuroraPoint,11,2908850,1.36,Logistics,2,-15,10
PulseZone,20,4505994,5.01,IT,4,-63,35
NovaDigital,27,1991723,14.46,Food,3,-75,75
FusionTravel,23,4155423,19.9,Education,1,-29,35
AtlasZone,2,1044163,17.37,Fintech,5,26,21
AtlasDigital,30,3659691,9.35,Telecom,1,68,54
BeaconCore,12,2241066,12.61,Fintech,4,-28,39
FusionLogics,2,2458046,19.7,IT,2,9,56
AuroraRetail,15,2056399,9.97,Tourism,4,-27,14
EverestWorks,36,2331359,6.18,Logistics,1,-27,90
BeaconCore,24,681322,8.39,Retail,3,31,14
BeaconGlobal,17,1764821,16.34,Logistics,1,65,91
QuantumHub,29,888732,2.45,Retail,2,18,30
PioneerMedia,40,3980785,17.36,Energy,4,39,86
FusionCore,28,92064,0.51,Energy,1,-12,9
NexusHub,1,2958236,18.62,Food,4,64,85
BeaconHub,30,3831592,9.78,Food,3,-19,29
HorizonWorks,33,2275420,19.35,IT,2,-3,58
AuroraHealth,6,2375468,11.18,Education,1,-97,85
HorizonLink,4,1239992,12.1,Hospitality,4,-24,36
BeaconCore,26,175369,2.42,Ecommerce,4,85,75
ZenWorks,2,1754436,18.45,Fintech,1,-47,1
OrbitTech,28,3100794,7.74,Telecom,3,-61,43
PrimeGlobal,6,2283582,1.44,Consulting,4,-17,49
BeaconLogics,24,135496,5.71,Media,5,-83,77
BeaconFoods,27,4415775,13.78,IT,4,-29,65
ApexCore,34,4114487,15,Media,5,-36,24
VelocityLabs,15,1374841,9.41,Healthcare,3,59,31
FusionFoods,17,2741554,0.79,Food,3,-72,10
SummitNet,18,3858386,11.09,Consulting,3,40,34
ZenHealth,20,4340752,18.39,Education,1,-23,40
RadiantTech,32,3669722,3.92,Ecommerce,2,91,81
HorizonZone,26,1519446,0.32,Telecom,4,59,28
AuroraTravel,22,2055785,5.62,Food,3,29,13
NovaEdge,5,3730805,7.64,Energy,4,8,51
QuantumSystems,1,880950,8.9,Consulting,5,-100,99
NexusHealth,37,2320180,0.63,Media,1,67,98
RadiantLogics,8,2934644,15.05,Retail,3,54,39
FusionFoods,26,650936,9.51,Media,4,9,32
NovaDigital,36,1415057,16.81,Tourism,1,67,58
HorizonFoods,21,3213557,6.52,Healthcare,5,-13,27
AuroraSystems,15,4614340,17.25,Ecommerce,5,-13,4
ApexEdge,18,4555174,15.36,Telecom,5,63,63
ApexPoint,3,25172,15.12,Fintech,5,0,63
HorizonWorks,19,4453899,7.68,Manufacturing,2,51,87
RadiantPoint,29,2152329,16.47,Education,1,-65,0
ApexWorks,33,4997268,10,Food,5,-39,40
QuantumDigital,25,1828311,4.7,Logistics,3,-41,99
NexusLink,10,1892376,0.69,Telecom,2,-90,10
PrimeLabs,20,2180803,8.94,Manufacturing,4,-67,62
SummitMedia,13,3943459,3.89,IT,2,61,48
HorizonRetail,28,4102511,5.58,Healthcare,1,17,86
PulseFoods,13,1378866,1.67,Food,2,-71,33
AtlasLink,19,4593943,16.1,Healthcare,3,-55,56
AtlasSystems,40,2002116,7.02,Education,1,-10,78
NimbusWorks,3,4353579,4.62,Tourism,5,11,24
EverestGlobal,6,981633,13.76,Fintech,2,-29,60
PioneerHealth,6,4473083,11.05,Retail,5,-39,67
QuantumLogics,30,3508047,12.63,Energy,2,-25,85
ApexMedia,25,2684973,11.37,Healthcare,1,-36,25
AuroraPoint,26,725438,16.05,Fintech,2,71,77
PulseEdge,17,2144837,7.93,Food,3,-87,12
RadiantLink,11,3988273,17.73,Education,3,-76,12
AtlasEdge,25,2689477,16.22,Fintech,3,90,60
PulseWorks,15,4922687,1.84,Education,1,28,14
SummitMedia,23,4135343,5.17,Food,1,-85,93
ApexZone,36,3239886,14.3,Tourism,4,-21,16
HorizonLabs,25,2199049,13.44,Food,3,75,14
BeaconEnergy,12,2045576,12.12,Telecom,4,-40,38
SummitPoint,20,1598148,6.07,Fintech,1,-64,95
PulseMedia,26,4308638,15.3,Healthcare,1,-99,55
ApexMedia,6,4932285,18.98,Logistics,3,-56,34
AuroraTravel,24,4423263,3.3,Manufacturing,1,19,68
AuroraCore,33,1667691,0.19,Energy,4,-39,78
AtlasPoint,10,1958634,11.19,Education,1,-88,48
NovaGlobal,32,779341,8.14,Retail,3,82,97
ApexCore,38,518337,5.77,Retail,2,62,30
NovaLabs,13,1131859,0.4,Ecommerce,1,-66,56
AtlasHealth,37,1947841,11.57,Education,4,87,80
AuroraHealth,31,4566162,18.04,Education,2,-9,47
QuantumLogics,24,1639645,18.84,IT,4,85,26
BeaconGlobal,40,2781820,9.45,IT,5,-4,58
OrbitSystems,16,779703,5.34,Retail,4,-54,71
NovaTech,34,4611807,7.43,Consulting,2,35,58
QuantumZone,8,4664226,10.98,Energy,4,-31,71
BeaconEnergy,34,3890065,6.02,Media,1,64,72
PulseLink,38,672030,15.84,Hospitality,5,9,11
NexusPoint,40,236861,15.99,Media,5,68,14
OrbitZone,22,3187035,15.55,Education,4,-96,35
PrimeTravel,3,524005,7.52,Logistics,4,-54,28
ZenEnergy,38,2613136,5.57,Retail,5,-91,86
AtlasSystems,6,136493,19.14,Consulting,3,-32,2
PioneerNet,12,3432961,19.51,Consulting,1,25,72
NimbusCore,34,3788373,18.84,Healthcare,3,65,83
FusionEnergy,8,1909908,17.3,Fintech,3,55,28
AuroraMedia,15,1824539,6.54,Manufacturing,2,-63,75
AuroraWorks,28,3527048,16.85,Retail,2,-24,84
HorizonHealth,18,272154,13.91,Fintech,3,-10,43
VelocityMedia,25,1436279,0.91,Fintech,3,90,76
EverestSystems,29,4318209,7.42,Food,1,49,46
BeaconLink,38,3688481,10.73,Consulting,5,71,47
NovaTravel,2,3875237,15.3,Education,4,-78,87
HorizonWorks,1,2406849,18.59,Ecommerce,1,41,89
PioneerEdge,14,2576023,15.66,Food,2,100,100
FusionLink,10,3276324,2.58,Hospitality,1,24,84
PrimeEnergy,36,1290051,10.82,Ecommerce,4,86,90
AuroraPoint,39,3837855,0.46,Hospitality,1,-42,41
HorizonLabs,26,3178511,1.98,Ecommerce,4,53,69
QuantumPoint,20,2428562,3.84,Fintech,5,29,54
NimbusLink,33,2195407,16.08,Telecom,2,-89,39
ApexZone,23,409894,8.95,IT,3,52,81
AuroraMedia,19,1100540,7.13,Retail,5,-35,63
RadiantEdge,24,1708066,5.33,Fintech,1,-82,93
ApexLabs,29,2330339,11.81,Manufacturing,4,74,71
ZenDigital,4,2794147,4.05,Manufacturing,3,60,22
QuantumCore,12,3235664,10.29,Food,1,-1,85
FusionLogics,39,3989916,15.79,Manufacturing,1,-72,98
PioneerEdge,18,4214524,19.36,Retail,2,-38,68
VelocityNet,33,313551,18.19,Healthcare,2,-83,92
FusionGlobal,24,4024988,6.09,Logistics,3,97,29
PulseRetail,24,4379508,5.89,Logistics,3,-33,6
QuantumFoods,11,4096646,11.86,Education,5,37,39
PrimeLogics,16,3324544,1.66,Food,1,13,1
FusionLogics,19,3392642,18.71,Telecom,2,-4,55
AtlasZone,25,3041876,0.54,Hospitality,5,56,72
PrimeTech,13,3164876,15.56,Ecommerce,4,-36,36
SummitZone,14,1299706,14.43,Ecommerce,1,-28,18
HorizonLabs,27,3655776,12.07,Consulting,3,33,46
ZenFoods,13,3294709,5.63,Hospitality,4,-69,61
PrimeRetail,20,4785758,14.71,Consulting,4,62,88
HorizonZone,30,37823,9.91,Education,3,91,10
AuroraPoint,24,1211755,11.48,Hospitality,4,9,11
FusionMedia,17,142884,4.07,Healthcare,5,71,5
RadiantDigital,7,561504,0.47,Hospitality,1,29,56
AtlasLabs,5,4933046,15.78,Healthcare,3,-65,22
AuroraLabs,13,3100307,3.62,Education,5,-88,94
VelocityCore,19,4204801,0.62,Manufacturing,5,-44,38
PioneerDigital,19,1908028,4.2,Logistics,1,-46,53
BeaconGlobal,26,3835443,7.59,Manufacturing,1,14,23
SummitLabs,7,3702930,14.99,Tourism,1,-83,34
NexusEdge,34,2961446,9.35,Logistics,4,-67,49
FusionMedia,28,4073254,4.09,Food,5,-86,39
PrimeLogics,30,50248,19.09,Hospitality,3,55,12
VertexLabs,17,4062008,17.73,Education,2,-46,65
VertexLogics,2,1141350,9.02,Media,4,-65,35
OrbitHealth,35,3662516,3.96,Hospitality,3,-63,60
FusionWorks,15,4827645,3.93,IT,5,15,24
EverestNet,10,563036,2.57,IT,1,-15,87
OrbitLabs,21,3833803,15.96,Tourism,5,44,36
BeaconLogics,40,1743355,12.76,Telecom,3,57,34
ApexEnergy,30,3787628,10.02,Fintech,4,92,62
OrbitLogics,23,615637,17.22,Fintech,1,-61,5
SummitNet,25,1293907,1.39,Telecom,1,-27,43
EverestLink,15,1800692,14.33,Retail,4,82,18
PrimePoint,26,3666404,17.69,IT,1,88,42
FusionHealth,18,1273859,11.63,Telecom,5,36,43
RadiantCore,40,1386059,11.51,Retail,1,-41,58
AtlasMedia,10,1344429,18.29,Media,4,84,37
VertexHub,40,3542679,19.91,Education,1,-11,76
PioneerLabs,16,1321140,10.92,Fintech,1,-72,95
SummitHub,38,722301,19.55,Healthcare,5,-72,70
PulseSystems,38,4927941,6.61,Education,3,-24,52
VelocityGlobal,22,4570908,8.45,Manufacturing,1,49,91
FusionPoint,28,1861939,8.03,Ecommerce,3,10,41
QuantumHealth,3,3729396,18.56,Telecom,3,-64,15
RadiantTravel,21,2633079,13.3,Retail,3,80,95
ApexHub,38,1375484,17.42,Fintech,5,-79,10
NexusDigital,5,1808093,6.83,IT,2,-19,77
VertexLogics,3,4056888,14.37,Ecommerce,2,74,26
OrbitLabs,27,4052999,7.25,Energy,3,67,36
PulseZone,7,3492730,19.01,Retail,2,-37,89
QuantumLabs,35,2134583,17.96,Manufacturing,1,99,78
SummitNet,37,711641,18.65,Retail,4,42,70
VertexDigital,6,3172393,15.31,Education,2,20,74
BeaconNet,2,3084576,3.12,IT,2,-12,28
AuroraCore,17,762712,7,Manufacturing,4,26,99
ApexMedia,34,2477386,17.46,Logistics,4,48,1
FusionGlobal,22,106304,18.95,Fintech,2,49,53
AuroraLink,29,703997,15.47,Energy,3,-91,6
VelocityHub,27,2671187,17.99,Consulting,4,-32,63
ZenWorks,15,2916346,5.13,Telecom,4,-47,84
NovaSystems,37,3824842,1.05,Tourism,5,-76,45
PioneerHub,22,285699,7.2,Logistics,1,-87,94
ZenDigital,4,1765030,7.8,Ecommerce,5,-9,88
ApexLabs,27,3668599,16.43,Healthcare,5,-77,37
NimbusTech,31,4460200,6.75,Healthcare,1,26,0
HorizonDigital,17,2101289,14.87,Energy,4,37,1
SummitWorks,19,2622836,13.68,Education,1,70,21
SummitMedia,16,3297632,19.22,Telecom,1,-44,16
RadiantNet,15,4751327,14.15,Energy,1,-30,22
SummitPoint,3,538968,14.53,Tourism,1,-25,5
NovaTech,19,4357768,12.38,Fintech,1,-98,12
VertexMedia,7,3055990,4.69,IT,3,-31,50
PioneerLabs,1,4702581,3.95,Ecommerce,4,-50,77
QuantumGlobal,36,3791962,1.31,Telecom,4,14,60
OrbitHub,9,2100724,14.06,Media,2,11,87
HorizonRetail,16,824211,18.75,Healthcare,4,28,65
PulseHealth,15,2355278,16.86,Healthcare,4,4,81
PulseFoods,6,2853239,7.83,Fintech,2,-30,84
SummitPoint,13,2969395,7.31,Fintech,3,24,45
VelocityPoint,13,85288,18.38,Retail,2,6,34
AtlasRetail,10,3158974,4.96,Energy,3,-61,31
NimbusWorks,26,2170683,6.91,Tourism,5,3,59
RadiantNet,15,86456,12.72,Ecommerce,2,-65,5
PioneerLogics,20,2313839,7.52,Energy,4,-75,10
NexusLogics,3,2864062,5.48,Media,4,-6,32
NimbusHub,1,2991824,4.6,Fintech,5,-92,100
QuantumLink,31,157536,14.04,Healthcare,4,85,51
VertexLink,21,3141512,15.11,IT,3,-35,59
NexusTravel,21,2815470,0.12,Telecom,3,59,50
OrbitZone,36,4506554,4.76,IT,2,-71,24
ApexFoods,17,1980007,5.7,IT,3,-97,9
VertexTech,24,1404175,13.06,Food,3,27,88
AtlasRetail,29,2459653,9.57,Fintech,2,58,33
ZenCore,3,1082698,9.85,Consulting,4,4,60
QuantumHealth,29,4100076,5.61,Education,3,86,1
VertexLogics,20,2892472,13.2,Energy,1,-17,7
ZenWorks,33,4289068,16.81,Food,1,67,55
RadiantFoods,35,1985719,9.33,Telecom,1,71,46
SummitCore,7,676131,16.45,Education,3,58,59
SummitLogics,34,1399395,5.63,Media,3,51,26
BeaconGlobal,8,3238187,2.53,IT,2,-17,37
PioneerEnergy,3,1519525,10.22,Healthcare,1,95,90
NovaDigital,7,1513424,9.4,Food,4,80,79
BeaconFoods,20,803763,4.56,Energy,5,-22,46
FusionGlobal,10,1897871,3.62,Tourism,4,-44,25
NimbusMedia,25,2232055,15.51,Education,1,-34,86
VelocityLabs,28,3225057,8.9,Hospitality,2,40,64
PrimeEdge,38,548352,17.56,Logistics,2,-73,78
SummitFoods,22,4819991,16.19,Tourism,4,-59,81
FusionFoods,30,4301697,16.65,Tourism,4,-29,32
ZenLogics,12,161393,3.07,Energy,5,80,53
OrbitTech,40,1010149,10.84,Tourism,5,-26,73
QuantumSystems,12,518984,16.48,Hospitality,4,-81,90
EverestFoods,37,3229511,3.55,Healthcare,4,99,24
SummitEdge,9,277607,12.45,IT,1,-55,28
FusionGlobal,5,1357593,11.12,Fintech,4,-73,35
PulseTravel,16,2183565,2.42,Manufacturing,5,-86,2
NimbusLink,22,4557249,16.55,IT,1,61,88
PulseMedia,14,1136911,4.38,Logistics,4,-63,100
EverestLabs,29,4715557,16.49,Telecom,3,51,60
BeaconEnergy,17,2558112,8.3,Consulting,5,17,36
SummitHub,19,346028,5.23,Fintech,4,24,8
OrbitCore,25,4207895,10.69,Ecommerce,2,-7,28
FusionSystems,9,4674349,12.46,Food,2,-42,20
FusionGlobal,33,1362036,7.55,Fintech,1,50,47
QuantumDigital,39,1808457,17.54,Food,4,56,67
ApexTech,1,3644993,19.33,Media,4,5,79
NexusZone,36,2208621,18.88,Logistics,2,-62,45
QuantumLink,39,1102848,0.68,Fintech,1,-89,61
ZenNet,40,510181,7.87,Fintech,1,-83,55
ApexMedia,28,201965,9.25,Consulting,1,81,61
NovaEnergy,33,3123021,6.5,Food,5,53,97
RadiantLabs,30,163713,14.68,Fintech,4,-15,21
VelocityDigital,23,340968,8.06,Healthcare,2,58,58
OrbitLogics,21,1511255,8.99,Consulting,2,-22,32
AtlasNet,9,2667575,14.96,Retail,5,11,32
VelocityEdge,27,2270405,5.07,Hospitality,5,-31,47
PulseFoods,23,4403647,4.32,Consulting,1,62,17
FusionHub,38,675977,0.28,Telecom,4,10,65
EverestTravel,11,3835179,7.11,Logistics,5,-38,26
BeaconTech,23,2093050,6.72,Manufacturing,5,39,79
OrbitLogics,6,3728924,16.94,Logistics,2,64,86
PrimeGlobal,11,1319151,6.78,Fintech,4,-86,54
HorizonWorks,16,595081,5.63,Education,5,76,2
NexusLink,31,10528,1.47,Hospitality,5,-37,23
NimbusHealth,28,3253798,13.53,Hospitality,5,-79,72
QuantumLogics,18,1709669,2.52,Media,3,81,18
QuantumWorks,40,3766104,13.07,Healthcare,4,-95,17
PulseEdge,10,4975707,9.65,Hospitality,3,29,3
FusionFoods,2,3826494,11.73,IT,4,57,27
NimbusTravel,37,4638211,18.98,Food,4,-36,17
BeaconLink,24,3003162,1.75,Consulting,3,-75,13
ApexSystems,1,4871320,13.48,IT,5,-59,61
RadiantSystems,28,83790,2.46,Energy,4,-28,60
VertexHub,2,49486,8.99,Logistics,1,-3,1
NexusLink,10,2276547,11.5,Education,1,85,89
VelocityGlobal,10,1616669,0.53,Tourism,4,83,3
PrimeWorks,37,2591529,19.69,Consulting,4,91,63
AuroraNet,17,1480458,1.69,Education,4,-78,5
AuroraHealth,6,1167473,19.51,Ecommerce,4,92,98
FusionDigital,38,888028,15.74,Logistics,2,-57,78
ApexLogics,5,2565869,2.04,Consulting,2,-62,40
VelocityEnergy,18,228454,10.56,Manufacturing,5,-15,85
OrbitZone,27,2323389,13.36,Energy,1,-97,42
BeaconPoint,11,4331664,0.24,Hospitality,2,-29,71
QuantumEnergy,37,237441,0.38,IT,2,37,67
BeaconEdge,33,1119646,1.61,Consulting,5,71,61
AuroraTech,40,4135165,13.54,Ecommerce,2,-57,9
VertexHealth,26,1432768,15.65,Telecom,1,-91,0
AuroraGlobal,8,3363389,18.08,Logistics,3,98,40
AuroraWorks,6,2489758,16.39,Manufacturing,1,-53,9
OrbitTravel,8,1781012,11.03,Energy,3,69,34
RadiantZone,28,4611825,16.25,Hospitality,4,34,22
AtlasTravel,3,1700586,17.64,IT,5,78,98
VelocityWorks,13,1305014,17.6,Manufacturing,4,-83,54
AuroraZone,12,4368108,11.79,IT,3,-25,93
NovaHub,9,231898,18.63,Food,1,-95,47
NexusTech,26,2902299,18.4,Education,2,98,12
SummitSystems,26,1022393,5.43,Healthcare,5,100,76
QuantumTech,23,3801622,15.79,Food,2,-6,28
SummitTravel,17,4510488,17.12,Education,1,79,34
VelocityMedia,10,4705319,7.26,Healthcare,3,78,48
NimbusNet,1,4381858,7.96,Manufacturing,1,-73,2
OrbitFoods,16,446837,13.97,Logistics,2,-100,24
HorizonGlobal,2,2331370,9.78,Hospitality,5,82,43
PioneerSystems,23,1549626,16.22,Hospitality,5,-70,77
VertexLink,7,4143216,16.93,Media,2,8,84
FusionDigital,6,970620,8.92,Logistics,4,66,60
PulseHub,22,2881411,15.25,Food,2,-55,97
FusionTravel,22,4403658,18.83,Media,5,71,61
NexusDigital,36,3480425,15.8,IT,4,-24,65
RadiantSystems,29,1461922,16.51,Food,4,-73,65
RadiantRetail,15,2451191,19.54,Tourism,3,-36,84
PioneerHealth,8,1147824,11.9,Retail,5,81,78
NexusNet,19,86939,3.89,Retail,2,1,15
BeaconEdge,6,287734,3.77,Telecom,5,-32,33
NovaHub,31,4991655,17.88,Food,2,-26,44
PrimeFoods,25,4415028,5.23,Education,2,-21,65
PulseEnergy,30,2527189,9.6,IT,5,45,71
PioneerPoint,16,24946,6.51,Energy,5,-88,47
ApexPoint,6,4235484,4.84,Media,2,34,11
EverestGlobal,21,3923064,10.69,Healthcare,4,6,47
VelocityLabs,25,4568063,19.8,Education,3,51,70
HorizonLabs,2,2764018,14.12,Hospitality,3,51,14
ZenNet,8,711249,17.98,Hospitality,5,26,39
VelocityGlobal,14,3156520,3.19,Media,2,83,91
PrimeLogics,26,189093,18.66,Healthcare,1,-38,13
ApexEdge,10,2431771,17.17,Education,4,14,99
SummitEdge,32,1311219,13.81,Logistics,4,-70,90
VertexSystems,37,2675322,15.78,Consulting,3,33,61
SummitPoint,30,4680596,3.59,Healthcare,4,-62,59
FusionMedia,18,1687572,17.65,Tourism,3,-74,36
NimbusLink,17,28066,16.26,Ecommerce,1,38,65
NovaDigital,21,2198833,15.3,Tourism,1,-11,73
SummitSystems,5,2789535,8.85,Manufacturing,1,56,12
BeaconZone,1,2776189,17.81,Consulting,5,-47,42
PulseEnergy,7,2707009,1.28,Ecommerce,1,-43,92
EverestSystems,24,3152953,18.37,IT,1,21,69
NovaDigital,26,4883005,14.72,Food,5,-26,75
ZenCore,14,1797344,10.04,Consulting,5,-55,30
SummitHealth,25,2879709,2.95,Healthcare,2,-29,6
PulseHealth,11,126194,9.25,Consulting,5,-7,6
QuantumEnergy,14,2015789,13.55,Food,1,-49,94
ZenLabs,15,984405,11.82,Consulting,2,-24,20
EverestNet,27,4299575,9.7,Healthcare,1,32,82
FusionZone,39,1542374,0.82,Telecom,2,86,0
AuroraEnergy,15,915587,10.74,Tourism,2,42,26
VertexLogics,19,277504,7.93,Ecommerce,2,-3,41
ApexDigital,33,2483255,17.28,Tourism,3,53,83
RadiantFoods,10,2503840,17.5,Food,3,45,82
VertexHub,25,4837029,11.19,Consulting,2,0,92
NovaSystems,30,1701540,1.46,Healthcare,5,98,53
FusionTech,37,347455,4.44,Tourism,4,-81,0
PulseRetail,39,335380,10.68,Ecommerce,2,-18,42
EverestPoint,23,2051647,7.7,Education,3,-31,100
OrbitWorks,6,2112585,2.6,Energy,5,100,98
PulseCore,11,3170942,18.96,Manufacturing,3,-16,40
OrbitPoint,9,227547,0.53,IT,2,12,66
FusionEnergy,31,1327937,13.44,Healthcare,4,-5,97
AuroraPoint,32,1038381,0.14,Food,1,55,41
PrimeRetail,25,1574827,4.59,Manufacturing,4,-54,14
AuroraCore,9,2855663,11.47,Logistics,3,-34,77
ZenTravel,2,1442412,16.96,Energy,1,80,3
NovaCore,23,1971376,15.22,Retail,3,-20,80
PulseZone,21,631123,13.46,Media,3,74,23
PioneerEdge,17,3307500,4.85,Energy,5,90,64
EverestLabs,25,1871292,1.59,Hospitality,5,-40,0
PioneerEnergy,3,2470128,13.85,Logistics,4,11,92
SummitEnergy,38,3239196,12.3,Tourism,2,-54,83
RadiantHub,25,4370848,1.47,IT,1,-42,16
NexusLink,11,1485204,12.24,Logistics,3,-31,64
PioneerRetail,22,1156427,2.36,Education,2,62,84
ApexEdge,9,4847625,18.89,Consulting,5,-74,40
VertexWorks,36,862233,1.05,Consulting,4,25,28
PioneerFoods,21,2938752,0.96,Hospitality,2,88,98
NexusHealth,33,4083065,3.46,Media,1,-72,30
VertexCore,28,3201408,9.75,Consulting,1,96,14
QuantumMedia,14,2158594,10.02,Manufacturing,4,100,80
ZenLogics,20,3210375,5.42,Telecom,2,56,96
NimbusLogics,28,380456,1.46,IT,3,-45,85
NexusGlobal,15,2908332,15.97,Manufacturing,1,-25,12
PrimeLogics,34,641040,4.69,Consulting,1,-61,3
PulseLabs,18,1973697,13.97,Hospitality,2,33,9
AtlasTech,26,3500958,15.62,Tourism,4,-29,27
ApexPoint,11,4010124,17.83,Education,5,36,4
BeaconLink,15,4938731,16.1,Education,4,82,20
EverestTech,6,630450,19.16,Ecommerce,5,-84,17
SummitFoods,15,4489519,5.69,Ecommerce,5,-21,77
NexusZone,23,850857,16.98,Hospitality,5,69,22
PulseLink,12,797912,12.62,Tourism,1,-17,67
PulseCore,18,523412,1.66,Retail,3,-99,47
AtlasTech,39,4568123,10.6,Retail,2,6,54
BeaconTech,29,2885147,19.97,Hospitality,3,-90,75
OrbitLabs,20,1884041,1.58,Fintech,4,87,77
FusionHealth,8,2113860,9.05,Food,4,-89,77
QuantumGlobal,37,1852208,11.37,Hospitality,5,19,11
SummitNet,7,141787,12.24,Media,4,-25,24
AtlasFoods,3,4103525,15.2,Energy,3,-82,72
AuroraDigital,34,216860,8.33,Tourism,2,88,21
RadiantPoint,18,266993,2.79,IT,2,68,17
BeaconTech,26,1485879,8.41,Education,3,70,42
VertexHub,1,1914793,18.13,Energy,4,59,8
VertexWorks,33,1892945,12.53,Logistics,1,-20,13
PioneerSystems,38,2762720,10.29,Healthcare,2,-41,50
EverestGlobal,8,3065350,15.47,IT,5,45,33
HorizonGlobal,27,104373,6.63,Tourism,5,-14,27
PioneerLink,8,3649504,12.5,Energy,2,18,78
AtlasEdge,39,358792,17.07,Hospitality,5,17,83
VelocityTravel,2,770332,12.96,Healthcare,2,-59,72
OrbitFoods,31,4730963,12.89,IT,3,-55,89
PioneerHub,36,2794703,17.17,Food,1,46,84
AtlasLogics,16,3231188,9.55,Manufacturing,5,-44,83
NovaSystems,6,3259944,10.26,IT,2,-35,94
VelocityMedia,24,3342676,6.94,IT,2,-42,98
PulseLogics,29,506935,19.48,Energy,2,-86,44
OrbitFoods,31,1429248,15.7,Media,4,34,99
HorizonHealth,37,4130236,13.59,Logistics,3,-92,19
VelocityLink,18,3333061,14.85,Media,2,-70,91
RadiantDigital,38,2650745,6.59,Energy,4,71,55
VertexPoint,2,4047314,13.88,Logistics,4,33,91
OrbitLabs,12,4613422,0.35,Manufacturing,2,1,9
HorizonLabs,5,1519932,7.93,IT,2,-90,65
HorizonCore,36,3173806,13.31,Logistics,3,-24,100
HorizonHealth,16,2979736,12.74,Consulting,4,-99,6
ZenNet,35,4053095,12.83,Manufacturing,3,95,11
HorizonHub,15,3942872,19.27,Telecom,3,91,83
NovaTech,7,1139070,13.98,Tourism,4,57,62
ZenEnergy,3,1656521,3.49,Healthcare,5,87,30
BeaconTravel,14,1089320,15.14,Tourism,1,-58,66
AuroraDigital,14,3945016,9.8,Energy,4,37,94
AuroraLabs,6,2426960,0.2,IT,1,96,28
QuantumGlobal,14,97982,4.74,Tourism,3,-90,22
EverestPoint,30,66149,16.41,Education,4,37,27
PulsePoint,35,203122,2.88,Retail,4,9,6
AtlasEnergy,35,1659487,14.36,Food,5,62,49
NimbusFoods,7,1099074,16.57,Logistics,1,-94,76
PrimeWorks,16,3178442,12.31,Consulting,5,45,78
SummitMedia,15,4273534,7.1,Ecommerce,2,91,35
SummitRetail,15,1199834,14.08,Education,2,93,94
PulseEdge,7,880826,18.65,Hospitality,4,-10,73
NimbusPoint,19,3089016,18.82,Media,2,83,46
RadiantHub,5,745430,2.79,Telecom,3,-95,3
VelocityHealth,2,910224,12.13,Food,1,53,36
PioneerHub,40,1086357,1.19,Logistics,1,-95,5
PrimeTech,22,1153139,12.41,Hospitality,2,-33,0
AuroraDigital,14,990365,5.36,Consulting,2,74,13
EverestLabs,11,2381499,18.4,Hospitality,5,1,17
NexusCore,2,3932404,4.45,Fintech,1,-36,35
NimbusNet,12,4674255,15.07,Consulting,3,59,19
NimbusEnergy,3,1462808,14.92,Hospitality,5,31,60
VertexTech,14,463594,2.08,Fintech,5,91,92
QuantumNet,18,4595319,3.66,Logistics,5,13,12
AuroraEnergy,19,2739599,1.18,Hospitality,2,71,67
QuantumLink,16,3030891,16.55,Healthcare,3,36,50
VelocityWorks,31,344040,6.34,Consulting,5,-99,67
NimbusTravel,14,542216,14.15,Ecommerce,5,94,51
OrbitRetail,10,1112724,2.95,Energy,2,11,32
ApexRetail,18,3034879,7.1,Manufacturing,2,-94,20
VelocityWorks,24,2061486,7.07,Consulting,1,-1,40
VelocityRetail,10,2962261,3.82,Logistics,5,-58,84
RadiantFoods,5,2763948,3.78,Energy,3,16,51
PrimeHub,1,4113146,15.08,Ecommerce,1,80,21
HorizonPoint,6,1955364,0.64,Fintech,5,-30,47
AuroraWorks,22,423113,16.99,Energy,2,-11,38
BeaconMedia,14,2168596,19.34,Logistics,3,-77,53
NovaLabs,3,2227955,6.02,Ecommerce,2,32,56
SummitGlobal,25,1212400,10.82,Ecommerce,5,-69,48
NexusFoods,37,799854,4.71,Media,2,-91,41
OrbitDigital,13,3952680,11.86,Logistics,2,19,18
AuroraDigital,18,4052490,6.68,Fintech,5,11,58
HorizonSystems,20,4443041,4.3,Education,3,-90,61
QuantumFoods,3,3560908,10.92,Fintech,3,-60,40
RadiantTech,33,3713912,17.99,Ecommerce,4,-40,61
AuroraEdge,32,2849086,4.85,Tourism,3,-34,47
HorizonFoods,20,1804949,14.38,Energy,3,-73,24
NimbusNet,33,2325144,18.32,Fintech,2,-39,62
EverestPoint,33,3807559,15.06,Media,3,9,92
VelocityHub,5,2872261,12.55,Energy,1,97,30
EverestSystems,9,1823682,1.14,Retail,4,28,30
BeaconHub,11,4956855,15.91,Fintech,5,27,44
PulseZone,7,4423519,16.61,Logistics,5,48,49
NovaCore,31,3603080,14.13,IT,1,-19,41
AtlasLogics,6,3239230,5.38,IT,2,20,41
PrimeWorks,6,1396927,12.22,Manufacturing,4,-100,99
QuantumCore,18,1639698,11.58,Telecom,3,8,8
EverestHub,1,1891472,15.89,Telecom,4,-20,41
RadiantZone,27,4624500,1.88,Ecommerce,3,-58,64
BeaconPoint,33,1344226,0.7,Healthcare,1,2,94
OrbitFoods,33,372569,5.73,Education,1,40,90
OrbitFoods,14,3045519,15.93,Hospitality,2,-16,52
BeaconLink,35,1463375,2.42,Logistics,5,26,29
NovaPoint,36,1494524,18.47,Media,3,-79,37
ZenHealth,40,4195981,14.39,Tourism,3,-57,81
OrbitTravel,34,3598364,5.77,Tourism,5,-86,57
RadiantTravel,32,2138823,19.91,Tourism,2,44,57
PrimeZone,5,1015856,2.4,Retail,1,32,92
VertexTravel,15,3012579,0.12,Manufacturing,5,72,32
VelocityRetail,9,1314349,10.44,Healthcare,1,54,64
SummitHealth,8,4214716,5.27,Telecom,4,10,33
RadiantTravel,30,3231148,3.6,Hospitality,2,44,31
QuantumHub,11,168564,3.24,IT,3,-84,47
VertexFoods,17,191372,9.85,Fintech,4,-39,5
VelocityLabs,21,544527,4.08,Healthcare,5,16,61
NexusHub,28,2381632,1.94,IT,3,32,1
NovaEdge,29,1854481,6.07,Ecommerce,3,-75,92
SummitEnergy,37,3423377,6.68,Ecommerce,2,-76,20
ZenSystems,2,4605864,14.56,Education,5,-96,25
EverestHealth,28,4470068,16.43,Media,1,6,35
PulseRetail,5,851289,0.2,Energy,4,-68,56
PulseTravel,1,3773109,4.82,Retail,1,-11,25
NimbusFoods,11,3255373,2.46,Hospitality,1,-45,6
AuroraPoint,4,229252,19.97,Manufacturing,3,-50,87
VelocityLabs,21,1909450,11.36,Energy,3,-26,70
AuroraHub,6,3598140,11.35,Consulting,3,49,28
PioneerHub,30,1490978,15.77,Energy,2,0,24
SummitWorks,21,4484174,2.73,Retail,5,-83,42
PulseLogics,33,4604288,17.86,Tourism,3,2,93
OrbitPoint,18,2224488,10.95,Tourism,3,-78,82
ZenMedia,32,3637218,16.33,Retail,4,26,5
NexusEdge,7,62199,10.9,Logistics,4,-31,43
HorizonZone,31,4099633,11.44,Ecommerce,1,35,54
QuantumHub,22,1202193,8.21,Education,4,-37,82
AtlasEdge,3,674904,5.02,Logistics,3,39,51
BeaconZone,4,2379490,10.5,Hospitality,1,-80,94
ZenSystems,22,483654,8.26,Retail,4,-17,19
QuantumEnergy,31,4825038,11.31,Hospitality,5,-42,59
OrbitNet,11,3224898,3.02,Retail,2,-13,54
VertexGlobal,12,928173,2.75,Food,3,30,12
BeaconDigital,39,4323473,8.14,Consulting,5,-5,46
VertexWorks,38,2590137,4.89,Consulting,4,90,75
AtlasHub,11,64202,9.26,Food,5,-84,9
ZenFoods,28,1646487,4.51,Healthcare,1,16,53
PulseDigital,13,1344416,1.55,Consulting,5,80,13
NexusTravel,28,1629358,16.85,Consulting,4,72,11
RadiantEnergy,27,3296020,14.23,Media,2,-53,64
VelocityTech,26,577271,19.36,Consulting,5,71,44
FusionLink,37,629677,5.32,Ecommerce,2,94,53
NovaTech,9,4881762,1.91,Healthcare,3,6,40
ApexWorks,20,2879092,18.16,Tourism,2,-84,34
PulseCore,3,573250,10.06,Retail,4,-24,10
ZenLabs,10,1375283,6.65,Manufacturing,4,28,36
EverestLogics,16,1755171,16.51,Retail,2,-65,16
NimbusLogics,8,4654758,3.92,Energy,4,100,8
RadiantSystems,33,3732523,18.29,Manufacturing,3,86,29
VelocityNet,8,1035756,13.99,Ecommerce,5,-98,24
VertexRetail,25,1146672,2.93,Hospitality,1,94,11
NimbusCore,30,1677037,10.47,Hospitality,3,60,48
PioneerTech,38,1881369,3.67,Telecom,1,-8,74
AuroraCore,23,4330550,19.01,Manufacturing,5,-52,9
EverestHealth,4,4014821,3.7,IT,1,-24,86
NimbusLink,13,4753361,15.28,Consulting,1,-48,25
FusionWorks,11,3844829,16.55,Tourism,4,-72,83
VelocityEdge,36,4303547,14.45,Hospitality,4,64,68
NexusWorks,28,2687528,19.04,Consulting,3,-72,56
QuantumLabs,22,2772940,10.14,Fintech,3,96,51
QuantumHub,23,4702379,2.89,Telecom,5,-87,45
OrbitRetail,4,1765637,7.76,Manufacturing,2,-78,44
NimbusHealth,38,4025928,3.65,Media,3,9,65
HorizonHub,40,1173465,8.11,Education,4,-92,76
NimbusRetail,7,4658976,17.01,Tourism,4,22,80
RadiantRetail,14,4435056,2.4,Tourism,1,-8,43
ApexWorks,40,862668,17.85,Healthcare,5,-86,64
AuroraLogics,25,2166189,6.64,Hospitality,3,-70,100
PrimeCore,28,507193,9.03,Ecommerce,2,96,45
HorizonLink,33,3802208,6.62,Hospitality,5,-62,20
NexusLink,6,3636748,4.91,Ecommerce,1,-10,65
PulseZone,40,4411482,16.53,Food,2,-73,25
AtlasGlobal,29,1688629,1.19,Food,3,-38,93
SummitZone,37,2280966,6.08,Healthcare,4,80,57
BeaconLink,13,2314992,2.68,Consulting,2,33,96
QuantumEdge,4,3794396,9.62,Retail,2,-36,40
OrbitZone,26,1461331,9.66,Ecommerce,2,63,6
AuroraSystems,38,3235403,17.64,IT,3,-9,59
EverestSystems,24,2749961,15.78,Manufacturing,2,-29,94
VelocityLogics,17,1068024,12.18,Consulting,4,-29,89
AtlasLogics,36,1857491,16.62,IT,5,82,28
ApexLogics,33,1413874,13.31,Tourism,1,72,16
ApexFoods,9,2852281,8.91,Logistics,5,15,59
AuroraSystems,8,3686294,17.45,Telecom,5,70,64
SummitLabs,8,1199702,12.86,Energy,3,77,0
HorizonEdge,38,2068294,8.84,Consulting,2,-77,42
PioneerLogics,23,2723269,17.08,Ecommerce,4,-82,17
EverestTech,31,453964,16.25,Hospitality,2,31,98
NimbusHealth,22,529395,14.27,Consulting,1,51,42
AuroraSystems,23,3126217,5.17,Energy,4,-5,32
PulseEnergy,38,2445637,17.29,Consulting,4,68,45
OrbitHub,33,2188891,10.65,Logistics,2,-32,71
OrbitLink,18,3792417,2.3,Consulting,4,-7,2
AtlasPoint,35,3333910,8.04,Manufacturing,1,23,80
FusionEdge,29,3165499,18.45,Education,5,-12,73
PioneerEdge,24,429088,9.12,Energy,5,-28,97
NexusLogics,16,1302013,18.97,Retail,5,-95,2
EverestCore,21,597823,0.26,Tourism,1,2,64
FusionMedia,10,967088,7.71,Logistics,3,96,90
AuroraLogics,39,3593482,1.88,Fintech,5,-63,67
PioneerTech,34,3052476,16.23,Hospitality,5,9,58
QuantumCore,33,1313467,0.73,Telecom,3,-2,92
FusionDigital,23,3491749,7.16,Tourism,4,-62,84
AuroraEdge,27,3104686,19.09,Energy,2,-37,83
ZenHub,3,3175297,12.8,IT,4,-76,70
ApexHealth,37,4851550,12.26,Media,3,75,6
NovaHub,10,3348075,15.09,Media,5,84,98
BeaconDigital,15,119795,15.42,Fintech,4,95,66
NexusCore,33,2846369,19.97,Healthcare,3,28,82
NimbusHealth,39,1360449,3.79,Fintech,3,31,1
SummitGlobal,8,4374599,15.23,Tourism,1,27,78
VelocityLabs,18,2809666,16.87,Logistics,2,-64,62
NovaWorks,24,3555620,5.87,IT,5,-8,98
NovaEnergy,7,2212416,14.86,Hospitality,5,93,88
EverestTech,12,4238290,18.02,Tourism,3,-15,35
NexusMedia,1,996515,1.88,Telecom,4,83,68
HorizonTech,25,95580,14.78,Media,5,-44,100
AtlasSystems,29,881844,0.39,Telecom,2,64,33
FusionPoint,18,1386221,17.77,Consulting,4,-46,78
BeaconLogics,11,1380210,2.87,Telecom,5,-24,60
HorizonTravel,19,4654511,15.07,Food,5,-30,50
OrbitRetail,22,1248902,3.7,Logistics,4,88,36
VelocityCore,11,2113788,10.21,IT,4,-69,36
AuroraNet,22,15366,3.44,Tourism,3,99,3
VertexHub,12,3304645,8.51,Tourism,2,-26,39
OrbitHealth,6,4154594,13.45,Healthcare,5,-47,15
PrimeWorks,34,3474206,0.59,Food,1,21,92
BeaconCore,22,674995,10.39,Hospitality,1,-5,3
AtlasMedia,30,1282402,12.81,Ecommerce,4,0,64
SummitFoods,4,2450642,2.77,Tourism,1,93,21
ZenHub,5,1856402,5.32,Tourism,3,-21,3
PulseNet,6,2621974,14.09,Energy,3,42,72
NexusLabs,36,2271786,13.98,Food,3,84,50
FusionNet,34,3185697,19.56,Healthcare,5,-63,20
AuroraHealth,23,4112924,13.9,Tourism,2,69,84
PioneerEnergy,33,4714452,16.92,Consulting,4,83,37
ApexRetail,1,1270872,19.97,Retail,5,79,41
BeaconSystems,32,1395546,3.1,Food,2,14,72
FusionTravel,9,3338908,0.61,Manufacturing,4,78,19
PrimeEdge,6,142539,15.01,Healthcare,2,41,26
QuantumHub,38,2307581,10.34,Ecommerce,5,-57,35
RadiantEnergy,10,4719058,9.11,Manufacturing,2,-13,96
AtlasLink,9,3304062,2.08,Ecommerce,2,24,26
ZenLink,20,3938524,1.05,Education,3,-79,81
QuantumGlobal,2,644622,6.21,Retail,2,98,35
VertexSystems,38,3232153,13.41,Retail,4,-17,76
FusionLink,2,3606858,9.01,Education,5,-27,94
PrimeDigital,12,825945,10.81,Ecommerce,5,-94,87
AtlasNet,12,3513154,6.09,Healthcare,4,-68,31
QuantumPoint,35,184896,6.39,Ecommerce,3,-75,65
NimbusNet,7,2562613,9.58,Energy,2,83,58
SummitHub,30,2530183,4.06,Education,2,-85,67
PrimeFoods,7,971887,2.23,Consulting,1,19,55
NexusWorks,36,4828533,15.38,Fintech,3,5,63
RadiantCore,1,2659237,14.19,Food,2,-98,0
VertexTech,4,2046027,16.69,Telecom,4,30,24
VertexZone,11,4211341,14.44,Retail,5,62,86
EverestPoint,33,2157494,18.98,Food,5,-68,57
NovaHealth,6,2440320,9.89,Telecom,1,9,18
AuroraPoint,28,782203,3.33,Hospitality,1,25,67
HorizonCore,9,740796,2.42,Telecom,3,27,0
HorizonNet,19,3666397,10.06,Media,1,87,90
FusionHealth,1,3503358,0.35,IT,3,75,67
PulsePoint,26,1475817,9.24,Consulting,4,97,75
EverestZone,20,4041152,8.6,Ecommerce,4,-73,35
BeaconDigital,28,496796,6.75,Media,3,37,90
EverestLabs,23,1371780,9.27,Education,3,-48,44
QuantumHealth,38,2760622,1.91,Media,1,54,96
HorizonRetail,9,1064111,8.05,Food,4,-75,44
FusionPoint,11,4517193,15.35,Manufacturing,4,-98,60
VelocityHub,28,3509050,7.6,Food,4,93,83
ApexSystems,34,1653156,7.45,Retail,2,10,40
BeaconNet,6,1903727,8.19,Energy,5,34,87
SummitNet,12,4066418,7.64,Healthcare,5,-78,34
ZenWorks,32,3914244,10.21,IT,4,95,17
BeaconRetail,25,1961565,16.29,Energy,2,-77,84
ApexNet,3,2728275,9.69,Healthcare,1,-15,51
ApexSystems,34,3184394,4.18,Education,1,-96,35
HorizonPoint,36,986055,16.1,Consulting,3,86,21
HorizonLink,1,4885197,3.97,Consulting,5,65,85
VertexRetail,24,442404,4.27,Telecom,3,-15,72
EverestEnergy,35,3126025,2.11,Healthcare,5,-3,51
NexusEnergy,22,3918709,5.73,Manufacturing,5,-55,40
FusionZone,37,3388946,1.5,Media,4,-61,60
AtlasTravel,38,3416045,15.35,IT,4,56,56
VelocityHealth,3,1071220,4.37,Healthcare,1,-37,46
NimbusWorks,12,1817014,15.95,Healthcare,5,15,61
OrbitMedia,11,1564245,18.78,Ecommerce,5,-89,63
VelocityWorks,3,3179831,0.59,Healthcare,1,88,39
PrimeCore,35,716583,14.16,Manufacturing,3,-24,40
EverestTravel,15,3581835,16.89,Ecommerce,1,-65,4
NovaLogics,5,3126318,13.59,Consulting,4,-69,46
AuroraHub,13,545463,5.99,Retail,3,39,76
ZenLink,24,4840947,18.63,Education,2,-76,33
ZenTech,24,1857380,18.88,Manufacturing,2,72,97
AtlasHealth,34,1158480,6.53,Education,1,-34,15
VelocityEnergy,18,4054296,11.73,Education,2,42,50
PioneerFoods,10,1249928,8.24,Telecom,5,25,24
BeaconZone,32,4449546,14.3,Retail,3,25,58
PioneerTravel,10,4326006,0.56,Manufacturing,3,-7,95
AuroraWorks,34,1258528,0.27,Consulting,2,66,38
ZenEdge,20,1989278,1.98,Hospitality,1,95,93
NimbusHealth,1,906795,6.8,Hospitality,3,-93,22
NimbusMedia,5,3890646,2,Ecommerce,2,-8,32
PrimeMedia,26,3013722,5.18,Food,5,-33,6
FusionHealth,5,4830203,5.94,Media,2,-56,18
HorizonEnergy,20,4140634,12.94,Fintech,1,83,11
AuroraCore,8,929205,3.48,Food,3,37,97
VertexLabs,27,4726201,11.51,Energy,3,12,58
EverestEdge,20,3334916,3.42,Telecom,3,-34,35
RadiantWorks,17,1022935,3.77,Food,1,-77,59
PulseNet,9,1849611,2.55,Consulting,5,100,66
OrbitRetail,37,1825018,19.93,Ecommerce,5,26,4
AuroraCore,23,2307800,9.31,Ecommerce,2,-78,59
ZenTravel,7,970543,2.49,Consulting,1,-83,60
VertexMedia,3,1898662,9.59,Manufacturing,3,-76,77
ApexTravel,40,1297625,10.73,Logistics,5,3,73
QuantumRetail,27,2947201,13.13,Manufacturing,5,-73,25
ApexFoods,32,2804891,2.97,Telecom,2,-71,70
AtlasZone,35,2722406,2.17,Manufacturing,3,72,92
FusionSystems,10,4083643,0.93,Energy,1,10,43
BeaconGlobal,30,3261596,3.89,Education,1,11,93
FusionPoint,17,4808769,0.69,Retail,1,34,56
NexusTech,37,2135482,9.05,Energy,1,91,81
RadiantPoint,10,2704275,1.52,Manufacturing,3,13,87
RadiantSystems,30,582380,14.14,Telecom,4,-20,60
FusionRetail,1,1448012,7.19,Ecommerce,2,68,40
AuroraFoods,4,1110771,8.19,Media,4,89,11
NexusTech,17,631564,18.23,Retail,5,-94,64
PulseLogics,27,2555174,17.27,Hospitality,3,72,74
HorizonGlobal,6,1740535,11.02,Telecom,2,95,91
ApexCore,27,3344884,3.21,Energy,5,100,79
VelocityZone,20,2618443,0.3,Energy,1,35,98
PrimeFoods,26,481716,9.88,Retail,3,-11,90
EverestMedia,16,708546,13.74,Media,4,-93,60
OrbitCore,7,4973388,17.56,Education,5,80,14
RadiantNet,22,549514,3.57,Ecommerce,3,18,73
RadiantTech,22,3825822,4.28,Food,4,34,26
HorizonEdge,22,3699416,14.74,Media,2,-70,50
OrbitDigital,2,3868629,10.8,Retail,1,-84,39
VertexLogics,22,4674677,18.76,Education,4,75,27
VelocityEnergy,13,788616,6.47,Education,5,-56,79
OrbitSystems,15,2399828,2.64,Consulting,3,25,76
ApexTech,31,4256810,18.09,Hospitality,3,0,41
OrbitNet,25,4122601,11.26,Energy,2,21,19
NimbusZone,18,811247,10.14,Food,1,-87,17
NexusTravel,28,4073935,17.13,Consulting,2,40,64
OrbitEnergy,2,1908471,3.36,Hospitality,5,-79,6
VertexPoint,16,1833019,11.24,IT,4,-72,16
ApexZone,34,1740976,6.07,Telecom,5,84,91
RadiantGlobal,6,2632743,2.91,Telecom,1,58,86
PioneerMedia,39,1345513,4.87,Ecommerce,3,51,54
SummitHub,33,3612512,6.69,Education,5,-56,12
FusionGlobal,38,813514,1.24,Healthcare,1,-37,83
ApexLabs,13,490438,18.72,Media,2,-44,89
AtlasDigital,24,1546388,15.16,Retail,1,59,99
NimbusDigital,36,1862113,15.01,Telecom,3,-48,65
BeaconDigital,30,982937,1.8,IT,1,-74,67
PrimeTech,28,1737440,0.45,Tourism,4,-95,88
ZenSystems,14,2821456,15.16,Telecom,4,97,86
QuantumNet,2,4047035,2.41,Tourism,5,-12,30
AtlasHealth,35,1761559,16.85,Telecom,4,19,0
ZenFoods,34,446276,4.49,Food,4,30,95
AtlasLink,2,4438136,11.08,Media,3,-72,18
FusionTech,20,2937152,13.54,Manufacturing,3,-20,7
PrimeMedia,16,4893528,2.07,Logistics,5,-30,55
ZenLabs,32,4211713,1.7,Food,4,12,24
VelocityPoint,17,1318759,4.43,Retail,3,-23,29
RadiantLink,31,3844091,13.25,Hospitality,5,8,99
PrimeSystems,35,3897244,2.23,Telecom,2,-84,29
NimbusMedia,5,1567477,7.7,Consulting,2,80,73
NexusLabs,8,2623945,11.9,Education,1,81,28
PulseTravel,5,732878,17.9,Food,2,-9,13
NovaRetail,12,1614720,10.52,Tourism,5,-16,8
HorizonPoint,37,600052,4.34,IT,5,-42,69
SummitLogics,20,4439889,5.46,Food,1,6,35
RadiantEnergy,29,711421,0.14,Consulting,1,71,83
BeaconGlobal,23,2036491,12.57,Education,5,2,25
QuantumGlobal,9,3615553,14.41,Education,1,67,62
AtlasLogics,37,866057,6.84,Consulting,3,11,10
HorizonCore,3,4275075,6.17,Consulting,1,59,15
VertexNet,29,4579761,14.51,Food,4,80,52
NimbusRetail,11,535600,10.03,Hospitality,2,-34,43
PrimeHealth,7,2779540,12.63,Retail,4,-48,62
EverestPoint,5,581054,4.43,Media,4,3,93
EverestCore,25,216406,2.46,Media,3,68,92
NexusGlobal,20,2818452,14.01,Food,1,-17,40
ApexLink,11,2423903,15.05,Hospitality,3,-81,74
PioneerHealth,25,1567628,1.36,IT,3,-86,33
ApexPoint,22,2398857,8.22,Retail,5,-3,37
BeaconHealth,13,1804978,10.91,Media,4,26,100
BeaconLink,31,4691610,17.83,Healthcare,4,-48,21
VelocityLabs,29,4745306,3.59,Education,5,52,84
PrimeCore,20,4294724,15.08,Energy,4,-35,79
QuantumEnergy,7,433648,11.97,Media,1,-39,80
VertexSystems,32,1989017,15.01,Healthcare,1,-40,95
NimbusWorks,13,2404089,10.22,Tourism,1,70,0
SummitRetail,9,4288511,17.82,Hospitality,4,88,7
PioneerTech,35,4319865,10.88,Food,2,-64,1
VertexDigital,22,4491358,9.31,Energy,4,7,78
NexusSystems,39,2384258,0.89,Fintech,3,56,99
AuroraLink,40,138667,0.73,Hospitality,3,-31,66
NovaRetail,6,3423191,4.78,Tourism,2,-38,82
VelocityZone,34,3970727,11.39,Retail,1,-12,35
NovaTech,28,3210285,11.32,IT,4,8,47
FusionTravel,3,255365,1.69,Ecommerce,1,-53,85
NexusEnergy,25,1309430,15.42,IT,4,86,98
NovaTravel,8,2612783,7.23,Retail,2,-56,77
SummitLabs,25,3700401,8.53,Media,3,-95,85
AuroraEdge,32,1407235,3.33,Tourism,1,42,73
EverestHub,12,2601169,15.77,Telecom,4,45,61
OrbitSystems,35,3628397,15.25,Consulting,1,65,80
NimbusDigital,22,3127253,8.74,Tourism,3,73,71
HorizonEnergy,11,1220286,10.06,Tourism,5,-36,80
ApexLink,18,1394696,18.61,Retail,5,-91,75
OrbitPoint,33,2392826,8.04,Ecommerce,4,3,95
RadiantGlobal,35,412859,12.51,Manufacturing,2,-37,55
AtlasWorks,39,3967984,13.03,Tourism,4,6,23
OrbitLabs,15,3336415,0.61,Education,2,-81,40
FusionLink,39,4843626,16.86,Logistics,4,-93,37
OrbitZone,5,2441018,16.3,Food,5,3,42
NexusSystems,10,298054,8.64,Logistics,3,66,49
FusionPoint,25,4989691,13.8,Energy,1,8,56
SummitLabs,8,3280590,8.41,Fintech,4,64,99
SummitWorks,13,2920594,9.87,Ecommerce,4,34,82
EverestTravel,27,1088346,13.95,Manufacturing,2,34,41
AtlasSystems,32,2481983,7.61,Telecom,3,44,16
NexusLabs,33,3919478,16.09,Fintech,5,-26,72
PrimeRetail,13,1528192,6.47,Hospitality,5,-62,22
ApexLabs,3,4980563,0.98,Media,4,47,86
ApexSystems,24,1874386,1.32,Media,3,-65,33
ApexTech,27,202374,3.51,Media,1,82,9
AtlasLabs,40,4668178,9.72,Media,2,42,85
NexusRetail,7,1272642,15.97,Fintech,3,5,100
EverestFoods,39,2968789,16.41,Ecommerce,5,-74,21
ApexMedia,9,4659805,15.15,Energy,3,-85,95
EverestNet,26,109924,3.35,Telecom,2,42,91
NimbusTech,13,2873972,16.51,Telecom,2,-6,28
PrimeGlobal,29,1505396,10.48,Consulting,4,-85,65
RadiantPoint,3,2616280,19.01,Hospitality,2,0,10
VelocityHub,24,422569,7.96,Ecommerce,1,-47,46
AtlasRetail,13,4777929,6.62,Manufacturing,4,94,15
AuroraFoods,14,3719848,0.83,IT,1,-73,50
HorizonLogics,9,2752036,9.32,Energy,1,-51,72
OrbitEnergy,5,4200932,5.51,Ecommerce,3,61,12
ZenHealth,11,4766891,3.98,Food,1,-92,83
OrbitLink,15,1019886,4.62,Consulting,5,100,85
NexusLogics,1,3754117,7.36,Healthcare,1,-1,80
PulseGlobal,36,288697,13.57,Food,5,51,37
FusionNet,37,1344266,11.56,Fintech,4,58,47
NimbusFoods,16,609151,10.2,Education,1,16,45
AuroraEnergy,34,3015078,7.12,Energy,4,-38,62
VelocityHealth,39,4057119,17.93,Consulting,1,26,39
ApexEnergy,39,143372,8.91,Fintech,2,-95,38
FusionZone,25,2205779,11.21,Tourism,4,-78,95
HorizonSystems,21,1552858,7.86,Food,5,-18,86
BeaconRetail,35,718747,3.1,Consulting,2,30,24
QuantumTech,21,3902021,2.41,Tourism,5,-4,69
AtlasGlobal,31,461622,12.39,Logistics,5,-55,99
ApexSystems,36,2305232,5.77,Education,1,95,50
FusionGlobal,22,2553488,5.7,Tourism,4,24,46
FusionZone,26,3743918,17.96,Logistics,1,-96,4
RadiantZone,19,4841225,0.35,Food,1,60,22
AtlasRetail,4,586994,3.18,Media,3,-46,55
AtlasEnergy,39,2592026,18.61,Fintech,4,-41,54
VertexHub,19,4276440,5.37,Tourism,1,-39,38
AuroraTravel,22,2679612,17.15,Food,1,-33,45
BeaconCore,9,4581005,1.47,Consulting,4,-96,87
HorizonZone,20,2984133,3.26,Fintech,3,60,91
BeaconMedia,19,3415470,6.42,Tourism,1,7,43
PrimeLabs,26,4118061,8.69,Logistics,4,-34,72
NovaPoint,11,285659,8.28,Media,4,-73,57
PulsePoint,2,1311729,15.41,Fintech,2,-95,0
BeaconSystems,20,4130939,7.48,Manufacturing,1,86,64
VertexHealth,32,2087274,3.68,Education,5,-93,81
PrimeRetail,35,4157386,12.32,Fintech,2,23,66
SummitNet,11,540370,3.3,Manufacturing,4,-92,12
RadiantHub,27,2734108,19.98,Hospitality,4,-97,2
FusionZone,39,3143184,15.39,Tourism,2,-86,74
NovaFoods,39,2983215,18.36,Food,5,63,75
AtlasSystems,4,3245496,13.94,IT,2,16,86
ApexFoods,39,1499980,0.92,IT,4,4,76
VertexTravel,25,548915,4.01,Media,1,-73,46
OrbitHealth,38,496877,11.81,Energy,2,18,28
VertexLogics,20,1156222,2.3,Ecommerce,3,-52,35
OrbitSystems,20,1750662,5.61,Education,1,-78,4
RadiantLabs,6,4093871,10,IT,1,30,24
VertexTravel,15,2772775,3.35,Telecom,3,-99,95
PioneerZone,6,1645996,3.17,Hospitality,3,-62,85
ApexSystems,5,600009,17.29,Media,4,-23,63
ZenLogics,22,2087735,8.58,Energy,5,64,58
NovaHub,19,4762510,18.2,Food,5,-62,48
PioneerHealth,35,2131755,12.19,IT,4,-21,81
NovaTravel,37,764683,4.96,Logistics,3,-64,89
QuantumLabs,34,2452391,0.16,Ecommerce,2,31,74
FusionTravel,25,1497858,6.67,Tourism,2,100,90
SummitDigital,14,3638167,16.87,Healthcare,3,-80,63
PrimeNet,15,1627081,19.5,IT,4,-56,93
HorizonHealth,30,4379914,18.03,Retail,5,77,65
NovaZone,14,4676954,13.71,Fintech,5,-99,92
PioneerSystems,1,1943702,16.54,IT,1,85,97
ZenGlobal,4,1752108,8.51,Energy,2,48,43
EverestCore,34,3787930,19.95,Tourism,1,19,93
EverestSystems,2,4795575,13.63,Tourism,2,-48,10
FusionEnergy,31,4866146,8.58,Manufacturing,4,26,89
NovaZone,10,2332117,16.79,Education,3,-81,86
SummitCore,35,4188546,0.49,Telecom,1,65,50
EverestLogics,11,397592,18.5,Logistics,4,-54,2
AtlasMedia,24,870853,13.39,Healthcare,3,-74,74
FusionRetail,9,1044907,6.45,IT,4,68,79
NexusHealth,35,3438852,17.65,Logistics,5,50,35
QuantumLink,3,1925794,3.39,Retail,3,-8,81
RadiantTech,6,4660050,0.58,Logistics,3,-74,54
NimbusSystems,27,2751823,10.51,Logistics,2,98,89
PrimeCore,29,2803288,1.13,Media,3,-1,11
ApexLabs,7,508936,15.08,Ecommerce,2,4,14
ApexSystems,40,1643761,19.97,Logistics,3,-7,64
NexusFoods,1,1648534,17.12,Media,2,50,64
VertexTech,11,358452,4.69,IT,3,5,93
NexusLogics,24,692480,4.05,Retail,3,16,43
PrimeGlobal,11,3116947,4.92,IT,1,48,8
VertexEdge,4,4772581,17.85,Ecommerce,2,50,41
HorizonWorks,34,3549385,10.75,Fintech,1,68,26
RadiantMedia,10,1277959,7.79,Ecommerce,4,-17,2
QuantumWorks,13,2931031,4.3,Fintech,1,77,83
SummitLogics,9,2537700,12.89,Ecommerce,4,83,84
VelocityFoods,12,4918219,13.28,Tourism,5,1,37
ApexCore,8,4461977,18.69,Healthcare,5,87,42
OrbitHub,29,2980182,0.57,Food,3,-7,32
RadiantGlobal,9,4768681,3.89,Media,5,-63,35
PrimeTravel,23,2897275,5.03,IT,1,-9,22
PulseDigital,10,2149940,1.29,Hospitality,4,50,49
ApexSystems,24,1153311,17.93,Education,2,-74,44
PioneerSystems,9,2822778,14.49,Education,4,88,88
NexusLink,20,3519802,16.05,Manufacturing,3,-76,72
AuroraFoods,39,137663,15.14,Retail,3,21,81
VertexTravel,11,3641541,4.93,Manufacturing,3,77,39
PrimeTech,36,4244442,3.85,Fintech,2,-77,45
OrbitEnergy,18,3763444,6.48,Energy,1,-11,90
PrimeLabs,26,1693581,14.44,IT,2,95,7
FusionLogics,15,730108,16.75,IT,1,39,49
ZenPoint,40,2345474,16.08,Food,5,-87,42
RadiantLabs,15,4586915,6.28,Healthcare,5,-54,33
PulseLink,3,3040326,17.7,Consulting,5,-63,55
PulseEdge,20,2383732,11.49,Education,3,-98,32
PioneerCore,3,4768915,3.11,Logistics,1,42,99
PioneerLogics,21,4725372,3.14,Media,5,93,4
FusionPoint,14,4639614,10.56,Retail,1,99,80
AtlasGlobal,32,4830541,16.75,Energy,4,-66,57
OrbitPoint,39,2110048,0.98,Retail,2,-59,26
EverestGlobal,39,4392001,6.45,Consulting,3,3,6
RadiantMedia,19,3053681,4.88,Energy,1,-36,21
SummitNet,26,2772895,12.93,Manufacturing,2,37,77
VertexFoods,21,44512,7.31,Logistics,3,24,20
NovaTech,32,3785652,17.4,Manufacturing,5,52,67
VelocityNet,24,3358775,7.34,Logistics,1,51,94
SummitSystems,10,687930,9.47,Fintech,3,-6,100
BeaconTech,34,2840126,13.54,Ecommerce,2,-11,40
NimbusHealth,27,4693381,11.99,Tourism,4,51,59
VelocityFoods,24,4482068,4.19,Fintech,5,-24,33
PulseNet,39,954071,1.57,Food,1,-47,73
NimbusSystems,3,675123,11.8,Manufacturing,1,39,5
PrimeMedia,20,872649,4.86,Food,3,55,51
NimbusWorks,4,1734427,12.92,Media,1,-73,36
HorizonLabs,37,3466284,15.02,Retail,5,50,53
NimbusHealth,4,2940361,5.57,Tourism,2,-57,51
NexusTravel,13,450746,5.78,Ecommerce,2,92,35
VertexEnergy,14,2179840,16.51,Media,1,-17,82
HorizonHub,27,140131,3.61,Retail,3,23,31
NimbusHealth,23,4554112,16.14,Hospitality,5,0,0
PulseTravel,27,4136499,15.99,Education,4,-34,6
VertexTech,2,44513,12.49,Healthcare,1,98,5
HorizonEdge,8,3568514,3.33,Energy,4,-20,59
FusionDigital,16,3016851,17.35,Ecommerce,4,-65,88
BeaconFoods,32,4746271,0.35,Consulting,2,33,6
ZenGlobal,28,1487444,5.08,Energy,3,77,54
OrbitEdge,8,4485237,9.8,Media,2,-4,43
ZenMedia,31,2027187,9.92,Ecommerce,3,35,80
FusionNet,9,1931070,19.82,Telecom,1,-81,68
SummitTech,15,378613,0.98,Tourism,2,93,62
HorizonTech,19,1727803,15.27,IT,5,21,97
SummitMedia,36,3771492,16.01,Hospitality,1,-45,96
VertexTech,32,3811021,1.54,IT,1,-6,47
ZenMedia,15,269033,19.45,Consulting,3,93,12
EverestPoint,37,4999105,0.32,Telecom,2,-78,95
PioneerEnergy,21,4617084,5.36,IT,1,85,82
VertexWorks,2,4469461,14.13,Logistics,3,-94,7
HorizonPoint,2,479981,1.17,IT,3,77,100
VertexCore,14,3790654,14.84,Energy,2,97,53
VertexCore,29,4069180,0.22,Media,2,-5,94
PulseTech,25,232169,6.89,Hospitality,5,10,87
RadiantTravel,9,2673228,2.1,Media,4,-35,85
NovaNet,6,1472665,5.33,Education,1,7,97
HorizonWorks,37,783623,13.03,Fintech,3,-70,100
NexusFoods,32,4849774,11.91,Fintech,4,16,81
HorizonDigital,1,3554758,1.88,IT,2,75,89
QuantumGlobal,28,916201,6.23,Media,3,66,73
VelocityDigital,22,4820323,10.59,Manufacturing,4,-18,68
AtlasLabs,7,2986455,16.42,Education,3,-54,41
NimbusGlobal,11,4271367,17.15,Ecommerce,1,-54,64
VertexDigital,27,3016162,15.12,Fintech,2,-61,47
ZenHealth,6,4522465,14.97,Education,2,29,13
AtlasDigital,10,3668000,2.55,Logistics,5,95,81
SummitFoods,10,3629604,19.94,Healthcare,3,-10,6
EverestHealth,21,4832653,1.82,IT,5,80,55
NexusLogics,13,3398636,16.99,Hospitality,5,63,28
OrbitFoods,16,597582,12.13,Education,1,-32,78
VelocityHealth,30,4640664,5.2,Energy,3,64,85
VertexMedia,13,3300827,11.83,Telecom,5,83,35
NimbusMedia,21,2031934,10.3,Hospitality,3,87,45
VelocityNet,4,4284118,2.47,Consulting,2,40,22
AtlasGlobal,6,374447,10.96,Retail,2,-78,16
QuantumLogics,20,1276660,3.42,Hospitality,3,-36,39
VelocityEdge,13,3926419,0.94,Fintech,3,60,25
VelocityLabs,32,3412294,2.42,IT,3,73,54
PioneerEnergy,16,419265,2.72,Energy,2,-95,36
AtlasPoint,28,483113,19.18,Media,1,97,10
SummitTravel,33,604737,15.43,Tourism,1,-9,100
VertexHealth,33,1187999,18.03,Telecom,5,22,76
NovaLink,2,2161986,17.93,Manufacturing,3,54,35
HorizonEnergy,15,2791717,0.76,Food,2,93,71
AuroraGlobal,34,2546110,3.13,Food,5,-43,43
RadiantPoint,30,2022307,0.39,Healthcare,3,27,76
ApexLogics,38,1178767,1.56,Tourism,3,96,66
BeaconMedia,20,4174052,2.45,IT,5,-8,76
FusionLink,9,4685686,2.85,Media,2,-34,43
EverestTravel,14,2253228,4.69,Education,4,-67,73
PulseCore,31,4621711,12.19,Telecom,4,55,56
ZenHub,33,3631427,18.91,Food,5,-17,48
NexusNet,26,4430047,10.51,Consulting,1,31,46
ApexEnergy,36,4389329,14.29,Ecommerce,4,94,37
NimbusCore,9,1009098,7.43,Education,5,-59,100
AuroraWorks,3,4876399,4.64,Consulting,3,42,20
PulseEnergy,23,2691897,4.61,Food,2,-57,88
OrbitTravel,21,3592938,1.53,Manufacturing,3,2,28
NexusEnergy,30,3245982,17.59,Energy,4,-71,95
PioneerSystems,37,354306,5.18,Media,2,-83,1
RadiantHealth,32,360059,18.83,Food,1,92,45
OrbitRetail,1,1107577,0.91,Fintech,4,31,31
PulsePoint,2,3475986,0.49,Retail,3,7,20
AuroraFoods,31,3504470,12.49,Logistics,4,-48,94
VelocityLabs,20,967909,13.18,Telecom,5,17,5
NovaZone,23,1995803,19.21,Healthcare,5,-19,34
BeaconNet,16,3247666,0.58,Logistics,3,92,96
NovaZone,25,2262053,17.95,Hospitality,1,-31,88
PulseLogics,24,326473,2.25,Healthcare,4,10,52
PulseFoods,29,4265360,18.3,Energy,3,-71,10
AuroraTravel,20,335901,7.07,Fintech,4,-69,16
QuantumHealth,35,1379042,2.74,Fintech,4,48,22
AtlasGlobal,35,3021248,4.92,Retail,2,39,55
FusionPoint,24,3231500,5.39,Healthcare,3,92,69
SummitLogics,31,1534854,2.37,Telecom,3,-91,40
NovaGlobal,5,4099331,14.53,Logistics,4,77,16
SummitPoint,40,4180678,7.05,Hospitality,1,73,1
PrimeLogics,10,3452422,8.77,Manufacturing,3,-32,64
SummitGlobal,21,368923,15.79,Hospitality,4,19,79
FusionGlobal,38,4625948,0.31,Food,3,37,97
AtlasZone,18,4109897,6.22,Education,4,-3,8
NexusPoint,19,25786,1.22,Manufacturing,4,-47,19
VelocitySystems,33,3850111,8.95,Consulting,5,31,42
FusionFoods,25,4710164,14.39,Healthcare,1,-88,6
PulseLabs,27,2846262,4.62,Telecom,2,4,65
FusionSystems,30,2774845,9.93,Tourism,3,7,92
AtlasNet,37,26214,9.37,Hospitality,1,-61,78
RadiantEnergy,6,4460024,17.53,Retail,2,-29,72
PrimeTech,26,3240595,10.26,Education,1,22,73
AtlasPoint,9,1403714,19.66,Retail,1,-79,36
OrbitLogics,31,4120345,7.82,Hospitality,4,13,24
PioneerLink,4,3525350,11.67,Media,5,-51,60
QuantumDigital,6,835702,12.76,Food,5,84,50
PioneerLabs,36,2362264,15.81,Retail,3,-66,14
ZenGlobal,28,1865524,16.28,Food,5,-68,38
NimbusSystems,1,1405747,8.48,IT,5,88,65
HorizonRetail,6,4055383,12.89,Ecommerce,1,-22,33
QuantumLogics,20,2952318,0.66,Education,3,30,55
AtlasFoods,8,2123522,9.58,Logistics,3,-94,100
AtlasFoods,24,4850042,0.62,Ecommerce,1,20,11
FusionEdge,15,4329779,5.98,Logistics,4,63,7
EverestDigital,28,1677628,1.23,Ecommerce,5,-27,15
FusionWorks,20,3612199,7.95,Ecommerce,3,-77,17
VertexLogics,25,1432538,1.39,Food,3,-77,99
SummitEdge,40,946074,0.58,Media,4,-27,51
VertexDigital,31,4787818,12.87,IT,2,-81,18
NexusDigital,8,3530671,4.33,Consulting,5,10,98
ZenRetail,39,2330193,18.24,Hospitality,4,-61,16
PrimeWorks,40,1957984,19.53,Retail,1,43,52
NexusGlobal,2,2120585,14.28,Hospitality,4,64,55
VelocityEnergy,1,4847966,19.13,Food,1,-19,60
FusionZone,38,590779,11.11,Hospitality,4,-93,17
SummitZone,29,2534011,5.23,Energy,3,-77,12
BeaconPoint,24,1140271,17.07,Media,3,-90,15
AtlasEdge,31,1885882,15.23,Media,5,70,37
OrbitSystems,33,1434076,13.1,Consulting,5,18,43
PioneerLink,18,917165,7.09,Tourism,2,9,71
PrimeMedia,2,2761178,14.89,Manufacturing,2,-39,51
NimbusTech,5,4240678,14.88,Manufacturing,1,-21,4
NimbusHub,39,1980878,1.57,Tourism,3,11,75
VelocityLabs,6,503856,13.47,Media,1,2,42
RadiantEnergy,34,1110770,8.59,Tourism,1,-22,42
AuroraHub,28,2142715,4.2,Food,2,-16,11
RadiantWorks,12,2209393,9.94,Retail,4,79,92
PrimeSystems,29,3404165,8.79,Consulting,1,-82,66
NimbusLogics,14,2056320,1.38,Consulting,3,-20,31
ZenCore,4,3860323,17.98,IT,1,12,15
NovaDigital,21,1221331,4.25,Tourism,5,-34,10
RadiantEdge,13,2280236,12.56,Fintech,1,-49,69
VelocityZone,22,2094492,7.56,Retail,3,23,56
VelocityCore,15,462234,1.63,Ecommerce,5,92,25
VelocityEnergy,8,709502,1.18,Media,1,-94,57
EverestEdge,26,3679420,3.1,Healthcare,4,-91,73
NimbusDigital,20,1040001,12.36,IT,2,-64,58
VertexRetail,36,2857490,0.22,Media,3,-53,29
AtlasPoint,28,4950874,12.52,Manufacturing,2,-13,72
SummitNet,21,2755582,3.41,IT,1,49,95
PioneerCore,30,3817269,7.55,Healthcare,5,100,89
VertexMedia,38,3682602,11.5,Education,5,-40,79
BeaconEnergy,34,3639103,4.87,Tourism,5,87,63
PrimeMedia,4,1930629,10.77,Telecom,2,61,86
AuroraSystems,36,3602796,16.99,Fintech,4,42,88
NimbusHub,17,985474,8.4,Retail,2,68,73
HorizonLink,16,2400830,3.35,Food,3,31,66
PrimeSystems,10,1126615,8.34,Logistics,1,-97,9
PioneerEdge,15,1857569,10.73,Healthcare,3,-77,52
PioneerEnergy,6,216495,3.27,Telecom,1,-62,90
VelocityZone,25,2775246,9.14,Retail,2,99,65
VelocityEdge,32,3463216,3.53,Logistics,2,43,100
AtlasEnergy,5,1861358,6.59,IT,3,26,83
NovaFoods,13,2795854,17.85,Tourism,3,50,45
EverestLabs,21,4579520,5.3,Hospitality,4,-71,33
NexusTravel,17,2663658,12.12,Tourism,4,34,34
AuroraLabs,26,3767970,11.1,Manufacturing,3,-96,69
PioneerTech,29,3881831,4,Fintech,3,22,3
VertexEnergy,7,1887465,8.17,Fintech,2,30,71
SummitGlobal,6,570044,8.15,Energy,2,-43,44
PrimePoint,5,4453863,0.27,Consulting,2,-72,95
VertexLink,17,1556333,10.68,Logistics,4,0,95
SummitEnergy,21,3596500,18.58,Energy,3,-79,89
RadiantTech,4,536710,7.97,Healthcare,5,31,31
NovaCore,30,3229095,14.19,Tourism,1,0,43
RadiantNet,4,710907,17.91,Fintech,3,19,67
SummitGlobal,20,3235080,19.07,Fintech,3,91,100
AtlasNet,2,36282,19.15,Energy,2,43,92
EverestLink,14,1364266,14.69,Logistics,4,19,52
NexusMedia,31,2700918,16.56,Manufacturing,3,-70,14
ApexLink,1,103478,6.46,IT,3,-38,38
HorizonTech,5,4498324,11.07,Food,4,-86,46
AuroraGlobal,40,4400151,11.32,Energy,5,78,30
NexusCore,3,3185954,9.18,Tourism,3,69,86
NexusGlobal,33,272797,2.81,Logistics,2,-3,4
VelocityDigital,26,4635608,0.18,Fintech,4,8,84
ZenWorks,27,144798,19.64,Education,4,-71,13
SummitNet,32,2368153,13.45,Retail,1,-59,79
HorizonWorks,17,168373,2.58,Consulting,1,64,78
PioneerSystems,7,4448886,11.88,Hospitality,1,-78,61
AuroraGlobal,7,1117503,17.74,Logistics,3,67,81
ZenHealth,12,2940658,1.35,Education,3,63,39
PrimeWorks,39,3623932,12.47,Ecommerce,3,-42,36
PrimeLabs,21,771123,14.31,Manufacturing,3,-31,10
VertexDigital,17,3328019,12.13,Hospitality,3,-46,67
PulseMedia,20,4651225,6.14,Education,3,-24,2
PrimeHub,23,3800698,3.47,Tourism,2,-72,62
NimbusWorks,5,4049278,11.29,Retail,1,-22,43
SummitNet,19,3857262,16.32,Telecom,1,-89,20
PioneerLink,18,1408162,2.24,Telecom,4,-46,55
HorizonDigital,33,709541,4.12,Fintech,1,-77,81
HorizonRetail,28,1416793,16.85,Fintech,1,9,23
FusionGlobal,13,4582817,13.59,Tourism,1,81,87
AtlasTravel,11,4989935,15.94,Food,5,73,96
AtlasRetail,22,2552181,9.22,Retail,5,83,77
PulsePoint,32,102071,3.38,Food,5,34,55
SummitTech,5,298173,0.54,Media,4,-10,30
VelocityEnergy,13,3183432,16.29,Ecommerce,3,70,98
FusionGlobal,25,1982425,17.15,Manufacturing,5,-73,92
PioneerLabs,27,1806503,14.75,Ecommerce,5,-34,99
AtlasZone,1,2100322,1.01,Education,3,83,49
QuantumGlobal,32,3814392,12.96,Fintech,3,88,82
FusionHealth,14,4915889,4.53,Manufacturing,2,-46,26
EverestFoods,5,1825429,14.78,Retail,4,48,28
ApexRetail,20,4995502,0.16,Telecom,3,46,81
EverestZone,19,4226744,19.36,Media,3,70,92
FusionFoods,10,4275875,7.73,Ecommerce,5,-90,82
VelocityLogics,13,1333580,0.67,Consulting,3,-99,26
PrimeWorks,16,2413961,12.02,Food,1,-2,59
VelocityNet,7,2973108,2.89,Telecom,1,-96,21
ApexNet,29,4166595,14.87,Consulting,4,-24,79
ZenMedia,11,996323,13.6,Logistics,3,86,39
BeaconEdge,23,3052808,18.95,Logistics,4,-14,94
AuroraDigital,35,2676485,18.99,Education,3,87,15
PulseLogics,13,4863013,14.22,Retail,2,-22,39
VelocityGlobal,15,593986,11.12,Fintech,2,-9,49
SummitLink,6,1443439,14.67,Fintech,1,-61,5
PulseHealth,26,4045298,6.18,Ecommerce,2,-70,27
ZenHub,5,4187282,6.4,Ecommerce,2,-47,2
ApexTravel,20,4236941,3.29,Ecommerce,1,24,68
EverestPoint,22,476717,13.61,IT,2,-23,40
ApexEnergy,14,2802020,17.15,Healthcare,2,14,74
BeaconGlobal,11,1427872,8.74,Telecom,2,0,23
VertexLogics,13,1939758,7.97,Telecom,5,1,39
VertexCore,4,3907965,18.15,Tourism,1,97,81
BeaconPoint,32,607346,13.46,Healthcare,1,-4,26
NovaRetail,27,356087,19.19,Education,1,-99,53
OrbitLogics,26,2683075,10.93,Ecommerce,4,2,15
PulsePoint,3,588043,13.55,Logistics,4,35,87
RadiantTech,31,827793,4.15,Energy,2,17,40
PrimeCore,7,2672296,7.73,Education,4,20,47
NimbusEnergy,36,3201305,16.96,Retail,4,26,71
SummitPoint,1,3032873,1.52,Retail,2,61,50
NovaCore,33,4661009,16.93,Education,3,-75,27
SummitLogics,11,1396710,8.91,Retail,3,-27,10
ApexZone,22,3124686,17.17,Ecommerce,1,-79,49
OrbitMedia,17,1298549,9.54,IT,4,92,27
PrimeTravel,12,1791118,6.07,Media,4,-47,52
BeaconNet,37,3224347,12.95,Consulting,5,3,17
HorizonNet,31,4206301,12.42,Retail,1,-15,8
VelocityWorks,32,1429732,9.37,Ecommerce,3,-30,58
BeaconFoods,20,1826641,6.64,Manufacturing,2,-94,1
VelocityZone,15,2228681,4.23,Media,5,88,37
BeaconDigital,30,1172144,7.19,Fintech,1,-84,60
ZenFoods,35,3083513,4.46,Media,4,69,32
EverestLabs,39,733647,17.48,Logistics,5,-93,27
ApexCore,22,944520,3,Food,5,75,55
VelocityEnergy,3,4718716,11.73,Tourism,2,-21,5
HorizonLabs,2,24390,1.17,Ecommerce,1,-89,87
NimbusHub,9,2625629,12.86,Fintech,5,-75,44
VelocityLogics,22,681865,4.8,Healthcare,4,67,50
SummitFoods,39,2670115,4.9,Hospitality,4,68,56
EverestNet,10,3657582,16.27,Logistics,5,-47,29
FusionTech,15,2261119,4.77,Consulting,2,86,40
FusionLink,7,4091414,7.98,Fintech,4,-22,1
EverestRetail,36,3113618,1.72,Logistics,3,16,6
ApexSystems,20,3163812,10.55,Media,3,41,12
PrimeTech,23,4384605,4.33,Healthcare,2,95,82
AuroraLink,3,2834601,7.32,Telecom,2,63,94
EverestFoods,19,4716870,12.69,Tourism,1,57,54
PulseNet,20,4878862,4.72,Consulting,4,74,89
VertexLogics,32,4160406,14.76,Consulting,1,27,21
NovaLink,7,3116257,14.28,Manufacturing,3,98,72
PioneerSystems,3,1856279,19.45,IT,5,-25,12
ZenWorks,5,717374,13.27,Consulting,2,-44,97
NovaEdge,19,4899105,8.05,Retail,3,7,96
BeaconRetail,19,541989,11.32,Hospitality,3,-89,0
NimbusEnergy,27,281393,3.69,Media,2,-15,2
PioneerEnergy,13,1113224,12.41,Food,2,25,100
AtlasTech,38,2581637,5.69,Telecom,1,100,3
BeaconSystems,10,3083878,13.99,Media,4,59,24
NexusEdge,13,2785096,5.75,Hospitality,4,-88,35
EverestEdge,29,3279493,13.79,Fintech,5,-44,40
AuroraDigital,4,299040,12.83,Tourism,4,-35,73
EverestCore,36,2145382,11.08,Manufacturing,3,79,99
FusionRetail,13,1865833,17.3,Food,2,47,53
ZenGlobal,4,4659597,9.13,Consulting,2,56,47
OrbitZone,39,466703,3.35,Telecom,5,-10,88
OrbitFoods,39,1802694,8.69,Education,2,-59,82
OrbitMedia,6,2840985,15.52,IT,3,-96,28
ApexHealth,2,4102469,4.42,Media,4,22,82
NovaRetail,30,695523,19.68,Healthcare,4,85,21
NimbusMedia,18,147270,12.16,Ecommerce,5,-5,90
OrbitSystems,5,461264,1.44,Energy,2,82,76
ApexGlobal,34,2751787,2.64,Energy,5,7,66
PulseDigital,16,551947,10.44,Logistics,4,66,48
RadiantWorks,30,2362179,2.19,Healthcare,1,38,60
RadiantTravel,24,2014338,2.88,IT,3,81,79
SummitPoint,17,3074179,1.99,Logistics,5,-8,39
PrimeLink,40,3911148,1.43,Retail,3,83,46
HorizonFoods,23,2913656,12.97,Consulting,4,93,26
HorizonHub,14,2454097,8.57,Media,4,-32,10
PioneerTravel,1,4727924,14.56,IT,3,-12,4
NexusEnergy,11,3965294,15.6,Energy,4,55,92
NovaZone,16,1275351,17.61,Hospitality,5,84,99
FusionSystems,10,433770,14.07,Manufacturing,3,93,93
AuroraGlobal,40,2683556,8.6,Logistics,4,-98,73
FusionSystems,39,2476575,10.5,Retail,3,-59,27
BeaconZone,24,1474673,9.17,Hospitality,3,30,24
SummitPoint,16,1194716,2.56,Tourism,3,7,20
PioneerLabs,34,2787084,13.71,Hospitality,1,-21,24
AtlasZone,31,1462490,12.48,Tourism,1,-51,52
PulseHub,27,4833487,12.06,Ecommerce,3,-69,12
RadiantHealth,16,2162939,17.17,Education,2,68,0
VertexHub,21,1440258,9.3,Healthcare,5,32,82
PulseHealth,34,2260273,4.58,Manufacturing,2,-45,53
PrimePoint,40,1412598,19.67,Fintech,4,64,62
VelocityTravel,14,1096935,18.81,Retail,1,-6,86
PulseTravel,29,2249196,17.84,Education,3,-52,52
QuantumLink,34,2022064,3.23,Education,3,13,40
NimbusLabs,1,880129,18.33,Hospitality,4,39,76
NimbusNet,24,3185711,12.63,Media,3,48,66
HorizonRetail,39,708031,13.95,Media,4,-90,15
EverestDigital,24,4494075,15.5,Hospitality,4,53,49
SummitNet,31,2475129,2.64,Manufacturing,4,82,89
ZenHub,4,1169754,16.35,Consulting,3,-86,58
AuroraPoint,34,4866900,13.38,Telecom,4,48,16
NovaTech,39,4679259,10.74,Media,2,-36,44
NovaTravel,26,858041,19.32,Logistics,4,-12,42
VelocityRetail,27,376105,16.35,Manufacturing,2,-88,3
NovaLink,19,2804777,5.43,Education,5,-78,34
ApexPoint,17,4501094,3.03,Logistics,5,-29,94
RadiantEdge,23,71661,17.84,Manufacturing,1,99,65
NovaZone,25,3011000,6.09,Education,3,-28,95
NovaEnergy,19,2730071,7.91,Telecom,2,-27,29
BeaconDigital,26,4302191,7.67,Fintech,1,-59,28
VelocityTravel,30,2271002,15.68,Healthcare,4,43,59
AuroraSystems,24,1243050,2.01,Manufacturing,4,-7,2
HorizonWorks,16,4430962,2.28,IT,5,34,32
PioneerEnergy,8,2856640,10.93,Food,1,-39,61
FusionTravel,15,433507,3.3,Manufacturing,2,8,39
PulseWorks,7,3776775,17.78,Logistics,5,-39,1
OrbitPoint,9,2383394,16.56,Telecom,5,-21,1
VelocityPoint,30,3480474,14.07,Food,4,72,37
AtlasCore,1,1662632,15.52,Ecommerce,3,30,81
HorizonTravel,29,1147021,3.25,Ecommerce,5,9,6
OrbitWorks,29,3590821,19.37,Hospitality,1,-94,49
BeaconEnergy,6,2764530,10.22,Healthcare,5,50,6
VelocityCore,5,4762911,2.96,Education,2,-19,25
NovaMedia,7,1524530,12.98,Manufacturing,3,26,6
ApexPoint,17,1317252,14.22,Hospitality,4,41,13
PrimeNet,15,3212160,10.48,Logistics,5,-54,62
VertexRetail,39,2210725,7.01,Food,3,93,41
NimbusGlobal,15,4263943,18.23,Media,5,1,78
PulseLabs,26,3671670,17.22,Fintech,4,63,75
VelocityHub,28,2911399,12.52,Hospitality,4,-82,46
SummitLogics,22,2926262,19.09,Telecom,5,-41,78
PulseGlobal,38,4327619,2.44,Consulting,3,-22,92
AtlasGlobal,21,3036423,3.92,Media,3,-76,72
NexusEnergy,13,2101849,6.59,Education,5,-60,12
OrbitLink,27,3888814,10.01,Retail,5,-4,9
FusionHub,14,2386791,11.67,Consulting,4,-34,95
RadiantEdge,30,3556160,12.66,IT,1,-67,11
OrbitEdge,33,1724841,2.08,Media,5,-12,74
HorizonNet,30,4505322,10.32,Consulting,1,-47,0
FusionPoint,18,3287345,6.02,Healthcare,4,-73,98
NimbusTravel,17,4814362,19.47,Education,5,-87,49
VertexWorks,31,4408177,8.52,Fintech,3,-30,71
PrimeTech,11,3881523,19.3,Energy,3,66,39
NovaLabs,25,4777526,19.58,Media,5,-60,81
QuantumNet,15,299624,1.59,Fintech,3,-12,62
HorizonGlobal,18,2958353,12.74,Tourism,3,-36,71
NexusTech,30,2543020,3.57,Media,4,68,57
PioneerDigital,5,1577673,12.33,IT,2,33,92
ZenLogics,27,4274723,18.76,IT,3,-57,39
VertexEnergy,20,1664711,14.54,Healthcare,2,-20,14
FusionTech,16,4297145,9.21,Energy,5,50,89
HorizonLogics,23,3992143,18.51,Fintech,3,56,11
PrimeNet,40,2915973,6.09,Retail,2,76,42
VertexPoint,16,1866472,18.02,Energy,5,-97,30
ZenRetail,11,920201,5.04,Energy,5,98,80
ZenGlobal,38,3889671,5.06,Healthcare,4,-82,60
NovaLogics,3,3539499,19.64,Education,2,-20,22
AuroraEdge,22,1552874,2.73,Tourism,4,-70,0
RadiantWorks,2,3147426,17.21,Ecommerce,3,76,78
OrbitSystems,26,4735187,18.23,Education,4,93,23
PioneerHealth,38,2069477,8.4,IT,1,-1,71
FusionEdge,10,1632039,5.04,Consulting,1,87,96
AtlasRetail,16,2626449,15.49,Manufacturing,4,15,77
VertexWorks,30,3224640,4.02,Ecommerce,4,58,75
VelocityTech,21,1739359,17.23,Manufacturing,5,86,20
AuroraLink,4,3466414,1.73,Food,3,39,18
SummitSystems,1,4224346,3.69,Retail,3,48,96
NexusHealth,9,3788029,7.93,Tourism,3,42,33
PioneerPoint,2,1760439,11.44,Energy,4,76,49
QuantumWorks,19,1579679,3.42,Hospitality,5,-42,48
PioneerFoods,9,2698652,6.94,Fintech,3,-43,41
ApexNet,9,3921917,8.31,Logistics,4,75,22
EverestPoint,7,3167043,17.76,Retail,5,67,16
NovaMedia,8,4993842,4.55,Logistics,2,-45,82
AuroraLink,13,3583554,19.58,Consulting,5,-8,59
BeaconFoods,18,2810596,8.03,Healthcare,3,-21,64
AuroraPoint,24,4633224,4.21,Ecommerce,2,48,22
HorizonLabs,9,3742785,9.97,Fintech,4,-22,36
VelocityLabs,31,3429458,18.05,Telecom,5,-45,22
RadiantTravel,26,432077,3.93,Healthcare,2,65,76
PrimeLogics,21,1641742,16,Retail,5,78,19
PioneerLabs,10,2223296,1.34,Tourism,4,-54,23
FusionZone,15,3926866,11.48,Telecom,1,23,6
OrbitSystems,30,4875126,17.17,Ecommerce,2,60,79
RadiantTech,34,2127698,16.85,Consulting,5,18,10
NovaCore,26,1299712,13.83,Energy,5,18,94
PulseNet,10,4982849,18.33,Consulting,3,-53,5
VelocitySystems,15,3353647,0.94,IT,4,-17,94
AtlasLogics,15,672112,9.99,Healthcare,3,-68,33
ZenGlobal,39,2588416,10.94,Hospitality,1,-71,92
PioneerHub,6,2244468,7.32,Telecom,4,33,66
RadiantGlobal,13,3739036,16.52,Telecom,5,-37,9
VelocityHealth,16,1839825,3.23,Fintech,3,11,84
FusionEnergy,37,1519807,19.29,Healthcare,1,-50,78
PulseMedia,34,2303199,13.32,Healthcare,5,60,92
ZenTech,13,665688,10.46,Food,5,82,50
RadiantTravel,8,4737211,16.54,Retail,4,19,91
PulseLabs,16,1165089,19.39,Media,5,66,3
OrbitRetail,31,4904562,10.88,Education,4,79,47
HorizonEnergy,36,4797443,15.29,Hospitality,3,-39,6
PrimeTech,40,193890,16.64,Logistics,1,-78,18
FusionHub,2,1366967,12.07,Education,3,82,71
VelocityNet,22,3826999,18.84,Fintech,3,-42,17
NimbusCore,28,3651042,3.51,Healthcare,2,40,67
OrbitEdge,5,1905440,5.07,Healthcare,3,-90,41
RadiantMedia,31,1224096,6.69,Food,2,-54,90
BeaconHub,30,317969,11.72,Retail,3,-16,48
PioneerGlobal,4,1617790,13.22,Ecommerce,1,-56,71
AtlasFoods,20,2774643,18.51,IT,3,84,28
PulseLabs,29,2973817,4.02,Tourism,3,-45,68
NimbusTravel,39,3403272,0.72,Telecom,5,-24,88
PrimeTech,38,2754151,12.78,Healthcare,2,74,88
RadiantGlobal,6,4173772,8.92,Healthcare,4,72,74
NimbusWorks,36,4756277,0.74,Retail,4,33,34
NimbusSystems,16,4386999,15.03,IT,4,87,59
VelocityFoods,5,3087343,14.95,Ecommerce,5,-63,46
PulseNet,11,2043487,4.72,Manufacturing,4,60,41
SummitSystems,7,2387612,15.55,Consulting,2,42,21
OrbitHub,4,450297,9.41,Hospitality,1,-94,41
ZenHealth,4,2745360,10.41,Ecommerce,1,-22,21
EverestLink,25,1313158,6.76,Manufacturing,2,-21,63
QuantumGlobal,3,1620127,19.83,Telecom,5,31,70
AtlasCore,26,1482147,10.87,Hospitality,2,-95,23
AuroraDigital,4,3258693,13.62,Education,2,75,66
QuantumLink,11,757698,14.78,Food,3,-47,42
OrbitSystems,25,1133206,10.41,Manufacturing,5,-24,78
NimbusZone,19,4487578,14.47,Education,1,-48,66
VelocityEdge,28,4654263,1.95,Logistics,3,-1,99
QuantumZone,26,3724051,16.29,IT,3,-26,27
RadiantLink,6,4361250,6.58,Consulting,2,85,82
AuroraDigital,32,3160555,1.66,Telecom,5,35,95
AuroraMedia,5,1849019,7.88,Telecom,1,40,9
HorizonFoods,11,33712,9.16,Food,5,74,18
FusionTravel,14,3026578,5.33,Food,5,-95,75
NovaLogics,1,1427526,9.36,Hospitality,5,-15,93
PulseHub,6,2156960,9.77,Ecommerce,5,-86,39
SummitTech,12,4334577,3.08,Food,3,-50,34
PioneerGlobal,20,3519815,15.04,Fintech,5,14,60
NimbusDigital,40,1659657,18.21,Consulting,5,-2,78
AtlasNet,20,4549093,17.93,Food,4,-83,21
ApexWorks,18,3897395,2.54,Media,2,90,47
NovaMedia,18,4641704,18.08,Media,1,-34,50
QuantumLabs,23,167525,4.25,Ecommerce,5,14,74
SummitNet,2,2487678,13.88,Manufacturing,1,-81,23
QuantumLink,36,2986708,17.76,Education,4,-96,97
RadiantDigital,38,3976152,3.19,Manufacturing,5,-76,18
VertexRetail,37,1433459,11.5,Healthcare,1,-44,2
BeaconFoods,35,4244078,17.52,Energy,1,-17,35
EverestHub,11,1843794,1.72,Fintech,5,-38,29
SummitRetail,22,2171981,7.34,Education,4,-43,48
BeaconMedia,33,541595,3.45,Retail,5,85,14
PrimeZone,6,1751004,11.49,Healthcare,1,72,31
NimbusGlobal,17,211490,8.2,Hospitality,1,-92,1
QuantumLabs,5,4476422,6.23,Fintech,2,76,74
QuantumGlobal,18,489812,2.32,Media,4,-3,13
EverestNet,26,2017330,4.01,Logistics,1,-71,98
ZenEnergy,40,4532673,7.06,Tourism,2,-72,61
AtlasRetail,31,2848587,3.34,Education,2,18,60
QuantumSystems,17,3926682,6.32,Telecom,2,-21,12
SummitZone,30,1045605,17.26,Telecom,5,-26,40
AuroraDigital,30,3083661,14.36,Education,3,23,3
AtlasLabs,31,3853849,18.28,Tourism,2,-54,39
ApexLink,16,4071198,13.78,Education,2,32,2
VelocityLabs,16,4122946,18.64,Tourism,1,81,6
FusionTravel,1,4177209,12.74,Tourism,1,-11,61
ZenTech,27,1561190,0.16,IT,1,76,49
SummitSystems,17,1590202,14,Logistics,1,68,4
PulseTravel,10,4546502,14.8,Healthcare,1,-84,90
NexusRetail,9,2360337,4.76,Consulting,5,-32,68
NovaHub,22,2761286,12.29,Hospitality,1,86,61
BeaconCore,15,1591739,16.28,Retail,3,10,36
AuroraZone,7,3286595,9.38,Tourism,4,2,44
PioneerCore,38,3252089,13.58,Food,2,86,45
VelocityEnergy,19,4683893,8.89,Tourism,4,29,13
SummitLogics,9,4970307,6.69,Education,2,-74,29
BeaconWorks,25,2492281,11.47,Food,2,93,49
AuroraZone,17,1184869,13.02,Telecom,3,-91,11
PrimeEdge,2,85434,3.49,Ecommerce,1,-10,14
PioneerTravel,17,1910131,1.15,Hospitality,1,3,96
HorizonEdge,15,453079,6.64,Food,4,82,35
HorizonPoint,16,180633,9.53,Media,4,55,15
NexusZone,22,673670,9.34,Energy,5,-87,62
ApexDigital,35,3857586,17.55,Consulting,1,-97,7
NovaWorks,16,1698555,5.01,Food,1,-57,65
AuroraDigital,32,1470951,16.69,Manufacturing,1,-26,62
SummitHub,31,3086006,3.33,Hospitality,3,39,19
VelocityDigital,16,3358188,16.78,Ecommerce,4,39,56
NovaZone,18,3449724,10.77,Food,5,-62,43
PrimeDigital,36,3987764,17.05,Hospitality,5,-90,77
ApexLink,32,727819,3.82,Fintech,1,87,7
PrimeZone,19,3060885,19.79,Education,1,21,64
NimbusCore,36,4920178,19.07,IT,3,98,37
ApexHub,7,1302518,15.26,Education,5,-86,88
NovaTravel,12,2959197,12.47,Manufacturing,5,-9,4
VertexCore,15,4190306,12.92,Retail,4,10,4
SummitPoint,3,2106520,1.66,Media,2,71,77
VelocityHub,14,1330790,6.37,Tourism,5,-17,91
SummitEdge,28,4026270,14.15,Logistics,5,24,22
PulseHub,5,2721165,7.72,Consulting,2,-40,17
PulseLink,31,3089886,19.47,Manufacturing,1,65,90
AtlasGlobal,30,310453,18.26,Telecom,5,-37,77
HorizonDigital,39,2654219,11.18,Energy,2,-93,62
EverestSystems,9,3427476,6.64,Telecom,2,-22,74
EverestTravel,33,2846478,13.08,Telecom,1,-34,95
PioneerSystems,21,3476925,10.4,Logistics,2,21,45
SummitNet,15,152747,6.66,Fintech,3,23,62
SummitSystems,20,2648534,14.36,Energy,1,-49,43
ZenFoods,15,4258654,12.75,Consulting,1,-40,38
ApexSystems,19,3967801,16.64,Retail,5,-85,60
EverestWorks,14,1627479,11.67,Consulting,5,-69,56
VelocityTravel,35,1101194,9.83,IT,4,11,48
VelocityWorks,11,2675673,10.47,Education,1,-92,99
AuroraEnergy,17,3604565,15.82,Hospitality,4,-98,82
AuroraLogics,29,2938186,15.65,Tourism,4,-26,76
PrimeLink,21,2834216,10.75,Fintech,3,-4,45
PrimeLabs,9,1641292,6.29,IT,5,-99,25
VelocityHealth,2,2550161,13.48,Retail,5,-50,81
NovaFoods,10,1554634,9.91,Healthcare,5,-96,90
ApexEnergy,6,1460199,0.29,Education,1,-52,34
NimbusEnergy,34,1296352,18.99,Hospitality,1,40,73
QuantumMedia,35,570673,1.32,Media,3,-16,5
AuroraPoint,28,4251172,4.03,Ecommerce,4,57,40
PulseMedia,20,1754195,5.15,Tourism,2,6,29
PioneerHealth,1,3115005,4.48,Healthcare,5,59,28
BeaconLabs,15,1232377,10.85,Hospitality,4,48,44
EverestSystems,4,3545348,2.47,Fintech,3,-100,5
QuantumCore,29,3868542,13.42,Healthcare,1,-22,82
NovaTech,39,1347464,6.02,Education,2,-62,20
NexusSystems,37,995410,1.94,Logistics,2,-24,91
NovaLabs,4,756782,6.06,IT,3,-32,56
QuantumZone,12,2933222,9.87,Media,2,34,46
VertexCore,22,511661,0.91,Telecom,5,-82,77
PioneerFoods,13,272364,1.56,Tourism,4,69,100
NimbusEdge,28,3680805,16.69,Telecom,4,12,30
VelocityEdge,39,1459303,9.52,Consulting,1,-80,86
FusionEdge,6,1148547,7.6,Manufacturing,5,-91,70
SummitHub,33,4699518,5.68,Healthcare,1,92,46
RadiantGlobal,38,3782446,9.65,Media,5,-69,24
ApexMedia,12,2170724,18.46,Retail,1,-85,25
ApexPoint,29,2396033,8.11,Tourism,1,7,20
QuantumTech,33,591724,6.49,Logistics,5,74,40
PulseLabs,1,2975205,9.5,Retail,3,61,69
PrimeHub,12,4788966,2.24,Manufacturing,2,-59,14
VelocitySystems,31,505110,0.91,Fintech,3,14,87
BeaconSystems,40,3645203,14.62,IT,1,-56,36
PrimeFoods,14,2937321,17.14,Telecom,2,-16,17
AtlasLink,4,1178042,5.38,Food,2,2,26
PulseEnergy,25,1220020,15.89,Consulting,1,-94,17
HorizonLogics,25,2824032,10.8,Retail,1,-46,21
AuroraZone,25,2459737,0.11,Ecommerce,2,92,51
NovaRetail,23,247948,5.17,Consulting,2,92,35
HorizonMedia,11,1500841,11.59,Consulting,5,-31,88
HorizonTravel,19,3527517,15.26,Manufacturing,4,-76,35
NovaZone,24,3135225,13.05,Ecommerce,2,-28,96
VelocityLogics,6,889772,8.54,Energy,3,-72,45
NovaRetail,31,3675338,3.09,Food,5,99,93
PulsePoint,33,1684707,6.01,Consulting,5,51,80
AtlasNet,35,2003293,14.51,Healthcare,2,35,79
BeaconCore,27,2721935,17.72,Telecom,2,-35,41
PioneerTech,17,3973658,12.21,Manufacturing,2,42,7
AuroraCore,20,3579235,16.93,Consulting,5,-100,38
NimbusZone,29,3333822,15.09,Consulting,5,-21,99
PioneerSystems,39,1947131,19.18,Consulting,2,-18,24
PioneerLink,38,2231216,9.53,Retail,5,-89,32
NimbusFoods,19,2262372,1.63,Media,4,-8,86
NimbusRetail,6,369904,17.84,Energy,1,-3,54
PrimeRetail,22,2108904,14.91,Ecommerce,2,-15,61
ZenHub,29,3667484,13.71,Energy,4,-19,0
AtlasHealth,8,297951,3.03,Education,4,41,38
AuroraFoods,5,1700343,11.9,Energy,3,95,61
QuantumTravel,3,1085044,19.23,Manufacturing,5,49,95
HorizonZone,37,196716,15.68,Tourism,2,-39,53
NovaTech,26,990912,16,Healthcare,5,85,59
BeaconEdge,1,2726462,4.63,Fintech,3,-94,75
NexusPoint,29,4679761,5.03,Tourism,2,100,51
QuantumLabs,17,1997679,14.62,Retail,3,43,62
VelocityLink,8,3036724,6.79,IT,4,-27,65
OrbitLink,39,3351872,2.95,Ecommerce,2,-51,78
PulseTravel,36,822777,6.39,Tourism,2,12,56
SummitRetail,31,4219888,15.51,Food,4,-91,3
PrimeSystems,5,760074,11.18,Fintech,3,49,18
AtlasHub,19,3377031,3.82,Media,2,-34,58
HorizonHub,28,4920618,13.72,Fintech,1,43,61
FusionLabs,19,3131982,17.7,Telecom,3,-81,81
SummitLabs,15,3009216,3.9,IT,3,29,31
EverestZone,40,275530,10.44,Manufacturing,2,-90,17
ZenEnergy,5,4992309,7.4,Hospitality,4,40,60
ApexTech,7,2684566,4.11,Logistics,5,-98,87
SummitWorks,13,758106,12.2,Healthcare,3,-15,58
QuantumCore,13,235538,15.49,Education,2,-21,50
OrbitHealth,29,238947,1.74,Media,5,-75,89
OrbitFoods,28,2727374,12.01,Food,2,-54,39
AtlasTech,37,3170275,6.45,IT,5,-26,89
FusionZone,33,1198371,3.23,Tourism,4,-54,54
PioneerRetail,16,653418,17.78,Media,1,-56,60
ZenCore,12,1971498,12.84,Tourism,5,7,22
BeaconNet,38,3026319,5.91,Education,4,-96,16
VertexZone,32,344120,15.02,Media,5,-72,58
VelocityHealth,22,891275,7.71,Ecommerce,1,86,55
VelocityHealth,22,2950231,2.52,Ecommerce,1,55,37
HorizonCore,24,982038,7.08,Ecommerce,5,-72,90
AuroraNet,6,1201143,1.17,Media,4,-44,11
EverestFoods,38,1666767,5.93,Energy,2,55,30
NovaEnergy,5,2933434,0.92,Education,3,37,29
AuroraTech,37,3345827,19.93,Energy,1,-14,22
HorizonHealth,38,3079263,1.05,Food,5,-53,30
OrbitEdge,28,2964365,16.21,Education,3,50,40
VertexRetail,39,3529415,4.4,Education,5,10,92
VertexCore,7,1963650,14.55,Logistics,5,-13,63
QuantumLabs,39,1312796,1.15,Ecommerce,2,65,10
FusionGlobal,25,2682474,11.42,Consulting,2,-67,56
HorizonLabs,33,709335,9.93,Logistics,1,-3,93
QuantumTravel,15,260328,1.95,Telecom,1,-62,67
RadiantSystems,5,2303258,18.27,Logistics,5,-12,11
VelocityMedia,19,1889435,11.48,Ecommerce,3,51,52
VelocityTravel,39,3783098,11.59,Logistics,5,33,50
NimbusGlobal,31,1387911,10.56,Media,2,-72,14
ApexRetail,32,3482597,4.35,IT,2,20,24
ZenTech,38,2302712,15.51,IT,4,50,1
RadiantNet,31,2951591,1.54,Ecommerce,2,86,31
BeaconLogics,23,2495730,16.48,Telecom,4,75,100
NimbusRetail,19,1342866,12.38,Manufacturing,5,-77,78
NexusCore,19,2508337,19.41,Healthcare,5,-76,29
ApexEdge,40,3927683,16.61,Manufacturing,4,48,69
PioneerLink,30,2840729,0.26,Fintech,4,27,64
PulseHub,40,3795975,19.25,IT,5,91,44
PrimeGlobal,38,593517,13.78,Education,1,-43,82
FusionWorks,7,1911482,14.32,Manufacturing,1,14,31
AtlasNet,11,1492586,11.92,Hospitality,2,-68,47
EverestRetail,28,249863,17.11,Telecom,4,10,2
NexusTech,38,2241807,12.88,Telecom,4,-64,9
AtlasEdge,37,2598006,9.59,Energy,5,27,13
PrimeNet,9,194020,17.97,Fintech,3,-42,8
NexusMedia,9,1969155,14.48,Media,2,38,0
OrbitSystems,28,1284109,10.32,Fintech,3,61,7
QuantumFoods,9,3965554,15,Media,2,-39,52
NovaSystems,26,3930019,11.96,Ecommerce,4,34,17
SummitZone,37,2037406,17.47,Consulting,2,-75,52
RadiantLogics,39,2717690,3.46,Hospitality,1,89,98
PulseZone,8,1511659,3.24,Logistics,2,-13,81
AuroraLink,32,3208074,14.73,Media,1,66,91
OrbitEnergy,21,322600,6.64,Energy,2,87,5
NexusSystems,8,13420,16.71,IT,2,-39,90
PulseFoods,24,1031792,14.59,Fintech,1,69,0
AtlasEdge,9,2813123,15.83,Telecom,4,-95,25
BeaconTech,33,4621142,14.18,Hospitality,5,62,5
NimbusLink,6,317455,6.63,Healthcare,5,90,89
NexusRetail,19,1904967,12.23,IT,4,53,92
PioneerHub,8,3772728,1.75,Retail,5,-31,97
VertexEnergy,4,2087710,8.39,Healthcare,4,-43,81
OrbitPoint,37,2282133,4.87,Ecommerce,1,87,0
NimbusCore,6,1987327,14.14,Retail,5,100,36
PulseLink,1,1153365,6.79,Ecommerce,3,13,50
SummitDigital,11,3066594,11.87,IT,1,-13,67
HorizonSystems,21,66537,4.15,Hospitality,4,6,86
VelocityLogics,31,2789947,16.44,Manufacturing,2,63,93
AtlasSystems,19,2460896,7.48,Food,5,58,87
PulseEnergy,20,402280,17.23,Telecom,3,7,66
PulseTravel,20,1994902,4.58,Hospitality,1,-56,54
ZenLink,5,602583,15.66,Food,5,47,28
FusionFoods,11,2521459,16.57,Manufacturing,2,6,13
PrimeWorks,14,4398346,13.89,Telecom,1,17,68
HorizonMedia,19,2435838,16.03,Manufacturing,4,-37,71
NovaLogics,38,1330832,3.42,Logistics,3,-1,14
PrimeHub,28,4575653,4.46,Retail,1,14,1
ZenHealth,34,2246262,12.72,Fintech,1,-96,41
HorizonPoint,20,1344880,13.54,Hospitality,4,49,45
RadiantNet,18,2872466,17,Consulting,3,100,2
AtlasWorks,33,3826420,7.85,Ecommerce,2,74,43
NexusTravel,40,3379791,1.14,Tourism,4,-15,3
QuantumLabs,3,3835675,17.79,Education,1,64,74
PulseDigital,31,1415583,3.23,Retail,5,-34,16
FusionLabs,5,3901136,10.49,Fintech,2,-24,12
PrimeRetail,20,1245982,10.95,Fintech,5,-22,50
OrbitMedia,34,3448320,9.12,Healthcare,3,43,50
NimbusLogics,10,3125365,6.25,Media,5,-12,77
HorizonHealth,21,3075961,0.15,Food,3,-34,0
QuantumPoint,4,4010879,7.23,Food,2,-16,23
PulseTravel,32,4479729,13.56,Media,5,-13,40
AtlasDigital,24,936213,16.97,Fintech,5,65,10
PioneerHub,20,3412706,6.3,Healthcare,1,-72,11
SummitEnergy,22,2316345,4.77,Food,3,-55,64
QuantumZone,6,1261474,14.51,Telecom,2,-57,40
ZenZone,34,3609772,4.94,Fintech,3,15,74
RadiantLabs,35,2450242,3.23,Retail,5,-51,75
PulseEdge,2,3793680,3.71,Consulting,2,68,73
SummitRetail,12,453291,4.67,Energy,4,0,79
AtlasNet,20,3726489,17.98,IT,1,26,99
PrimeSystems,3,2509630,2.27,Hospitality,1,-14,67
ZenLabs,32,3127014,6.29,Education,5,-19,12
ZenHub,5,1564132,7.17,Healthcare,3,32,90
AtlasSystems,11,566651,1.66,IT,3,9,26
NovaEdge,32,4940934,16.2,Manufacturing,1,1,3
PrimeSystems,27,1582414,7.73,Retail,5,-57,66
PulsePoint,21,3042101,15,Energy,3,-68,63
AuroraNet,30,1705376,8.21,Telecom,3,-27,40
NimbusCore,13,4371422,18.09,Manufacturing,2,42,10
NexusTravel,29,2464413,3.34,Ecommerce,3,9,8
BeaconSystems,25,356545,15.15,Hospitality,5,5,61
PrimeRetail,2,1680131,14.84,Tourism,1,-77,0
ZenLogics,34,4832135,10.15,Ecommerce,5,4,69
ZenTravel,10,3229992,18.92,Consulting,2,0,30
NimbusGlobal,2,3437501,8.19,Tourism,5,-30,76
PrimeSystems,2,3220609,14.23,Telecom,3,-27,65
VelocityTech,16,566536,8.93,Retail,4,-86,92
QuantumLabs,2,2003738,11.19,Manufacturing,5,78,39
AtlasWorks,24,1804739,19.15,Media,3,-31,3
NimbusNet,11,3039448,6.98,Media,3,-59,85
NovaMedia,2,2431713,7.22,Healthcare,3,-31,12
PrimeNet,28,213726,4.95,Energy,4,-68,16
FusionMedia,26,3261278,10.08,Hospitality,3,19,5
PulseTech,6,4058412,7.11,Tourism,5,-14,2
FusionEdge,11,4772920,1.97,Retail,5,-30,33
FusionPoint,26,3234341,13.22,Media,5,-70,4
FusionTech,18,3981094,16.35,Consulting,1,-57,8
PioneerEdge,35,2929310,11.8,Manufacturing,3,22,74
ZenGlobal,34,3032855,18.73,Fintech,1,-26,5
RadiantZone,11,2897603,11.5,Fintech,3,80,15
OrbitZone,24,1230497,1.63,Telecom,4,82,64
NexusTech,2,2827952,18.96,Tourism,1,-34,84
NexusLink,30,3774164,7.91,Energy,4,15,45
EverestTravel,22,3708044,7.87,Manufacturing,2,88,51
BeaconTech,10,4143874,17.32,Ecommerce,3,50,36
ApexPoint,18,4967498,17.33,Ecommerce,3,29,95
NovaEnergy,21,2669797,1.85,Telecom,5,84,88
SummitDigital,18,803586,16.76,Logistics,1,-62,52
FusionLink,34,375729,4.56,Manufacturing,5,24,79
HorizonWorks,37,3638178,4.53,Manufacturing,2,34,9
FusionEdge,25,1507967,12.29,Media,5,25,63
BeaconEdge,19,3364193,17.63,Telecom,5,-39,93
HorizonTravel,39,3856912,18.76,Consulting,4,10,92
FusionLink,11,4963503,8.51,Logistics,1,74,17
ZenSystems,39,3991745,9.46,Logistics,5,-59,4
NexusFoods,3,3148211,6.73,Fintech,4,-100,20
VertexNet,37,2856038,11.16,Manufacturing,1,72,93
ZenSystems,15,3891295,8.67,Education,1,69,92
SummitTravel,33,4981594,18.66,Logistics,1,-84,27
SummitEdge,40,637359,15.54,Hospitality,3,18,31
NovaEnergy,2,1722154,1.67,Consulting,5,-6,62
OrbitGlobal,35,2827741,3.11,Consulting,1,32,99
VertexEdge,11,1586419,0.82,Media,5,-29,4
AuroraTech,18,224192,17.23,Media,5,74,85
OrbitHub,4,23747,13.58,Consulting,5,8,39
ApexTech,15,1999769,16.97,Telecom,3,-46,95
EverestZone,18,2795657,4.58,Fintech,4,-68,27
NimbusNet,38,2658993,14.09,IT,3,-10,45
RadiantZone,22,1508663,10.68,Food,2,-10,41
AuroraFoods,39,2226003,0.61,Healthcare,3,59,18
ZenNet,11,2744800,18.98,Consulting,4,-16,49
VelocityFoods,35,1584284,18.58,Logistics,2,-21,68
ApexLogics,13,4524690,0.66,Consulting,4,28,49
PulseSystems,16,1268248,11.05,Energy,5,64,11
SummitNet,6,4786313,6.92,Manufacturing,2,3,44
RadiantTech,13,2050687,11.44,Fintech,4,-62,43
NovaSystems,33,474205,17.87,IT,4,58,34
HorizonLogics,3,3879755,18.98,Telecom,5,42,23
NexusEdge,10,4742874,10.14,Fintech,3,-80,68
BeaconCore,18,3576214,18.37,Education,1,98,22
AuroraTravel,8,2447167,17.1,Logistics,3,-22,81
VertexWorks,12,336474,2.92,Energy,5,-84,81
OrbitLink,19,913627,2.8,Education,4,78,17
SummitDigital,36,1953741,18.17,Retail,3,60,53
NexusLogics,10,1458726,2.55,Telecom,1,1,28
EverestRetail,13,3086961,9.98,IT,2,-84,70
EverestLink,39,2393608,7.1,Telecom,1,-100,4
RadiantPoint,6,4114385,10.44,Tourism,5,59,85
PulseEdge,32,1304124,18.2,Consulting,5,-16,80
PrimeFoods,35,856184,10.96,IT,5,91,45
EverestLabs,1,931703,10.74,Logistics,5,-26,22
NimbusHealth,6,1086416,16.36,Consulting,3,28,35
ApexLogics,7,244437,19.21,Tourism,1,59,36
BeaconGlobal,39,1976693,18.85,Media,2,-100,61
QuantumEdge,24,44831,10.32,Telecom,3,-13,69
EverestWorks,7,3669570,15.89,Healthcare,1,9,98
ZenNet,38,3502532,9.98,Food,1,-6,52
ZenTravel,1,4556463,10.37,Food,3,-73,36
RadiantTech,25,4342752,7.31,Retail,3,-49,24
SummitEnergy,13,2327163,16.76,Healthcare,2,97,14
NexusTech,2,2376321,3.18,Ecommerce,3,-73,75
VertexRetail,1,2703872,12.42,IT,1,-37,13
PioneerWorks,3,4059903,8.09,Ecommerce,1,-55,51
NexusRetail,14,1074650,18.03,Healthcare,2,-95,63
ApexHealth,25,4978570,19.22,Education,2,59,10
NexusZone,29,991625,13.91,Telecom,2,37,22
PrimeRetail,8,1339907,7.52,Manufacturing,2,-82,75
EverestEnergy,18,1517855,6,Hospitality,2,-6,70
OrbitZone,27,2083815,17.02,Fintech,4,84,92
HorizonLabs,11,711101,12.65,Consulting,2,62,75
NovaNet,24,190858,7.12,Ecommerce,5,38,76
NimbusFoods,12,4998113,9.87,IT,1,75,98
PioneerCore,23,2258874,7.54,Tourism,1,58,43
NovaLink,34,4277887,7.32,Telecom,4,50,23
NovaEdge,23,3299860,14.78,Tourism,3,67,79
EverestHealth,36,2135478,3.38,Retail,2,46,68
BeaconSystems,20,1621549,3.8,Hospitality,1,-75,6
ZenHub,5,1451224,11.28,Fintech,5,77,83
NovaLabs,22,3158341,6.39,Manufacturing,2,47,27
NexusDigital,29,3183532,16.12,Education,1,-5,47
VelocityMedia,25,228311,16.02,Ecommerce,1,66,84
NovaHealth,7,2459185,14.21,Telecom,3,15,44
NimbusLogics,17,1271706,19.71,Education,2,-16,39
FusionLabs,15,4052843,10.18,Logistics,2,6,40
RadiantCore,4,3236330,13.96,Tourism,2,-88,37
AtlasLink,31,1738146,1.06,Ecommerce,1,50,69
NovaCore,30,1424972,9.4,Healthcare,5,-60,25
PulseCore,17,4791369,19.76,Media,1,-43,7
FusionDigital,37,1486191,2.88,Ecommerce,5,-64,55
AtlasTech,3,1682300,13.61,Consulting,1,-89,2
NovaPoint,14,2647702,18.57,Media,5,-92,83
VelocityWorks,22,2740307,11.92,IT,4,-33,20
PulseZone,24,1053512,3.87,Ecommerce,3,-63,71
NimbusLogics,26,1227785,5.95,Consulting,5,33,81
HorizonCore,5,3223054,19.96,Energy,3,-99,45
PioneerGlobal,38,486313,0.37,Retail,4,-83,53
AtlasEnergy,18,2682946,2.19,Tourism,5,-56,68
QuantumCore,3,929360,3.82,Consulting,5,-24,55
PioneerZone,4,553580,13.64,Hospitality,3,-5,93
HorizonEnergy,7,3142069,5.34,Energy,5,-26,94
NimbusGlobal,33,3883125,12.12,IT,3,46,19
ZenZone,22,3801924,10.34,IT,2,37,2
QuantumFoods,19,1700460,5.69,IT,5,53,36
ApexLogics,5,4701428,17,Hospitality,5,26,98
BeaconRetail,37,3660284,6.66,Ecommerce,2,90,9
ApexEnergy,17,2013071,9.15,Telecom,5,-24,57
HorizonHealth,7,1270620,16.96,Hospitality,2,46,11
BeaconNet,10,1002546,9.67,Education,2,48,9
PioneerZone,31,2392259,7.53,Manufacturing,3,-47,22
NovaLabs,21,3269985,1.6,Food,2,10,67
EverestRetail,14,4137135,18.06,Manufacturing,5,-85,1
AuroraTech,9,3297017,15.1,Media,3,53,74
BeaconMedia,15,4413875,1.36,Energy,4,-80,63
FusionLabs,38,2368340,0.17,Ecommerce,4,-94,0
OrbitWorks,3,846644,5.52,Education,1,16,62
AuroraLabs,21,2937609,4.22,IT,5,0,8
VertexDigital,28,2531806,15.81,IT,5,49,57
BeaconNet,34,3631480,12.38,Fintech,3,59,26
PrimeHealth,3,377997,1.57,Tourism,3,-96,7
RadiantHub,18,3439425,4.13,Fintech,3,-31,17
AuroraLabs,35,3556140,11.83,IT,5,-83,71
SummitTech,17,3486608,8.64,Education,5,19,41
RadiantCore,2,316302,11.71,Hospitality,1,48,58
HorizonRetail,36,2366035,9.43,Food,2,-90,84
EverestSystems,38,4413158,3.78,Ecommerce,4,19,5
HorizonDigital,32,4604642,14.18,Education,1,30,84
QuantumEdge,33,3280806,8.48,Food,5,9,31
NimbusZone,37,1974252,12.19,Consulting,1,14,34
PrimeLabs,34,1431772,17.35,Logistics,4,-4,34
EverestEnergy,11,4332803,17.01,Consulting,2,40,45
OrbitZone,30,2905453,14.21,Consulting,4,56,69
RadiantSystems,36,4920626,15.12,Telecom,4,47,24
BeaconZone,3,2644247,15.09,Media,3,58,77
QuantumEnergy,10,203646,18.22,Retail,2,34,8
ApexFoods,3,1602507,14.18,Fintech,1,41,96
AtlasTravel,29,2074955,12.32,Energy,1,-38,72
NimbusWorks,31,233086,4.93,Fintech,1,4,77
AuroraTravel,11,1340075,4.86,Education,1,-52,14
BeaconLabs,24,2273842,1.57,Manufacturing,3,-39,81
OrbitTravel,24,2334022,13.02,Media,4,13,38
QuantumLink,18,3651091,5.76,Media,5,-55,12
FusionPoint,37,4537814,5.78,Tourism,3,-49,34
NimbusNet,27,1245699,6.97,Ecommerce,1,-13,60
VertexLink,6,1938933,13.89,Hospitality,2,-46,54
BeaconHub,11,4096386,3.86,Fintech,3,87,6
AuroraLabs,35,1576362,2.07,Telecom,1,87,46
HorizonDigital,29,2546845,3.42,Telecom,2,19,26
QuantumDigital,32,4433991,16.15,Ecommerce,4,-81,68
OrbitNet,6,2467847,9.14,Healthcare,3,87,98
RadiantLink,37,2065450,6.96,Energy,1,56,26
ZenWorks,7,4979577,13.53,Energy,1,-10,33
VelocityLogics,30,4220370,3.85,Logistics,2,-44,99
PulseHealth,25,1886822,4.5,Retail,4,99,17
AtlasEnergy,36,187839,8.38,Education,5,91,40
NovaHealth,1,1664390,16.79,Healthcare,5,5,92
NimbusDigital,30,464394,5.39,Tourism,5,70,60
SummitTech,23,4680233,18.72,Tourism,5,-32,67
PulsePoint,18,59831,8.99,Ecommerce,2,79,87
BeaconTravel,36,323054,19.55,Tourism,1,71,36
PulseTravel,4,1255823,9.87,Telecom,5,-51,99
VertexPoint,22,1336784,19.99,Consulting,5,72,11
PulseLink,6,3573316,16.19,Ecommerce,5,95,18
HorizonHub,11,4682660,10.11,IT,3,-67,85
PulseLabs,4,114963,6.05,Food,1,94,42
EverestEnergy,7,2922819,5.87,Education,3,-34,38
NovaRetail,8,1895146,17.89,Hospitality,5,-21,41
AtlasZone,34,1441068,5.03,Food,3,-64,48
ApexCore,38,2695090,18.17,Logistics,2,78,79
VelocityWorks,25,3017530,1.28,Logistics,3,-80,63
RadiantMedia,32,2573236,9.86,Retail,4,67,48
NimbusNet,8,330232,4.18,Food,1,-79,36
SummitFoods,32,1265371,12.77,Healthcare,5,51,40
PrimeZone,27,2886706,17.91,Hospitality,3,-80,1
ApexZone,39,2219713,5.89,Telecom,2,-58,28
BeaconTravel,7,1847759,10.35,Retail,2,31,30
BeaconEdge,21,160678,16.23,Education,4,41,89
HorizonLogics,38,1349230,0.15,IT,3,-83,6
FusionTech,20,4428899,7.69,Fintech,4,16,16
PulsePoint,11,4961023,6.04,Ecommerce,3,55,92
AtlasFoods,13,3780973,19.69,Retail,3,-53,77
ApexCore,19,4187592,18.71,Energy,4,72,87
FusionPoint,31,2980599,16.65,Ecommerce,2,-39,41
BeaconWorks,39,670946,14.36,Telecom,4,2,47
PrimeZone,36,2134565,15.97,Food,2,-86,82
FusionEdge,35,811613,9.48,Food,1,-98,47
NimbusDigital,16,635507,8.14,Ecommerce,2,71,87
NimbusTravel,34,2868302,12.24,IT,2,89,74
PrimeZone,8,3910433,1.47,IT,3,25,39
EverestMedia,25,1824987,7.11,Tourism,2,-45,34
NovaHealth,15,4806954,9.83,Hospitality,2,-32,7
SummitGlobal,12,2669581,9.68,Retail,2,-71,80
NimbusCore,3,2439194,9.85,Energy,3,-58,63
AtlasEnergy,33,2773914,15.3,Logistics,2,43,66
FusionEdge,22,1723517,7.33,Telecom,4,-88,90
PrimeFoods,22,1197518,3.33,Logistics,4,51,42
AuroraRetail,14,1635619,2.5,Telecom,1,29,46
ApexRetail,23,4101560,7.28,Education,3,20,35
NexusNet,6,3529301,0.43,Logistics,3,-4,89
HorizonGlobal,20,1489770,17.95,IT,5,51,80
HorizonLogics,20,2760955,6.23,Retail,1,65,65
ZenSystems,28,1548496,16.77,IT,4,47,27
AtlasGlobal,7,1134148,6.42,Food,4,18,81
ApexDigital,27,4616430,19.7,Energy,1,18,89
VertexLabs,28,3815664,1.02,Manufacturing,2,3,15
QuantumHub,14,3311374,5.4,Media,1,7,51
EverestLogics,2,1601648,4.73,Consulting,5,8,1
RadiantCore,19,3498109,11.76,Tourism,1,-63,2
FusionPoint,24,1222720,6.82,IT,5,60,84
ApexDigital,27,3849194,13.12,Retail,3,-23,30
FusionNet,28,1586830,15.52,Education,3,79,7
VertexTravel,26,2388884,19.95,Retail,1,82,12
ZenEdge,37,1606770,18.58,Manufacturing,4,-19,90
ApexNet,37,3231360,5.84,Education,4,92,96
NovaNet,4,3978661,15.97,Telecom,5,60,54
NovaSystems,32,2054828,0.48,Manufacturing,4,71,30
AtlasGlobal,22,1799107,3.51,Media,4,59,70
NimbusPoint,2,273901,19.06,Logistics,2,70,6
OrbitPoint,7,4318646,4.54,Education,2,70,29
VelocityHub,27,2374736,2.18,Fintech,2,16,2
NimbusMedia,8,2228560,11.71,Ecommerce,3,82,48
EverestEnergy,10,4217563,11.97,Healthcare,1,-99,10
PulseWorks,16,1078044,8.97,Hospitality,1,-92,86
ApexHealth,8,582222,15.79,Energy,3,-98,96
AtlasTravel,20,1973817,8,IT,3,-45,98
FusionPoint,17,4595594,12.82,Energy,4,79,91
VelocityNet,13,350078,10.22,IT,1,11,45
NovaHealth,7,1228994,7.3,Ecommerce,5,-86,75
NimbusWorks,28,918172,6.28,Telecom,5,67,86
PrimeGlobal,15,4245536,12.19,Logistics,5,51,19
NovaPoint,4,2807686,19.28,Consulting,3,-4,100
VertexCore,10,2231639,2.75,Hospitality,3,-57,68
SummitCore,11,2844288,17.05,Ecommerce,4,-73,51
HorizonZone,27,188045,4.72,Media,2,33,28
HorizonTech,11,1680660,9.57,Education,1,-29,85
EverestPoint,27,4458661,16.54,Tourism,1,-81,12
BeaconGlobal,11,2808074,15.4,Hospitality,4,22,60
VelocityMedia,4,2040391,7.22,Media,5,71,31
BeaconWorks,1,2644605,4.37,Hospitality,4,-47,53
PrimeHealth,15,4142370,16.51,Energy,1,43,27
VertexLabs,32,4669344,5.87,Hospitality,3,47,43
SummitCore,22,2373331,15.65,Energy,5,-87,43
PioneerTravel,14,399492,2.45,Manufacturing,3,77,61
BeaconCore,21,977998,11.46,Energy,3,10,12
SummitZone,31,1122051,5.8,Fintech,4,-28,21
NimbusRetail,12,4022410,4.57,Fintech,1,-14,97
QuantumEnergy,24,754025,11.33,IT,4,-89,63
BeaconTech,25,553632,6.15,Fintech,4,46,40
AuroraHub,7,4258545,2.4,Education,3,19,39
AuroraWorks,21,508311,4.8,Retail,2,-99,5
NovaSystems,14,2183798,0.72,Healthcare,4,-93,66
PrimeFoods,26,308545,18.1,Food,2,52,83
VertexEnergy,13,410818,16.88,Manufacturing,2,25,73
ApexTech,17,1996269,0.96,Logistics,2,71,8
NovaLogics,25,1373891,9.61,Energy,1,93,14
HorizonLabs,16,1125338,13.75,Hospitality,5,40,4
PioneerEnergy,13,3487492,6.71,Education,1,-48,61
HorizonCore,24,1468602,12.06,Healthcare,1,58,76
EverestZone,26,1009775,14.06,Healthcare,4,30,6
QuantumSystems,21,926736,6.05,Telecom,3,15,95
QuantumCore,8,4257196,8.7,Healthcare,2,-37,57
PioneerCore,39,3685461,11.9,Fintech,1,-6,60
SummitCore,20,1965346,0.96,Healthcare,1,46,10
PulseZone,13,4749137,19.92,Energy,1,-83,84
OrbitSystems,14,4410655,5.81,Manufacturing,4,-3,90
AuroraLabs,39,925970,6.59,Manufacturing,2,-9,69
NovaGlobal,6,280729,19.75,Media,4,58,81
QuantumZone,23,2846808,1.6,Tourism,2,67,55
VertexFoods,8,4558084,13.45,Tourism,4,73,47
ZenRetail,40,4008272,18.66,IT,4,63,24
EverestTech,2,4401572,8.09,Education,5,57,85
SummitLabs,28,705975,4.15,Retail,5,24,21
AtlasEdge,36,467108,8.7,Healthcare,2,86,1
AtlasLogics,15,2636959,6.72,Education,5,-15,92
NexusTravel,33,2476123,0.12,Education,5,44,25
PioneerSystems,17,4055680,9.33,Retail,2,-68,86
AuroraLink,4,714341,9.19,Telecom,1,-26,81
AuroraGlobal,32,2950725,6.24,Healthcare,5,-73,90
SummitMedia,31,1054985,14.74,Fintech,5,44,28
VertexZone,16,2616244,15.4,IT,3,-18,40
RadiantEdge,18,3900056,5.59,Logistics,5,96,3
RadiantHub,21,1018171,2.7,IT,5,-83,32
FusionCore,23,4371355,12.78,Food,5,-96,74
NexusSystems,15,3306078,6.4,Ecommerce,5,-96,29
SummitZone,11,1061513,10.95,Logistics,3,-69,23
FusionCore,4,4787882,18.31,Tourism,2,-27,95
OrbitEdge,35,1855625,7.04,Telecom,4,-66,64
PioneerTech,18,1944444,15.39,Ecommerce,2,90,66
AuroraEnergy,34,2195424,19.04,Manufacturing,3,-48,2
VertexLink,39,1412412,10.88,Healthcare,3,50,84
ZenMedia,19,4062128,15.5,Education,3,36,32
VertexTech,38,186008,10.84,Consulting,1,-14,83
VelocityMedia,34,3220171,2.16,Consulting,1,23,48
QuantumWorks,16,3812469,1.12,IT,4,47,10
VertexLabs,15,2773417,16.26,Tourism,5,78,30
EverestPoint,23,2036136,7.8,Fintech,3,58,29
VelocityGlobal,19,2669480,8.41,Energy,5,29,99
RadiantHub,6,3702146,10.58,Media,4,22,9
NexusWorks,34,2210090,3.97,Media,2,53,15
VertexLink,3,4690049,7.76,IT,2,98,44
VelocityHealth,34,2863642,4.39,Telecom,1,-64,68
FusionTravel,37,2484074,9.93,Consulting,4,47,77
AtlasLogics,6,183216,13.11,Manufacturing,5,78,64
PulseMedia,24,4671477,6.14,Logistics,1,-11,56
SummitRetail,40,891961,0.45,IT,4,79,87
NimbusSystems,21,3694981,10.17,Media,2,-29,24
NimbusLabs,32,1254812,12.11,Healthcare,4,-52,58
BeaconEnergy,15,1423003,15.82,Logistics,4,45,0
NimbusLabs,26,4721320,8.53,Ecommerce,3,-68,33
QuantumTravel,13,3813663,16.68,Telecom,3,21,80
PulseTech,1,3169999,9.92,Consulting,3,-14,92
EverestNet,17,924078,14.49,Manufacturing,1,-52,33
VertexLabs,18,4936114,12.92,Tourism,5,-98,22
PrimeFoods,10,1898706,11.06,Healthcare,2,-7,64
AuroraGlobal,30,2992954,17.13,Manufacturing,1,12,75
SummitZone,22,3875170,5.77,Manufacturing,4,-2,55
OrbitSystems,13,2283255,18.08,Consulting,1,-3,2
FusionPoint,15,4309731,8.99,Manufacturing,4,-85,83
RadiantGlobal,2,2058476,4.97,Logistics,1,38,7
ZenRetail,32,2345295,11.11,Manufacturing,2,20,0
HorizonEnergy,33,2363135,3.33,Energy,4,57,35
PioneerSystems,36,62348,1.85,Media,3,-98,22
BeaconLink,33,3402448,1.15,Consulting,5,-93,25
SummitEdge,20,3650206,12.62,Food,1,-7,30
NovaTravel,2,1744111,7.51,Tourism,3,43,87
ApexZone,4,3594497,5.41,Media,2,80,89
OrbitDigital,32,1865994,3.55,Fintech,4,-33,82
NovaZone,31,1799333,0.71,Education,5,-88,60
PioneerLink,23,2601842,10.29,Healthcare,5,-38,21
QuantumMedia,16,1275052,11.52,Manufacturing,2,-71,18
RadiantWorks,23,4244191,0.53,Telecom,2,28,16
VelocityLogics,37,4833934,1.41,Retail,5,93,77
AuroraZone,5,1740872,3.82,Energy,2,65,12
VelocityEdge,4,3262779,4.09,Fintech,2,-2,4
ApexEnergy,2,2452102,7.7,Healthcare,2,88,90
NimbusFoods,14,3246182,6.5,Retail,3,-48,29
BeaconTech,29,2017294,11.45,Telecom,5,76,47
RadiantZone,13,2016911,17.5,Energy,5,-47,85
VelocityTravel,6,379748,2.42,Fintech,1,-96,82
VelocityHealth,13,584189,6.76,Logistics,3,65,11
PrimeHub,22,4657533,19.63,IT,3,78,23
AtlasTech,10,571410,7.05,Food,2,10,21
BeaconZone,24,2342734,7.29,Retail,5,-70,97
ApexHealth,7,4239750,7.07,Tourism,1,83,51
PrimeFoods,5,4164728,9.41,Fintech,2,88,61
ZenTravel,30,4429914,17.6,Media,4,-5,88
EverestTech,26,4663406,16.12,Manufacturing,3,-90,19
PulseHealth,37,3181460,7.39,Fintech,3,69,48
FusionCore,2,2824033,14.23,Retail,1,8,53
NimbusWorks,19,2008856,15.34,Energy,4,18,69
OrbitRetail,33,3482823,19.49,Logistics,2,-29,70
SummitLink,24,4795744,14.34,Ecommerce,2,-60,25
FusionGlobal,13,3789519,14.23,Tourism,5,-62,77
RadiantWorks,36,3790302,17.24,Ecommerce,3,-65,24
QuantumLogics,19,3002873,13.43,Media,2,-41,68
HorizonRetail,34,596403,6.39,Media,3,95,71
PrimeLink,24,2753359,7.21,Logistics,3,-74,15
VelocityLogics,32,3065034,11.09,Retail,2,-62,81
BeaconFoods,16,766632,13.21,Consulting,3,52,57
ApexTech,38,399407,11.03,Energy,2,-18,14
EverestNet,22,3807702,9.27,Retail,4,-27,26
PrimeTech,25,4898026,4.16,Energy,1,-32,89
VertexTravel,25,4064006,6.84,Education,2,48,60
OrbitFoods,24,1784720,2.86,Media,5,-66,5
VertexHealth,17,3630832,1.07,Telecom,4,37,2
RadiantHealth,38,3587851,4.9,Tourism,2,96,21
PrimeNet,35,3285623,19.5,Hospitality,5,83,72
FusionHub,26,318719,13.98,Fintech,4,-77,99
VertexZone,16,2503575,8.42,Telecom,5,-77,56
PioneerLabs,8,1581527,5.45,Logistics,1,80,36
FusionLink,38,4818013,13.65,Education,5,40,24
NexusLink,1,3788354,5.15,Telecom,5,-42,33
ZenWorks,18,4924154,2.46,Education,2,85,93
EverestEnergy,14,4453848,17.28,IT,3,34,76
NovaZone,28,266677,19.6,Manufacturing,1,-28,14
PioneerCore,6,4736668,10.13,Fintech,4,60,54
VelocityDigital,12,3836296,11.15,Ecommerce,1,-25,13
RadiantTravel,3,2057644,6.66,Manufacturing,3,-76,96
AuroraNet,10,2654539,8.56,Healthcare,3,59,77
SummitGlobal,23,4188640,9.64,Food,1,7,14
FusionZone,7,2909379,14.57,Healthcare,3,-73,7
EverestHub,32,4859872,10.42,Retail,3,-73,93
PulseMedia,12,2539968,19.39,Energy,3,-88,51
VertexZone,18,1496350,13.47,Hospitality,3,77,70
NimbusEnergy,1,1516636,3.69,Energy,5,54,47
NexusLink,27,3633419,6.2,Logistics,1,37,7
EverestCore,2,2081137,14.3,Fintech,5,72,2
OrbitHub,39,2677026,7.6,Tourism,4,79,25
NexusLabs,23,4756427,4.66,Consulting,2,-16,95
VertexEdge,30,3536015,10.37,Food,1,16,69
HorizonLink,21,4981130,9.71,Retail,5,-41,41
PrimeWorks,20,4477716,9.32,Logistics,5,65,70
BeaconTravel,26,878418,10.47,Tourism,5,-51,1
EverestDigital,17,3905888,6.81,Retail,4,34,30
NovaMedia,5,789559,10.64,Telecom,3,-9,78
SummitFoods,12,4287707,5.98,Media,1,-73,21
NexusNet,37,4262228,13.62,Fintech,4,-17,30
ApexTech,10,909573,7.31,Ecommerce,1,-29,46
HorizonWorks,11,1067729,1.14,Hospitality,1,12,35
NovaWorks,29,2234455,9.17,IT,1,44,67
VertexFoods,5,1628406,13.46,Tourism,3,42,20
PrimeHub,26,3924245,6.84,Healthcare,4,38,65
VelocityLabs,25,4771620,0.38,Telecom,4,0,66
RadiantSystems,34,294091,13.29,Logistics,3,-90,31
QuantumTravel,35,25111,14.47,Ecommerce,2,-12,72
NovaTravel,30,4703810,3.97,Telecom,5,-7,65
BeaconGlobal,22,1493875,10.03,Energy,1,-7,7
VelocityLink,6,1839442,8.93,Energy,1,21,47
VelocityDigital,8,2788375,1.1,Telecom,4,80,90
HorizonHub,11,4744376,18.89,IT,4,-14,37
ZenLink,27,4293019,9.47,Tourism,1,76,3
EverestLink,39,3373989,12.27,Retail,2,-61,8
NimbusLabs,1,1143284,14.28,Energy,1,46,90
PulsePoint,7,4402161,5.09,Manufacturing,2,26,37
SummitLogics,14,1587548,14.73,Telecom,1,-100,39
AtlasSystems,10,125560,19.08,Retail,5,17,48
FusionHub,40,1223615,11.2,Telecom,2,-23,0
AuroraDigital,18,219902,9.77,Food,1,40,33
VelocityWorks,4,1023376,1.06,Hospitality,4,97,43
NexusNet,36,2068645,14.01,Hospitality,4,-100,88
RadiantLink,31,2946253,13.19,Manufacturing,2,85,75
FusionLogics,40,1167942,1.05,Telecom,5,24,28
VertexEdge,34,751207,18.28,Healthcare,4,-41,80
VelocityPoint,21,1825439,15.83,Tourism,1,94,49
AtlasTravel,16,2855500,10.34,IT,5,-64,100
PrimeFoods,4,529325,15.95,Energy,3,-15,82
QuantumHub,36,4617598,1.86,Manufacturing,4,-69,47
BeaconZone,7,2022130,4.08,Energy,4,49,46
NexusGlobal,16,2769505,12.1,Fintech,1,58,43
BeaconDigital,11,369823,12.49,Media,2,-88,98
FusionEdge,40,976849,19.13,Logistics,3,2,80
VelocityLink,14,4855358,3.89,IT,5,0,48
VertexSystems,36,1722229,14.03,Healthcare,5,-45,25
FusionLogics,13,3514975,1.3,IT,4,-98,94
AuroraRetail,28,723255,7.99,Energy,3,-47,83
ZenHub,17,3536305,15.81,Telecom,2,16,41
NexusCore,30,4882204,17.43,Healthcare,5,-45,79
VelocityLink,23,1427839,14.76,Media,2,6,98
PrimeMedia,35,1507866,1.96,Ecommerce,5,55,9
VertexMedia,28,4028616,18.83,Ecommerce,2,61,63
PioneerRetail,3,1247565,10.16,Consulting,2,14,33
HorizonSystems,32,1609673,17.62,Ecommerce,3,-88,67
NexusHealth,40,608519,12.46,Energy,1,4,92
ApexGlobal,26,4860021,14.58,Fintech,1,-15,61
HorizonLogics,30,138605,2.48,Food,3,7,71
AuroraRetail,19,4242359,6.77,Logistics,1,2,34
BeaconHealth,35,1787160,17.36,Healthcare,3,-47,5
PioneerLogics,21,279539,7.01,Telecom,1,94,68
NimbusLabs,2,4328329,5.27,Healthcare,1,42,45
FusionTravel,9,3917369,18.38,Fintech,5,57,40
ZenLink,31,3728377,10.59,Telecom,1,45,74
AtlasHub,9,2856465,16.33,Food,4,-48,88
AtlasSystems,29,3819488,5.57,Ecommerce,5,40,20
HorizonEnergy,39,4077699,19.84,Education,4,-64,44
HorizonFoods,15,612007,5.02,Tourism,3,-17,80
NovaSystems,32,2058932,1.1,Energy,1,-91,68
PrimeCore,14,1734884,2.17,Healthcare,4,-3,9
ApexTech,1,3563639,3.2,Retail,4,-75,11
VelocityLink,6,3071896,18.45,Healthcare,2,21,61
AuroraHealth,7,778790,8.19,Education,4,-51,15
NovaLink,31,4531862,17.99,Consulting,1,-63,29
VertexHub,9,4170972,1.48,Food,1,5,66
PulseGlobal,38,3697035,8.82,Media,5,-24,46
VelocityEdge,25,3354072,9.44,Healthcare,3,-61,61
QuantumTravel,28,1347729,7.46,Fintech,5,42,100
HorizonHub,15,3367462,3.9,Media,4,-95,35
NimbusHealth,8,83125,19.75,Energy,4,-71,56
VelocityNet,32,2409239,8.45,Fintech,5,97,38
PulseLabs,37,4911517,7.66,Media,2,22,57
NexusEdge,21,2627774,10.62,Consulting,4,-94,17
AtlasLogics,3,2308473,18.88,Logistics,4,-5,80
PrimeRetail,39,745033,3.48,Healthcare,3,-2,47
NexusEnergy,26,581366,6.6,Manufacturing,2,-29,99
BeaconLabs,38,2929217,16.57,Ecommerce,5,62,37
NimbusNet,34,1490446,0.81,IT,5,-9,86
BeaconTech,11,2270292,2.13,Food,4,75,79
FusionWorks,38,3577904,4.28,Healthcare,4,-67,82
NovaNet,38,4423652,1.26,Manufacturing,2,92,30
FusionTech,5,4638272,6.59,Food,4,8,22
OrbitHealth,8,2980471,3.25,Fintech,1,-55,63
FusionEdge,40,918036,8.01,Hospitality,1,16,65
NexusHealth,14,2904628,2.06,IT,3,88,14
FusionLabs,39,1131593,7.87,Tourism,5,-29,65
BeaconGlobal,15,4046666,14,Retail,2,39,5
ApexFoods,3,3949332,11.46,Retail,4,-98,98
PulseFoods,21,2798560,7.67,Media,2,-7,30
AtlasLabs,9,2573134,1.52,Food,2,-20,89
VertexTravel,3,1849158,1.12,Healthcare,3,-19,3
FusionFoods,15,2088101,3.06,Energy,5,-47,49
PrimeCore,7,4583817,3.66,Energy,1,-90,92
ApexLabs,5,3242488,12.07,Ecommerce,4,-23,49
VertexSystems,8,1794254,0.38,Manufacturing,2,-42,64
QuantumEdge,22,3939778,14.53,Ecommerce,5,-62,30
VertexCore,39,384774,6.1,IT,1,46,97
PulseTravel,6,3444251,6.63,Manufacturing,1,31,47
VertexHealth,14,4538965,7.3,Tourism,5,68,60
HorizonGlobal,26,1101295,2.07,Logistics,4,-33,21
SummitHub,21,733929,11.68,IT,4,54,12
AuroraHealth,29,1074244,1.85,Healthcare,4,-48,65
FusionTech,15,1015543,15.69,Manufacturing,5,-64,80
BeaconHealth,20,3798833,5.74,Manufacturing,3,13,19
RadiantDigital,6,68051,11.02,Hospitality,2,-29,60
RadiantWorks,22,4353789,9.66,Consulting,3,-31,94
NovaZone,39,648947,3.62,Energy,1,-7,2
QuantumZone,16,2929306,8.71,Hospitality,2,84,76
FusionCore,18,3693867,15.95,Consulting,5,-12,55
AuroraWorks,22,3241867,1.12,Telecom,4,81,88
ZenHub,23,1664762,3.98,IT,1,68,68
ApexTravel,9,4182475,7.29,Media,4,43,58
AtlasRetail,15,2206962,8.48,Energy,1,-14,71
HorizonLabs,4,3042782,5.86,IT,3,-33,11
PulseZone,19,3400162,1.22,Food,5,-1,82
ZenHealth,27,652196,15.45,Retail,5,-10,3
BeaconPoint,5,2461070,19.21,Consulting,1,0,96
VelocityMedia,4,3680047,0.39,Tourism,2,-55,72
NimbusEdge,22,2326179,12.54,Ecommerce,2,-75,100
BeaconPoint,22,4244267,17.93,IT,1,23,95
EverestZone,6,4521946,1.01,Food,3,-64,86
VelocityLink,1,4516613,7.81,IT,2,-51,49
HorizonTravel,32,1741373,12.04,Food,3,86,23
BeaconHealth,33,4717978,12.86,Hospitality,1,66,54
EverestEdge,8,2074187,13.43,Ecommerce,1,-40,84
PrimeZone,35,152493,12.86,Healthcare,5,-44,9
HorizonSystems,26,2299468,7.75,Tourism,4,90,100
PioneerTravel,40,1106238,17.81,Tourism,5,26,22
NovaHub,29,822314,12.3,Retail,1,-15,57
PulseEdge,25,3092636,15.09,Ecommerce,1,-73,14
AuroraSystems,3,2098791,6.71,Tourism,3,-98,84
QuantumLogics,21,231854,19.78,Food,4,-84,99
PulseWorks,28,4404975,10.48,Logistics,4,-83,76
PioneerWorks,39,2631669,13.43,IT,4,42,58
VertexDigital,16,4699661,4.1,Hospitality,1,13,87
AuroraDigital,18,3047216,16.19,IT,4,22,94
OrbitRetail,12,3920725,9.61,Media,3,47,30
HorizonEnergy,17,18676,9.22,Ecommerce,4,65,41
QuantumLabs,9,2151575,12.04,Consulting,4,44,43
ZenNet,30,2988953,15.74,Logistics,5,-28,68
AuroraTech,12,3150078,18.25,Education,5,-69,50
BeaconDigital,26,726637,6.13,Hospitality,3,44,56
ZenLabs,19,3697725,12.19,Media,1,-76,10
VertexEdge,2,4106984,16.65,Healthcare,3,-94,96
PulseGlobal,3,990919,15.9,Telecom,1,-24,9
PrimeTravel,23,2778069,19.66,Food,4,73,1
ZenRetail,35,465176,13.46,Food,3,-67,96
QuantumTech,6,2491762,0.3,Healthcare,1,-97,80
AtlasRetail,12,1517195,16.21,Food,3,46,34
VertexMedia,11,4241280,18.4,Ecommerce,5,-47,93
QuantumLink,16,1130671,8.12,Retail,4,98,68
OrbitTravel,3,4837557,15.28,Food,1,44,24
NexusHub,29,1480344,10.54,Telecom,2,-48,48
SummitDigital,30,694079,8.95,Energy,2,-25,0
VertexPoint,17,780290,9.83,Manufacturing,5,-11,36
NovaTech,12,3097009,5.83,Tourism,4,36,8
SummitNet,33,2141091,11.39,IT,5,73,42
NimbusHealth,10,4896999,1.55,Fintech,1,-56,22
ZenHealth,28,3407049,5.89,Healthcare,2,-75,4
NexusRetail,10,274266,5.16,IT,1,-46,51
PulseHealth,36,2278664,2.8,Education,2,43,88
PulseHub,34,4585145,12.05,Fintech,1,-87,12
EverestPoint,27,2596046,14.26,Consulting,5,2,82
OrbitCore,16,866576,17.37,Hospitality,1,1,83
AtlasEnergy,35,3785286,11.87,Media,3,-46,85
FusionMedia,18,3362018,2.64,Healthcare,5,-75,0
HorizonPoint,15,4714905,11.02,Education,5,80,6
ZenEdge,8,485231,19.52,IT,2,72,40
VertexHealth,4,3047624,8.82,Food,4,-40,78
ZenFoods,40,1519388,12.07,Energy,1,-64,23
AtlasSystems,15,2561388,18.38,Manufacturing,1,-78,16
SummitHub,35,3136980,7.4,Media,3,-96,27
SummitZone,14,3320994,12.71,Media,2,1,39
AtlasTech,24,4898183,7.28,Fintech,1,12,14
SummitCore,33,256616,14.15,Energy,5,-61,6
EverestLink,13,435074,15.35,Ecommerce,3,-42,24
VertexMedia,32,2963171,17,Consulting,4,82,33
EverestCore,40,2943752,2.22,Media,5,-41,41
NovaNet,7,3484941,14.4,Healthcare,5,-66,53
EverestLogics,27,289004,14.17,Energy,3,49,20
ApexGlobal,28,4449433,11.57,IT,2,-6,47
ApexZone,19,4317857,18.99,Media,1,24,84
SummitLabs,38,376087,2.11,Retail,5,64,12
PrimeCore,14,3161196,5.03,Hospitality,5,38,21
RadiantHub,4,1592605,3.07,Fintech,5,93,24
BeaconLabs,40,4378463,19.08,Healthcare,5,53,42
EverestLogics,38,120901,11.41,Consulting,4,-45,99
PulsePoint,29,3680493,15.11,Consulting,3,73,32
PrimeZone,7,1860959,3.49,Healthcare,4,19,48
BeaconFoods,1,1754907,18.15,Ecommerce,3,89,4
AuroraTech,8,3426283,17.16,Consulting,3,25,43
VertexFoods,6,4878527,8.09,Ecommerce,5,66,4
QuantumTech,10,566689,17.94,Media,1,57,88
EverestCore,39,2358909,3.86,Energy,4,9,56
AtlasHub,31,737729,3.08,Ecommerce,1,-46,77
BeaconCore,25,1310382,13.15,IT,4,-42,71
PrimeRetail,28,2796151,13.4,Food,4,-49,55
NexusEnergy,36,3593621,3.32,Telecom,4,-88,66
ApexSystems,12,3390102,8.79,Consulting,1,-44,70
ApexDigital,2,2799065,18.95,Food,3,-80,81
FusionMedia,24,271979,6.68,Telecom,1,19,63
EverestSystems,7,3879888,16.9,Fintech,3,-69,42
HorizonRetail,39,572104,9.42,Telecom,2,3,4
NovaDigital,24,2503785,10.37,Energy,4,-47,90
HorizonPoint,5,887638,15.97,Hospitality,3,89,49
PioneerLabs,22,2482178,1.91,Consulting,1,81,6
AtlasEnergy,32,628298,19.03,Fintech,5,24,48
HorizonEnergy,13,4598499,3.76,Tourism,3,-98,40
OrbitMedia,24,220548,15.17,Retail,1,15,71
NimbusLabs,30,2189551,2.12,Consulting,1,75,83
QuantumLogics,14,229045,5.4,Logistics,1,-85,67
VelocityDigital,32,4412787,14.8,IT,2,74,65
OrbitEdge,7,1409058,14.55,Fintech,1,39,82
SummitFoods,17,1626781,0.34,Hospitality,3,62,60
PulseLink,6,4174749,1.16,Telecom,5,-19,43
AuroraCore,4,996802,9.98,Ecommerce,3,-11,28
PulseSystems,14,4068966,18.26,IT,1,8,96
EverestLogics,37,4562072,11.02,IT,5,-81,6
QuantumLogics,18,3952967,11.39,IT,1,-88,82
VertexPoint,11,4751103,8.15,Healthcare,4,66,28
PrimeMedia,6,3160184,2.73,Media,3,-20,73
RadiantWorks,16,3892331,9.75,IT,2,-92,63
FusionTech,40,3099137,3.58,Manufacturing,3,-67,8
RadiantCore,17,2107283,11.35,Education,5,-60,8
VertexFoods,35,929062,15.19,Hospitality,2,47,37
PioneerLogics,36,424118,4.89,Media,5,10,51
PioneerHub,29,4943593,11.4,IT,5,-85,43
VelocityDigital,30,282344,15.78,Tourism,1,56,6
PrimeEdge,17,3294709,10.97,Healthcare,3,67,36
QuantumNet,11,3928458,11.8,IT,2,43,28
AtlasWorks,30,739789,3.22,Media,5,-36,73
BeaconRetail,20,1700883,3.85,Fintech,5,9,15
BeaconEnergy,31,868959,7.55,Retail,2,30,47
NovaTravel,36,408815,14.91,Ecommerce,4,-87,62
FusionPoint,33,2567619,14.03,Tourism,1,3,1
NovaLabs,4,1689901,0.95,Logistics,1,-79,17
QuantumHub,28,1122923,18.81,Telecom,5,-47,36
QuantumEnergy,5,3540026,3.91,Energy,2,-59,4
AuroraNet,22,4974500,6.44,Hospitality,3,86,73
EverestDigital,6,1421941,12.66,IT,5,-6,93
ApexWorks,20,4603985,4.38,Fintech,2,-68,76
PulseWorks,10,3737888,13.09,Education,5,-84,34
VertexLogics,5,3558292,0.17,Consulting,3,77,60
AuroraTech,34,98345,13.28,Media,3,59,18
AuroraEdge,30,100497,16.12,Healthcare,5,-1,2
VelocityNet,32,4731244,4.4,Food,5,89,95
ApexMedia,17,2025964,16.3,Manufacturing,1,-49,43
PulseTravel,15,1669563,3.72,Retail,3,93,72
OrbitGlobal,37,4418707,16.11,Healthcare,3,3,86
OrbitFoods,26,1254710,16.62,Logistics,3,82,16
AtlasGlobal,17,2979898,4.82,Manufacturing,5,-32,41
PioneerSystems,30,558868,0.36,Energy,4,-80,66
VertexLabs,6,3436440,19.85,Tourism,3,-76,23
AtlasTravel,35,1180962,19.04,Media,2,-99,87
HorizonSystems,12,622635,13.53,Retail,3,47,18
VelocityHub,16,3441203,15.13,Hospitality,2,31,19
OrbitMedia,14,4011123,7.54,Fintech,4,98,41
NimbusTravel,40,1575658,7.02,Consulting,2,-78,35
SummitHub,1,3848763,6.65,Retail,1,87,47
PulseSystems,7,4595562,5.73,Energy,4,-47,70
NimbusHub,4,173012,19.27,Energy,5,90,21
BeaconSystems,6,1369027,10.26,Healthcare,3,72,15
RadiantEdge,22,3871987,16.71,Media,5,40,15
FusionTravel,35,1836634,19.5,Education,4,-86,71
FusionLogics,29,3889925,3.85,Logistics,2,-40,52
ZenEdge,13,3524592,13.11,Retail,1,16,43
NimbusZone,7,1159233,18.83,Consulting,1,71,70
AuroraZone,38,595712,13.56,Logistics,2,-46,54
NexusHub,40,2209184,0.33,Energy,1,51,62
OrbitDigital,31,4276121,2.05,Healthcare,3,16,30
NovaTravel,1,2444566,13.02,Logistics,5,97,53
PulseCore,19,281962,3.13,Food,2,-40,50
PrimeHub,20,1200674,0.97,Retail,3,27,26
QuantumEdge,40,4494202,14.93,Media,5,-96,10
ApexHealth,25,4306752,14.74,Media,2,-17,33
ZenLink,7,2571675,5.07,Consulting,4,-45,78
PioneerLogics,39,3713404,12.6,Ecommerce,1,64,34
QuantumHub,21,3520218,9.76,Food,4,-94,43
ApexLogics,7,3147252,11.91,Telecom,5,95,8
ApexEdge,35,2630196,11.62,Logistics,3,12,56
RadiantZone,18,3037015,17.69,Fintech,4,-26,39
ZenDigital,2,111530,19.15,Telecom,5,6,87
PioneerGlobal,13,1216699,2.99,Retail,3,40,30
AuroraLink,30,2078243,10.46,Healthcare,4,-24,6
RadiantZone,6,4214824,5.22,Healthcare,4,6,25
RadiantGlobal,39,3890995,0.66,Retail,4,38,35
VertexPoint,28,2383673,17.36,Manufacturing,3,23,13
ApexWorks,3,2710081,4.67,Education,4,98,42
HorizonTech,15,92518,11.93,Media,1,8,59
OrbitZone,19,3690773,17.01,IT,5,-47,78
AtlasTravel,28,4741220,0.94,Education,5,70,41
ApexSystems,16,3066249,7.47,Retail,4,74,100
VertexRetail,26,2829747,1.35,Healthcare,3,-39,42
NexusFoods,16,4004462,13.18,Tourism,3,74,100
OrbitGlobal,2,2392727,19.5,Manufacturing,2,36,1
PulseSystems,35,1200821,6.08,Telecom,5,-43,63
BeaconEnergy,11,177553,9.71,IT,4,51,76
PioneerPoint,22,1997373,15.31,Healthcare,2,90,43
VertexLabs,18,1406450,7.67,Consulting,4,-22,13
PulseRetail,33,1413486,14.12,Education,4,-73,72
HorizonSystems,27,2834346,3.39,Healthcare,2,43,87
AtlasLabs,39,3753657,8.44,Food,2,-55,17
HorizonLabs,28,787258,6.27,Manufacturing,1,51,70
RadiantHealth,15,3703119,17.54,Food,5,-8,45
HorizonWorks,36,2749149,2.17,Logistics,1,18,54
OrbitTech,19,1174374,11.29,Healthcare,4,11,82
NovaLogics,30,1567904,12.62,Telecom,1,-42,80
QuantumEnergy,36,4783375,13.36,Consulting,5,-38,74
VelocityRetail,16,2349066,15.48,Consulting,2,-82,17
HorizonTech,5,3204757,9.81,Healthcare,3,76,47
NimbusSystems,4,4546692,16.49,Retail,4,21,4
VertexTech,38,3927553,17.61,IT,5,39,13
FusionPoint,12,2208637,3.58,Media,2,-97,2
NimbusEnergy,7,4217825,2.33,Logistics,1,-70,26
SummitLabs,16,2796023,0.49,Media,1,-17,99
OrbitFoods,1,853626,10.59,Telecom,5,93,87
SummitFoods,24,917100,13.83,Logistics,3,-39,10
VelocityRetail,18,4621747,10.92,Fintech,5,-11,31
BeaconHealth,16,1436381,0.47,Ecommerce,4,-13,68
EverestSystems,24,3086751,2.44,Energy,2,-35,47
OrbitWorks,1,881068,16.73,Manufacturing,1,-19,91
EverestMedia,10,2595397,1.71,Manufacturing,1,60,33
VertexDigital,16,4522356,0.15,Retail,2,55,32
PrimeHub,15,1003273,19.46,Fintech,1,94,65
ApexFoods,40,3007999,16.49,IT,2,67,39
NovaLabs,1,2558158,0.49,Food,3,20,40
NovaNet,23,410679,13.25,Telecom,5,-28,56
EverestHub,4,2347129,4.63,Education,2,77,18
OrbitZone,1,4838912,15.64,Media,3,-38,34
SummitDigital,35,1550620,4.36,Media,1,-16,67
FusionEnergy,2,3918734,6.18,Media,2,74,18
NovaHealth,37,211698,5.81,Manufacturing,1,-4,42
PioneerPoint,26,3273745,2.33,Healthcare,1,-15,53
ZenEnergy,31,1918631,8.58,Telecom,5,-12,17
OrbitCore,17,924275,0.13,Energy,4,17,65
EverestCore,13,3221182,6.63,Telecom,5,81,69
EverestEdge,20,130378,9.91,Manufacturing,3,78,0
QuantumHub,14,2633603,8.07,Hospitality,2,35,13
ZenHub,1,2105696,10.09,Retail,1,-90,89
PrimeTech,14,2516341,7.54,Education,5,23,6
EverestLogics,15,2111935,9.6,Energy,5,-24,63
BeaconSystems,23,3295915,16.43,IT,2,-88,70
PulseSystems,39,3689482,10.54,Logistics,1,31,23
HorizonDigital,25,1931747,11.2,Energy,4,10,30
NovaHub,17,2100670,1.95,Hospitality,4,94,10
OrbitGlobal,16,3477294,17.65,Consulting,3,-73,10
RadiantTech,37,1303004,15.63,Fintech,3,41,72
QuantumTech,38,3964664,8.02,Logistics,2,-12,93
AtlasDigital,11,3522504,18.1,Telecom,5,-10,87
AtlasDigital,15,77931,2.42,Retail,1,93,28
NovaWorks,22,1188412,11.47,Manufacturing,5,-27,59
AuroraNet,38,1273160,14.62,Energy,1,-94,19
NexusPoint,34,534028,13.07,Consulting,5,-82,4
NovaTravel,28,3269287,12.74,Healthcare,2,24,68
RadiantGlobal,33,911710,11.58,IT,5,-9,20
FusionCore,21,4472615,9.53,Logistics,2,-95,90
QuantumDigital,37,4029369,3,Media,1,-19,63
ZenLabs,27,906190,0.74,Food,4,-85,90
AuroraCore,6,2807400,10.26,Consulting,2,-15,47
NimbusMedia,33,1948633,10.81,Fintech,1,-59,96
RadiantHub,21,1323202,1.7,Energy,3,-96,75
FusionLogics,27,1678906,3.32,Media,2,-46,47
PrimeDigital,22,3353570,18.84,Retail,5,26,64
OrbitDigital,35,4201214,19.14,Healthcare,3,-72,25
HorizonLogics,38,1284185,13.02,Retail,3,62,54
BeaconEdge,12,2047419,6.53,Media,1,60,50
QuantumNet,8,1568535,7.89,Logistics,1,43,82
VertexNet,13,22214,16.18,Energy,5,-8,100
ZenNet,7,4924038,4.01,Consulting,3,-45,81
NexusLogics,30,3921309,5.28,Energy,2,-13,46
QuantumSystems,1,2362783,13.39,Retail,5,80,3
EverestCore,3,3132886,18.97,Food,4,-38,15
OrbitEnergy,3,4421814,14.41,Media,5,-86,91
EverestLink,27,3318193,1.17,Retail,1,18,17
PrimeNet,26,3143238,7.98,Telecom,4,67,75
VertexWorks,12,2092134,17.05,Fintech,1,34,62
ApexNet,35,1915877,16.54,Food,3,-36,17
VelocityGlobal,9,2681481,15.83,Fintech,1,96,71
ZenNet,6,2717348,3.4,Energy,2,-24,46
OrbitLogics,9,3034126,14.71,Ecommerce,1,76,46
FusionTravel,29,2949512,15.62,IT,4,1,68
VelocityRetail,12,1830323,15.01,Retail,1,-38,44
AtlasEnergy,36,3840484,8.33,Retail,1,-98,33
RadiantHub,1,2061602,10.68,Logistics,1,-59,5
PulseRetail,36,1171064,10.33,Media,4,38,76
NexusCore,28,3796822,4.24,Fintech,5,-51,10
PioneerWorks,18,1045403,12.73,Manufacturing,5,2,56
OrbitMedia,40,203957,2.59,Healthcare,4,-59,9
ZenDigital,16,4769731,9.33,Manufacturing,3,45,20
ZenWorks,23,1627155,7.4,Education,4,-70,54
NexusGlobal,23,4213921,3.31,Food,4,-30,50
QuantumPoint,35,2270645,3.1,Manufacturing,3,-61,26
BeaconWorks,14,156328,10.3,Media,2,-70,67
VertexZone,38,869029,11.04,Fintech,2,-68,21
OrbitLabs,28,4941435,19.26,Ecommerce,5,-12,9
NovaLabs,24,2479887,6.19,Fintech,5,73,43
VelocityEdge,23,100947,11.23,IT,2,69,1
RadiantLink,39,210239,14.51,Logistics,4,27,89
PrimeEdge,19,3673570,1.82,Ecommerce,5,25,59
NexusTravel,20,261834,11.6,Ecommerce,1,86,95
EverestHealth,29,3771133,0.47,Tourism,5,-63,19
NexusDigital,15,2826946,5.47,Telecom,1,-7,30
FusionHealth,30,3465020,16.63,Logistics,1,-12,19
BeaconZone,3,4330657,5.11,Consulting,1,-94,97
VelocityGlobal,1,18325,11.04,Manufacturing,1,-7,12
VertexHub,31,4256066,6.98,Fintech,1,-99,2
PulseEnergy,8,4536274,12.54,Manufacturing,1,-97,29
PioneerRetail,2,4564698,3.76,Media,4,60,46
NovaNet,5,3272969,12.96,Retail,3,-48,87
PioneerHealth,7,2015937,4.7,Telecom,4,60,6
RadiantHealth,15,4056790,14.08,Media,4,-30,15
BeaconLink,25,849414,13.68,Consulting,2,17,13
AtlasLogics,18,4427734,12.47,Ecommerce,5,72,50
QuantumCore,27,2898533,8.63,Food,3,-38,62
BeaconDigital,7,3336090,2.63,Hospitality,5,-14,10
NexusMedia,18,3771677,15.61,Tourism,1,-92,19
PioneerMedia,4,1417407,18.21,Education,2,46,74
AuroraGlobal,37,3642400,13.71,Consulting,5,-37,31
BeaconHealth,36,3358572,7.67,Tourism,3,-90,27
FusionPoint,19,2290065,13.48,Healthcare,1,3,28
OrbitLogics,40,758548,7.72,Education,4,47,95
BeaconLabs,38,3783790,15.46,Hospitality,2,-8,95
AuroraFoods,24,4871674,10.42,Energy,3,-41,90
SummitGlobal,6,420081,15.78,Healthcare,5,-2,94
VelocityMedia,35,214939,4.67,Hospitality,4,-63,9
OrbitRetail,23,1003782,5.74,Tourism,3,66,9
PrimeLink,5,4273549,0.27,Food,4,11,19
FusionSystems,4,3522316,5.99,Ecommerce,3,-78,62
NimbusFoods,7,3472559,1.7,Consulting,2,-33,30
BeaconGlobal,38,61315,2.28,Hospitality,1,38,14
BeaconMedia,13,4726363,14.46,Food,1,35,82
EverestFoods,17,4000964,16.04,Retail,2,-1,76
ApexRetail,37,37018,5.86,Media,2,30,86
VelocityLink,8,3456032,0.31,Manufacturing,2,-91,78
AuroraEnergy,31,2276725,14.95,Ecommerce,4,-100,81
VelocityLabs,22,748849,4.29,Ecommerce,1,-28,5
RadiantLogics,13,1635920,14.05,Retail,4,35,68
PrimeFoods,3,2753283,1.36,Fintech,1,19,47
OrbitTech,25,469515,8,Hospitality,1,-79,77
PioneerHealth,36,1522021,16.12,Healthcare,5,12,91
AtlasFoods,5,4685310,13.51,IT,1,-96,73
PioneerLabs,34,2818456,12.37,Fintech,5,72,68
PulseHub,19,124377,3.35,IT,5,-36,56
PrimeFoods,8,1518524,11.91,Fintech,1,4,40
AuroraTech,24,3379350,2.33,Media,2,-76,38
VertexCore,14,4539009,12.66,Ecommerce,1,-99,26
HorizonGlobal,28,1207956,8.4,Tourism,2,-57,35
PulseLink,3,2011492,18.82,Media,4,-11,34
PulseTravel,6,739145,10.52,Food,4,-42,89
PrimeEnergy,23,1735684,2.49,Retail,3,83,35
OrbitCore,32,3267233,7.25,Logistics,5,-80,4
PrimePoint,37,3328137,12.8,Media,2,29,84
OrbitMedia,33,1137073,0.62,Hospitality,5,-91,67
AtlasHub,26,3266332,17.76,Logistics,4,76,8
HorizonDigital,15,2761405,17.36,Telecom,4,-74,71
NexusEdge,7,208134,5.77,Telecom,3,-86,34
NovaEnergy,7,554863,13.73,Manufacturing,5,9,83
OrbitLogics,4,2485370,13.62,Education,4,21,24
AtlasLabs,38,3833209,9.45,Food,5,-2,98
SummitHub,34,514865,15.15,Tourism,2,-73,26
ZenLogics,22,3381859,17.76,Food,1,-15,3
QuantumNet,20,4938398,8.79,Consulting,4,-85,50
VertexWorks,8,1004753,5.25,Telecom,1,89,29
ApexTech,35,1055462,1.53,Media,3,-80,88
PulseGlobal,8,159350,18.34,Food,2,34,80
VertexLabs,25,2811890,9.96,Food,2,56,96
NimbusZone,3,4047753,16.39,Hospitality,1,-74,47
EverestFoods,7,3552567,7.36,Energy,5,-81,38
VelocityRetail,25,1450813,2.01,Media,3,-24,12
BeaconPoint,4,2517509,2.75,Logistics,2,17,82
VelocityTravel,27,4797755,18.17,Education,3,3,23
OrbitEnergy,40,2667563,19.4,Energy,2,82,57
PulseLink,22,2767885,9.87,Education,2,3,52
ZenTech,25,2327749,16.63,Media,1,21,83
PioneerMedia,12,2047029,9.14,Logistics,5,-83,71
PulseSystems,28,3826733,11.86,Hospitality,5,-89,2
VertexRetail,37,603295,19.16,Consulting,4,-19,52
RadiantDigital,21,68129,1.97,Manufacturing,2,-70,1
RadiantLogics,32,1187277,4.65,Logistics,5,23,41
ZenZone,14,2091333,17.37,IT,2,97,69
QuantumFoods,39,4092244,5.57,Food,1,3,69
QuantumNet,24,324066,11.14,Logistics,4,-3,30
NovaEnergy,7,4683305,5.79,Hospitality,5,58,9
NovaCore,20,4000332,18.94,IT,3,58,13
NovaHealth,40,642008,13,Food,3,57,47
VelocityHub,32,207780,0.9,Tourism,5,-85,97
AtlasHub,24,2516046,16.97,Healthcare,2,-21,74
EverestCore,35,3240311,5.84,Tourism,2,-36,20
NimbusWorks,20,327492,19.17,Fintech,5,-13,34
PrimeLabs,21,3983608,11.95,Energy,5,13,79
BeaconWorks,23,4319588,16.45,Logistics,5,1,32
PrimeCore,23,504331,10.83,Media,4,42,7
FusionCore,6,4243692,8,Consulting,1,75,1
VelocityHub,36,476906,16.78,Retail,1,-41,19
NovaNet,12,3527067,8.37,Hospitality,5,97,70
PrimeFoods,33,2131275,19.27,Food,5,62,33
RadiantGlobal,25,4587596,12.9,Consulting,2,-70,7
PrimeTravel,13,700619,19.25,Healthcare,2,40,14
BeaconLabs,26,966711,3.99,Healthcare,4,34,97
VertexEdge,16,996621,18.81,Media,2,-19,49
QuantumLink,13,1360679,17.97,IT,1,-63,4
BeaconEdge,11,4984086,16.24,Manufacturing,2,-83,28
NexusHub,36,936058,7.54,Ecommerce,1,93,62
HorizonEdge,22,119162,6.96,Energy,3,3,98
VelocityLink,39,3181689,15.84,Healthcare,1,-17,18
NexusHealth,37,2548469,5.56,Tourism,3,92,1
RadiantGlobal,39,1152705,5.74,Retail,2,-32,67
AtlasTech,6,1206738,4.59,Retail,4,-80,21
RadiantSystems,10,556428,7.65,Healthcare,4,79,50
VelocityLink,13,974902,5.69,Energy,3,-62,58
VelocityDigital,29,4744155,12.67,Retail,1,-95,27
SummitSystems,5,3308723,4.53,Telecom,4,96,1
PrimeTravel,30,4206873,7.12,Hospitality,1,30,22
QuantumHub,30,1288772,16.98,Ecommerce,2,23,7
QuantumGlobal,12,580964,6.69,Hospitality,1,-38,37
NimbusLink,27,3017383,10.24,Retail,4,-68,93
AtlasEdge,23,674374,1.57,Food,5,-36,6
NovaCore,35,3059323,19.17,Logistics,1,82,32
NovaFoods,31,1736169,6.76,Food,5,78,28
OrbitEdge,35,4956900,16.2,Healthcare,2,27,14
ApexCore,9,4666890,6.17,Media,1,80,74
AtlasCore,15,1413986,8.95,Logistics,5,92,24
FusionGlobal,14,4189576,12.47,Ecommerce,3,-54,50
ApexTravel,26,3799808,9.25,Education,5,36,50
BeaconTech,39,2961259,12.07,Food,5,80,15
RadiantLink,13,3174927,17.79,Education,1,-55,76
HorizonLink,2,1271450,2.13,Consulting,5,58,43
EverestNet,19,4486513,15.13,IT,3,-16,58
AtlasCore,13,100314,12.8,Tourism,5,-31,44
AuroraZone,24,2243010,2.81,IT,5,5,49
NexusWorks,33,2117149,7.42,Logistics,4,-6,10
PioneerCore,8,4031583,16.56,Education,5,50,23
QuantumDigital,16,4829566,6.94,Telecom,2,68,93
VelocityFoods,9,3101715,6.38,Media,2,64,39
RadiantTravel,4,4791967,11.76,Ecommerce,5,86,42
NovaLogics,4,2305379,5.63,Food,3,57,46
NovaMedia,9,3261936,17.29,Energy,4,-94,27
NimbusSystems,39,3792610,19.92,Education,3,-74,9
NimbusDigital,26,1157061,14.1,Manufacturing,3,17,40
FusionDigital,21,1820909,6.17,Hospitality,4,-88,9
ApexFoods,5,3378702,1.21,Retail,4,-84,16
BeaconZone,26,1299945,9.15,Logistics,3,-76,8
FusionZone,20,3112067,19.95,Hospitality,5,-82,47
NovaLogics,32,2707382,17.71,Retail,1,33,73
ZenCore,19,424779,13.84,Tourism,3,86,91
VertexSystems,33,507254,16.77,IT,2,78,57
PulseLink,9,1475021,9.43,Education,3,51,4
NimbusHub,28,3473384,2.27,Energy,2,-12,11
PioneerGlobal,24,3635309,12.29,Tourism,2,-70,60
EverestCore,30,4750753,17.63,Food,3,38,73
PrimeHub,7,1251606,17.83,Food,3,19,43
QuantumDigital,13,2801240,19.13,Consulting,3,73,65
RadiantLogics,34,2564237,18.36,Fintech,5,27,64
NovaDigital,34,587062,11.72,Ecommerce,3,66,87
PulseNet,14,2284094,9.14,Tourism,5,-32,61
VelocityLogics,37,182264,11.46,Telecom,4,-8,34
AtlasCore,6,1629731,1.73,Energy,1,-62,71
ApexGlobal,17,4702973,18.04,Healthcare,4,-18,75
NexusEdge,16,4018717,13.06,Tourism,2,-1,10
PulseSystems,12,4449641,10.86,Ecommerce,4,-33,41
HorizonRetail,18,4141175,12.21,Telecom,2,11,77
NexusLogics,5,1694328,7.43,Ecommerce,4,-95,5
FusionLogics,1,3231075,3.18,Food,3,16,0
HorizonLabs,6,2436539,11.78,Food,3,-98,62
NimbusLogics,7,2379827,0.33,Tourism,1,-5,99
FusionCore,6,1967095,8.81,Manufacturing,1,-48,9
AuroraHealth,30,1401021,18.5,Food,1,-10,63
FusionZone,27,3380922,1.75,Logistics,5,38,92
RadiantZone,2,3774036,8.41,Tourism,5,-94,96
FusionFoods,13,3853089,16.07,Telecom,5,4,9
ApexLogics,28,1175985,9.27,Retail,1,-24,70
RadiantRetail,39,4136830,4.97,Ecommerce,3,74,40
VertexLink,21,404172,1.88,Food,4,49,55
ApexCore,6,2481048,7.15,Tourism,5,0,20
QuantumHub,33,3762383,2.81,Education,5,-28,78
OrbitEdge,36,3053109,10.14,Consulting,3,-18,28
BeaconHealth,17,1514398,0.18,Fintech,1,43,71
QuantumDigital,14,4667988,18.19,Food,3,-63,30
PrimeTech,23,4458569,12.72,Media,5,40,33
HorizonZone,31,3193411,13.1,Telecom,5,65,13
AtlasEdge,17,3152445,11.22,Fintech,3,-12,93
ZenFoods,26,4649852,10.67,IT,1,9,94
NovaLink,22,2651510,3.16,Logistics,1,46,7
PrimeZone,26,574318,13.57,Manufacturing,3,-35,31
PulseGlobal,8,2970418,5.1,Manufacturing,4,-66,5
VertexCore,29,1122016,12.79,Tourism,1,54,18
FusionPoint,7,1035519,7.87,Fintech,2,-93,71
NexusFoods,8,4131303,14.02,Education,2,-49,7
NovaWorks,38,1565956,14.34,Retail,1,-36,36
ZenGlobal,12,1640993,13.32,Manufacturing,4,-97,96
VertexEnergy,29,3069607,9.52,Retail,4,23,73
HorizonTech,12,1193108,3.4,Logistics,5,22,52
ApexLink,30,3628553,5.81,Logistics,2,-5,88
PulseLabs,18,89385,11.46,IT,2,-28,69
VelocityZone,21,3319222,14.15,Education,3,-95,62
NovaDigital,17,4951373,14.01,Logistics,2,-13,83
FusionCore,24,2979525,2.43,Education,1,-32,84
FusionSystems,23,3277678,8.25,Ecommerce,3,95,11
AtlasWorks,19,2356873,11.96,Manufacturing,3,-88,31
AuroraDigital,3,2257502,2.65,Logistics,1,20,84
OrbitFoods,12,3851855,5.35,Food,4,-81,16
PulseHub,38,2290970,14.89,Fintech,4,-70,61
ApexEnergy,29,3996835,14.49,Media,3,7,32
PrimeFoods,34,791205,12.42,Telecom,5,89,51
NexusHub,37,1076129,5.28,Food,1,-5,56
AtlasWorks,3,3746603,18.78,Education,1,-76,1
ZenTech,34,1577724,17.42,Consulting,5,-19,32
AtlasCore,4,3499947,3.84,Telecom,1,0,20
PulseFoods,11,2272115,1.18,Tourism,4,-77,11
NimbusLabs,15,1258338,8.8,Logistics,3,78,100
VelocityWorks,8,4917991,12.02,Hospitality,2,67,82
ApexPoint,40,4439539,18.35,Food,2,82,22
AtlasCore,1,1416852,0.7,Energy,2,-91,72
QuantumEnergy,6,872185,8.81,Ecommerce,1,-58,54
VertexTravel,37,4528708,11.84,Tourism,2,-42,40
PioneerWorks,34,1443199,15.3,Ecommerce,1,-53,75
EverestLabs,5,489287,12.07,IT,2,-64,75
OrbitHub,30,2654662,8.29,Tourism,3,-85,16
PulseTravel,25,1968018,10.91,Telecom,1,56,72
PulseEnergy,33,3513137,0.85,Energy,1,-16,36
NexusSystems,8,2957507,11.58,Education,1,-29,28
HorizonWorks,10,3770781,6.47,Consulting,3,-73,60
SummitWorks,32,3697117,18.81,Education,2,-98,100
AuroraSystems,27,144072,13.76,Energy,2,-76,97
VertexEdge,21,2675192,13.31,Telecom,1,37,26
AuroraEnergy,33,4705093,15.74,Retail,3,-7,55
NovaZone,5,3757215,5.16,Food,2,-83,87
NimbusLabs,27,2984759,6.79,Logistics,5,-61,23
SummitSystems,29,3652127,1.57,Hospitality,5,21,50
AtlasNet,33,4384860,12.59,Hospitality,3,-90,72
RadiantLogics,29,1323334,5.92,Hospitality,2,65,34
NimbusTech,30,1695938,10.95,Consulting,2,91,74
BeaconMedia,27,268093,8.59,Tourism,5,-38,6
AuroraLogics,15,4660155,2.66,Healthcare,5,-81,33
RadiantWorks,32,3677360,0.18,IT,3,96,19
ApexGlobal,30,4920313,18.31,Telecom,3,-12,28
PulseFoods,40,4568394,15.91,Energy,4,66,93
OrbitFoods,18,4176749,12.35,Telecom,3,50,79
PrimeZone,37,2066403,1.36,Manufacturing,2,-83,18
AtlasFoods,38,2871130,2.98,Energy,2,71,28
FusionLabs,12,4020819,8.12,Education,5,36,26
PulseTravel,9,578742,1.28,Healthcare,2,45,54
NimbusTravel,32,3293641,13.46,Energy,5,75,12
NovaLogics,24,2069977,11.59,Manufacturing,5,-97,87
FusionCore,39,2536959,19.8,Healthcare,4,87,40
SummitTech,24,2642320,15.75,Logistics,3,74,49
PioneerHub,15,1742247,15.18,IT,5,75,74
PulseHub,37,534712,8.26,Healthcare,5,-31,45
NovaGlobal,12,2072597,4.82,Consulting,2,85,47
HorizonEnergy,4,4438296,14.35,Food,1,80,82
QuantumZone,39,46180,14.55,Retail,2,59,85
AuroraLink,4,1458410,9.15,Education,1,67,21
ApexDigital,36,1602363,7.5,Education,4,43,14
AuroraDigital,34,2245058,1.87,Energy,1,23,54
RadiantLink,15,2759104,0.3,Manufacturing,2,-80,67
OrbitSystems,5,2624306,4.08,Tourism,3,62,57
OrbitNet,16,2313361,8.53,Retail,4,-98,71
PrimeRetail,18,1968647,2.74,Food,3,69,30
HorizonGlobal,29,2646025,6.68,Manufacturing,3,-39,27
BeaconPoint,9,4769930,10.02,Retail,1,-97,13
VelocityEdge,9,3535201,0.31,Education,5,88,84
PrimeEnergy,15,3436435,9.71,Logistics,1,-4,45
RadiantEnergy,35,1468845,3.51,Energy,4,-89,30
AuroraZone,18,2408702,18.49,Manufacturing,3,-1,68
VertexSystems,40,738812,3.74,Tourism,2,4,94
SummitNet,29,1077554,18.67,Consulting,5,40,48
HorizonWorks,2,3306301,10.82,Media,5,38,10
BeaconNet,2,2230059,5.65,IT,4,81,4
AuroraWorks,22,2305187,18.11,Consulting,5,77,51
VertexDigital,32,3107422,7.14,Ecommerce,3,-11,35
VelocityLabs,29,4791117,5.6,IT,2,-54,11
VelocityTravel,31,787151,10.78,Media,2,-65,48
NexusFoods,9,3291435,8.41,Media,1,-54,82
HorizonRetail,9,1071997,3.49,Manufacturing,4,-4,3
EverestPoint,26,67697,13.43,Fintech,2,-23,13
BeaconWorks,9,4144123,15.52,Logistics,4,-91,41
SummitHealth,7,1619225,0.46,Tourism,5,-69,63
AtlasLogics,11,3422328,10.63,Education,3,-70,73
PulseGlobal,24,449858,5.04,Fintech,4,20,43
VertexFoods,12,2372348,5.39,IT,2,-26,86
EverestPoint,17,2534835,12.56,Energy,4,83,89
RadiantMedia,3,1386856,15.95,Telecom,4,-85,24
PrimeMedia,25,870815,18.17,Hospitality,1,91,90
PrimeDigital,24,4264861,0.89,Ecommerce,5,-28,75
BeaconPoint,22,3837158,16.88,Logistics,1,65,25
OrbitCore,20,528964,2.01,Healthcare,5,87,31
QuantumSystems,25,3801263,5.81,Manufacturing,5,-20,28
PulseNet,12,1993253,4.61,Telecom,2,90,76
AuroraNet,8,34708,4.89,Healthcare,4,-90,33
ApexPoint,15,2206855,3.25,Healthcare,3,65,29
QuantumDigital,24,4958123,0.28,Energy,3,10,47
ZenMedia,30,2342823,15.94,Media,1,84,56
PulseNet,8,4862747,3.94,Food,3,11,66
VelocityTech,27,1906959,18.46,Food,1,17,69
ApexTravel,18,2522274,7.41,Hospitality,4,15,55
PioneerTravel,18,788315,7.57,Logistics,3,-71,21
EverestNet,12,4165005,13.51,Hospitality,3,37,66
ZenWorks,9,4023558,4.55,Logistics,2,79,50
BeaconHealth,27,1259946,9.45,Energy,5,-52,50
PrimeNet,5,2109103,11.62,Consulting,4,56,60
HorizonMedia,31,3035238,9.06,Consulting,5,-92,66
AtlasEdge,11,4039157,19.96,IT,4,-35,100
AuroraFoods,19,972671,17.8,Ecommerce,5,43,55
NimbusTravel,34,3266736,6.12,IT,5,25,23
PioneerTech,24,3209989,3.16,Hospitality,1,13,13
PioneerCore,2,897298,11.38,Retail,2,78,7
VelocityEdge,7,3554658,8.62,Hospitality,4,43,35
OrbitZone,15,2631880,6.22,Healthcare,3,-8,100
PrimeFoods,36,2811993,8.79,Consulting,5,-94,69
NexusWorks,24,3724229,2.13,Food,2,-85,15
SummitTravel,5,799581,9.14,Food,5,86,51
SummitMedia,14,1847303,17.92,IT,2,25,30
NimbusMedia,2,3856122,6.32,Media,2,-34,39
QuantumTravel,38,4129386,6.75,Manufacturing,5,-97,69
HorizonLabs,18,1556709,5.24,Healthcare,3,-66,4
OrbitSystems,16,864824,0.79,Fintech,3,-37,18
HorizonCore,12,3937168,2.35,Telecom,3,99,63
PrimeFoods,27,2922661,18.27,Retail,3,20,41
EverestLogics,23,4239393,5.17,Energy,4,-28,55
HorizonEnergy,25,3087535,0.73,Media,4,40,11
NimbusRetail,39,3714351,8.27,Manufacturing,3,-67,60
RadiantHub,19,2968588,7.34,Ecommerce,3,-65,11
ApexCore,4,1453548,19.72,Consulting,1,-95,54
HorizonCore,31,3643539,3.17,Logistics,1,31,81
AtlasLabs,38,28391,9.52,Telecom,3,99,33
OrbitFoods,19,4061776,14.84,Media,3,-43,49
PulseWorks,38,3183194,6.73,Fintech,1,92,27
NexusLink,27,4528008,6.67,Retail,3,-53,92
ZenEnergy,28,1304376,9.6,Tourism,1,71,81
VertexWorks,20,4574775,18.4,Hospitality,3,93,46
FusionLabs,16,216161,19.92,Food,5,-9,79
NexusWorks,37,2006800,2.19,Consulting,2,-54,14
FusionDigital,6,3216739,17.6,Healthcare,5,-20,16
OrbitNet,27,1402832,7.3,Logistics,3,-74,53
QuantumNet,9,4557778,17.16,Telecom,4,44,26
ApexEnergy,25,1823740,14.28,Retail,1,-48,18
VertexCore,25,3330534,3.07,Retail,4,-58,79
AtlasEdge,5,1490653,14.7,Retail,2,72,77
ZenNet,32,3142195,14.04,IT,4,-29,41
NexusLink,9,3068381,16.06,Manufacturing,5,97,62
NovaTravel,24,4600235,16.11,IT,4,-6,1
NexusLabs,27,2218668,7.85,Manufacturing,3,-30,63
PioneerZone,15,580981,17.9,Energy,3,35,87
ApexNet,3,4684246,12.61,Food,1,74,7
PioneerGlobal,24,552561,18.37,Healthcare,5,-33,48
ApexPoint,17,1135046,9.78,Tourism,5,-66,31
PioneerHealth,34,4867457,16.32,Ecommerce,3,-57,70
FusionLogics,19,1955445,17.62,Manufacturing,4,75,52
ZenNet,27,2458501,4.22,Telecom,5,76,8
HorizonLink,5,4704093,4.66,Fintech,3,14,20
OrbitTravel,2,2660972,2.17,Logistics,4,-92,71
EverestEdge,17,1026109,7.09,Education,1,-35,82
PulseHub,40,693776,6.33,Healthcare,4,30,23
SummitNet,2,682331,12.86,Hospitality,1,-44,44
SummitDigital,34,2339227,14.24,Healthcare,1,94,5
HorizonSystems,19,4602183,10.5,Consulting,3,-16,16
PioneerGlobal,34,692508,16.71,Telecom,2,-57,35
NimbusLabs,19,526263,1,IT,4,-87,48
ApexHub,11,1476701,5.25,IT,1,16,54
AuroraHealth,10,968265,6.85,Telecom,2,0,70
NexusSystems,17,3153459,10.35,IT,1,-15,36
NexusSystems,14,4159575,5.27,Healthcare,3,-71,40
QuantumEdge,38,2446195,11.33,Retail,1,-45,61
AtlasLogics,18,3871772,14.06,Manufacturing,3,12,24
OrbitZone,1,1540835,14.7,Logistics,3,-88,29
ZenZone,8,1748646,15.73,Retail,5,-81,59
BeaconFoods,35,815976,2.29,Telecom,2,-54,20
NimbusPoint,4,3330402,16.02,Tourism,1,82,1
NimbusSystems,18,2465802,3.69,Energy,2,13,46
OrbitTravel,18,1603247,16.73,Hospitality,2,51,26
PioneerEdge,36,3444636,13.22,Retail,3,6,19
VelocityEnergy,8,4570308,17.78,Logistics,4,-7,19
EverestEnergy,26,1349630,1.72,Food,4,-91,60
QuantumHealth,15,4763693,10.81,Energy,3,4,73
ZenLink,2,1705834,14.73,Manufacturing,5,-78,9
BeaconFoods,2,4059812,4.72,Healthcare,1,-63,58
FusionHealth,28,1225289,17.58,Hospitality,2,-41,64
PioneerLabs,8,3771939,1.42,Retail,3,-25,37
RadiantLabs,24,3597883,18.28,Energy,3,-19,20
OrbitZone,34,421088,12.46,Tourism,3,-95,50
FusionLabs,18,4583538,6.87,IT,2,-65,79
QuantumLink,21,1751966,8.15,IT,5,-75,40
NexusEdge,38,2620608,5.3,Media,5,43,27
PioneerRetail,33,2034091,6.24,Ecommerce,2,39,64
PrimeLogics,30,3733832,4.08,Food,2,75,57
FusionLabs,30,1715773,7.09,Logistics,1,12,89
SummitLabs,23,3694542,9,Fintech,1,52,47
OrbitHealth,27,4185506,13.2,Ecommerce,1,22,9
VelocityLabs,36,3868328,2.15,Fintech,1,-10,44
BeaconDigital,19,1080501,15.97,Hospitality,1,-66,55
AtlasSystems,2,3402265,17.12,Fintech,4,-65,98
PioneerSystems,13,3750042,13.68,IT,4,-93,42
NovaPoint,14,4126749,7.36,Hospitality,5,-6,13
ApexFoods,38,33639,1.36,Fintech,5,-73,63
VertexPoint,9,4289000,4.82,Hospitality,5,-64,16
ZenLogics,38,995249,3.6,Fintech,5,-17,46
HorizonGlobal,8,4132512,1.22,Consulting,5,-20,34
VertexNet,19,3930109,12.82,Fintech,1,-9,33
PioneerMedia,5,4022662,19.29,Healthcare,2,79,59
FusionFoods,24,2081291,6.12,Consulting,2,-77,6
OrbitDigital,24,37650,0.77,Logistics,2,42,79
OrbitRetail,10,2092792,19.67,IT,3,50,33
RadiantLink,3,3758413,17.59,Energy,2,-28,29
EverestTravel,31,3286137,2.88,Fintech,4,-44,8
SummitEdge,31,927491,19.39,Fintech,1,-1,66
OrbitHealth,32,4662787,4.77,Food,3,62,11
RadiantWorks,2,1038933,3.89,Healthcare,4,-2,34
HorizonHealth,40,3901142,16.71,Hospitality,5,-93,30
NimbusRetail,16,44868,15.79,Energy,5,-91,48
HorizonLabs,4,4856118,4.84,Fintech,2,-7,69
RadiantTech,27,4072102,10.34,Media,3,97,79
PulseNet,16,4873165,19.25,Tourism,2,-98,48
EverestHub,3,3453750,18.66,Logistics,5,-71,60
QuantumLink,34,347767,13.89,Ecommerce,1,-38,19
VertexDigital,13,436674,14.87,Tourism,2,-8,66
OrbitNet,13,4352346,3.45,Healthcare,1,-52,31
FusionEnergy,1,1571558,5.44,Healthcare,2,-56,12
AuroraDigital,27,1628106,10.14,Telecom,5,-27,2
OrbitLogics,37,2584088,19.83,IT,3,49,54
PioneerHealth,21,4997504,4.66,Tourism,3,-74,70
BeaconLabs,14,1049422,2.17,Media,2,-9,1
NovaGlobal,5,4403892,4.17,Logistics,1,-34,6
NovaLogics,7,958614,1.65,Food,5,76,93
OrbitPoint,31,2160406,5,Logistics,3,62,31
FusionHub,37,2506337,0.36,Tourism,3,28,60
NimbusRetail,32,504091,11.25,Logistics,2,-26,49
QuantumMedia,36,2253027,18.65,Education,5,92,52
NovaTravel,29,2047729,11.48,Logistics,4,69,79
VelocityDigital,1,187563,19.21,IT,2,-8,27
NovaTravel,40,1918531,7.96,Tourism,1,-63,54
ApexPoint,11,2581329,5.02,Tourism,5,61,76
FusionCore,36,4952014,5.87,Media,2,-58,32
SummitDigital,35,2550774,1.69,Telecom,2,45,33
VertexNet,10,3079032,15.8,Ecommerce,3,-85,15
BeaconHealth,32,2287680,15.18,Energy,4,45,80
PulseFoods,30,1473867,14.09,Hospitality,5,-2,8
NexusWorks,15,3952595,0.63,Manufacturing,5,53,87
NexusSystems,11,1578784,3.72,Food,1,5,47
RadiantLink,38,2274019,10.17,Consulting,3,-42,41
PulseMedia,5,4560778,18.82,Education,4,52,12
ZenTravel,20,4473944,14.9,Hospitality,3,1,75
RadiantCore,5,4994117,10.81,Food,2,-98,72
AtlasHub,14,78552,9.04,Education,2,5,70
SummitLabs,24,400329,10.68,Healthcare,5,59,15
AuroraDigital,35,2226085,9.25,Healthcare,2,79,69
ApexWorks,17,4951482,6.77,Healthcare,1,53,0
PulsePoint,1,3356385,7.65,Healthcare,4,-47,11
ApexEnergy,34,3815713,9.84,Ecommerce,3,-5,11
VelocityGlobal,10,2723772,2.36,Fintech,2,-98,48
FusionZone,1,2574368,0.47,Logistics,1,-86,12
PrimeHealth,9,770274,7.28,Telecom,4,-20,88
VertexPoint,3,3327383,3.77,Telecom,3,-26,64
NexusHealth,8,4077447,0.35,Consulting,5,-92,24
AuroraTravel,17,597136,15.14,Fintech,2,-51,43
NovaNet,16,2451108,8.86,Education,5,95,91
NovaLink,39,4440709,4.07,Consulting,5,-15,40
ZenCore,35,4574195,7.28,Media,1,45,44
ApexZone,8,2083343,11.29,IT,2,48,76
HorizonMedia,17,3887779,0.98,IT,5,78,91
NexusTech,30,292689,14.43,Media,1,80,30
OrbitWorks,33,1986342,17.5,Telecom,5,78,65
EverestEnergy,35,558341,15.47,Fintech,1,-18,52
PrimeLabs,39,2199446,2.57,Energy,4,18,6
AtlasGlobal,16,1536300,6.6,Telecom,2,-35,31
NovaHub,18,4401944,10.44,Energy,1,-80,16
VertexMedia,31,2441338,9.07,Healthcare,5,-36,2
NimbusHub,32,2899450,2.29,Fintech,3,72,43
PulseLogics,37,2543703,11.72,Logistics,2,-16,76
VelocitySystems,8,809967,16.01,Logistics,3,11,82
ApexDigital,21,4078887,6.38,Fintech,3,-48,34
NimbusEnergy,18,1578780,16.99,Logistics,4,-59,56
PulseLogics,38,3806429,6.33,Hospitality,4,67,39
BeaconCore,10,612420,18.3,Energy,1,-70,66
ApexDigital,2,1184485,19.23,Telecom,3,62,91
ApexEnergy,16,2916334,7.73,Telecom,1,39,7
QuantumGlobal,5,1467704,16.62,Retail,5,-62,97
SummitPoint,26,3989259,11.97,Media,1,-95,28
NexusLink,15,4062738,4.75,Tourism,5,29,97
ZenRetail,28,1634170,8.64,Consulting,2,77,64
PioneerFoods,17,642708,10.36,Retail,2,31,66
AuroraWorks,21,2928452,8.92,Manufacturing,5,38,6
AtlasMedia,19,4209555,4,Tourism,2,1,19
VertexLogics,14,3982707,13.33,Hospitality,2,46,84
ApexLabs,27,4700130,19.35,Consulting,5,65,14
PioneerTech,40,26757,13.5,Food,2,57,25
NexusLabs,15,3560656,3.19,IT,4,58,73
HorizonWorks,9,306896,1.3,Healthcare,5,-22,61
FusionHub,4,1069540,16.64,Media,5,-3,54
HorizonFoods,38,3156067,11.87,Education,2,-71,69
VertexLogics,33,4784141,8.96,Retail,2,29,12
RadiantSystems,16,4998292,13.68,Tourism,4,47,100
NexusTravel,32,683883,16.87,Food,2,12,5
PioneerZone,13,1801934,0.37,Fintech,2,83,82
NimbusZone,25,1473131,14.97,Ecommerce,2,-72,9
AuroraEdge,33,2623010,2.47,Energy,3,-34,70
VelocityEdge,35,77922,6.75,IT,5,23,94
SummitLink,2,4870391,16.88,Retail,4,64,81
PulseDigital,31,383667,19.76,Telecom,3,-46,44
VelocityLink,14,3588741,8.27,Hospitality,2,23,62
VertexRetail,38,2568521,1.97,Telecom,5,-6,79
ApexNet,11,2618117,12.92,Energy,2,-97,91
QuantumEnergy,19,2596299,6.36,IT,5,-37,62
FusionLabs,36,1543058,5.15,Healthcare,3,19,75
PulseWorks,18,3116435,4.54,Food,2,-25,69
NexusMedia,32,2766516,3.84,Fintech,4,75,99
PulseLabs,14,3210989,7.26,Media,4,-43,76
NovaSystems,9,2388951,8.55,Energy,4,-70,38
ZenZone,11,1737973,1.08,Healthcare,1,-89,0
VertexCore,1,1933840,4.17,IT,1,-3,58
BeaconFoods,20,1175564,19.1,Tourism,5,7,46
AuroraHealth,3,995171,2.38,Consulting,3,-37,54
QuantumLabs,13,3138314,17.24,Food,2,-36,50
NovaGlobal,4,1041831,7.31,Healthcare,3,-34,39
FusionEnergy,33,304953,10.04,Telecom,4,59,4
NovaEdge,22,2182892,17.72,Food,4,-79,10
PrimeCore,17,4195623,15.75,Logistics,2,27,76
NexusDigital,25,1312891,19.06,Hospitality,5,-35,46
PulsePoint,39,343123,0.55,Media,3,-20,72
ApexCore,39,750504,17.99,Energy,2,0,82
PulseTech,36,4940783,17.89,Retail,5,12,40
NexusGlobal,22,4615203,2.6,Telecom,2,2,50
ZenDigital,6,4544276,0.34,Retail,1,-77,30
PioneerHealth,34,2463255,9.49,IT,4,73,26
PulseTech,31,1334801,6.86,Telecom,2,63,4
FusionTech,29,483253,6.44,Consulting,4,13,94
HorizonEdge,38,78555,6.11,Energy,1,50,70
VertexHealth,24,2837924,19.13,Energy,1,-30,7
NimbusWorks,16,3200567,15,Energy,1,99,46
VertexPoint,40,2132632,16.74,Manufacturing,4,77,82
QuantumHub,19,1347436,18.26,Education,3,-80,2
OrbitLabs,5,3082671,5.15,Hospitality,1,-52,77
PrimeLabs,19,2969252,0.41,Telecom,3,8,10
BeaconDigital,5,2803179,16.16,Consulting,5,-33,15
VertexFoods,2,610529,10.81,Manufacturing,5,32,48
ZenLabs,12,3260054,19.58,Logistics,2,-7,92
HorizonWorks,15,4241629,7.47,Fintech,2,49,11
VertexGlobal,17,3115457,19.49,IT,3,22,43
OrbitRetail,27,758781,2.39,IT,3,-1,43
NovaFoods,13,1275562,17.44,Manufacturing,5,-83,90
VelocityLink,33,4159252,2.1,Tourism,3,-82,14
NovaTravel,31,682485,7.53,Telecom,3,-31,56
AuroraMedia,3,544307,12.72,IT,1,-99,38
PioneerLink,9,4414084,16.07,Fintech,1,-13,28
HorizonLink,10,3263552,6.5,Telecom,1,-73,93
PrimeFoods,34,2390560,19.42,Ecommerce,2,18,84
PioneerTravel,31,319426,11.95,IT,1,28,15
AtlasFoods,30,1761425,5.92,Consulting,4,53,65
BeaconNet,9,1367531,4.08,Education,2,-34,6
VelocityLogics,33,1488277,8.94,Hospitality,2,-26,86
ZenRetail,37,4925483,16.04,Healthcare,1,-59,24
NexusLogics,6,4078809,15.35,Telecom,2,-95,79
QuantumTravel,40,2345030,14,Food,4,47,87
QuantumRetail,33,1352187,15.02,Food,3,59,22
NimbusMedia,17,3344633,9.68,Food,5,-33,94
NovaHub,19,4080229,6.84,Tourism,5,-11,59
ZenNet,32,605090,17.83,Fintech,4,-83,39
PulseHealth,24,2525917,6.19,Retail,2,36,22
ApexMedia,17,461946,0.95,Manufacturing,2,-96,83
RadiantEdge,27,1171825,16.91,Education,1,-45,12
RadiantFoods,9,4011677,4.72,Healthcare,2,-37,41
VelocityPoint,17,2837742,3.71,Media,1,27,73
HorizonHealth,25,1356173,14.48,Food,5,56,59
ZenWorks,40,1177426,16.34,Tourism,5,-6,58
BeaconFoods,20,3981553,13.94,Healthcare,2,-86,97
VertexPoint,24,699091,19.72,Manufacturing,2,-98,74
BeaconEdge,36,4654058,18.58,Healthcare,4,-41,35
NimbusLogics,32,2296515,7.64,Media,2,68,56
SummitNet,5,162179,6.51,Hospitality,2,-79,65
PrimeTech,30,1703512,4.87,Tourism,1,-56,72
QuantumFoods,8,550325,17.51,Fintech,2,57,69
PulseHub,39,111762,4.3,Energy,5,45,3
AuroraWorks,1,807607,13.83,Tourism,2,-50,69
PioneerRetail,36,75342,12.59,Media,3,32,90
QuantumHealth,25,1588807,14.99,Consulting,3,97,53
RadiantLabs,27,259160,18.8,Hospitality,5,-17,16
PrimeZone,9,379842,14.34,Fintech,1,-5,45
NovaEnergy,28,3022436,3.58,Energy,2,40,76
SummitLogics,12,1370581,18.5,Retail,2,67,32
NovaEnergy,34,1425702,12.9,Tourism,3,87,43
ApexEdge,21,4095010,0.25,Hospitality,4,-36,72
SummitLogics,37,4847032,10.08,Telecom,4,-68,52
ApexWorks,27,512123,7.18,Ecommerce,5,81,3
AuroraSystems,6,2742690,4.6,Retail,4,-3,28
OrbitLink,17,2690755,11.35,Retail,5,-55,29
BeaconSystems,15,711572,1.81,Healthcare,3,98,79
QuantumSystems,35,4348578,2.84,Food,3,-2,1
HorizonLink,27,418017,13.71,Hospitality,3,0,11
VertexZone,33,3762385,14.34,Education,1,100,11
PulseRetail,28,3700924,16.94,Ecommerce,2,-92,61
HorizonNet,28,2643546,5.42,Telecom,3,55,93
PioneerCore,6,831073,9.06,Ecommerce,5,-97,27
PulseSystems,39,313732,17.88,Healthcare,4,-72,28
BeaconTravel,12,1927880,8.02,Consulting,4,-12,93
OrbitEdge,33,808021,6.56,Retail,4,2,29
QuantumWorks,10,4481790,15.22,IT,4,-63,58
EverestRetail,1,2699208,17.87,Education,4,-57,42
RadiantWorks,12,3947141,6.71,Food,1,65,10
EverestNet,29,4207480,16.43,Ecommerce,4,-7,92
PulseNet,35,4231133,19.99,Healthcare,1,-52,84
PulseNet,17,3590627,16.91,IT,4,17,81
BeaconFoods,15,747497,19.27,Telecom,3,96,53
NexusEdge,36,2261235,11.35,Food,2,-45,33
BeaconFoods,24,3196428,13.15,Healthcare,4,-95,26
SummitRetail,8,4813808,13.5,Tourism,3,-88,42
NovaCore,24,747244,1.33,Retail,5,-85,66
NovaDigital,27,4523882,15.4,Retail,4,-42,23
RadiantLabs,17,4191804,10.5,Education,5,-52,42
RadiantSystems,12,4202903,9.17,Energy,4,-69,58
VelocityCore,20,2530255,2.51,Ecommerce,1,46,84
SummitEnergy,13,3908152,6.51,Energy,4,50,99
PulseGlobal,19,1076707,11.05,IT,3,-58,50
PioneerHealth,2,1483912,16.09,Manufacturing,5,92,23
BeaconZone,34,4684636,2.95,Tourism,1,24,21
AuroraCore,1,2465306,18.26,Tourism,2,75,51
VelocityHub,37,838727,18.34,Healthcare,5,19,37
NimbusLink,32,4688490,18.19,Logistics,3,-59,17
BeaconHealth,36,1675235,9.83,Healthcare,1,40,80
FusionTech,28,3297662,10.4,Retail,3,51,83
VelocityGlobal,17,2760354,12.85,Media,2,83,95
EverestSystems,33,3224683,13.23,Media,5,77,12
RadiantTech,4,331084,11.56,Media,3,57,27
ApexSystems,35,63420,9.39,IT,2,94,87
BeaconWorks,20,3610183,17.82,Ecommerce,5,44,61
QuantumPoint,31,1628423,19.27,Education,2,73,34
PrimeTravel,3,1055359,6.45,Consulting,3,1,74
AtlasHealth,31,154312,9.74,Energy,2,75,47
SummitEnergy,6,351965,3.49,Tourism,4,89,41
OrbitZone,27,4522665,7.74,Retail,2,-29,20
EverestEdge,18,560610,9.53,Ecommerce,4,-14,80
VelocitySystems,18,2498040,5.28,Education,4,11,87
PioneerCore,23,3765115,11.82,Consulting,5,-90,80
RadiantSystems,18,826836,13.87,Healthcare,1,35,70
EverestLink,31,346993,8.21,Healthcare,3,-46,51
VertexDigital,1,71327,19.92,Tourism,1,50,89
SummitZone,34,2069886,1.59,Manufacturing,2,23,12
PioneerFoods,8,1135088,16.44,Retail,4,60,22
BeaconWorks,31,2620417,4.51,Hospitality,5,-4,3
QuantumDigital,11,786055,14.53,Hospitality,3,-23,92
VertexHealth,3,3366174,12.69,Logistics,2,-69,95
PulseLabs,1,566990,0.22,Ecommerce,2,27,94
ApexHub,32,4000034,16.21,Telecom,5,-55,78
NexusTravel,2,3003946,10.37,Consulting,5,3,4
AuroraLogics,20,223162,10.18,Retail,4,-53,86
HorizonMedia,21,3269015,17.58,Media,2,0,50
EverestPoint,4,2921148,18.07,Healthcare,1,67,7
NexusPoint,31,404822,4.45,Telecom,2,-41,67
RadiantSystems,28,3680862,4.21,Healthcare,2,18,58
NexusCore,27,2854643,14.97,Logistics,5,71,74
HorizonHealth,31,1234368,5.25,Hospitality,2,-91,76
OrbitPoint,30,1699803,3.33,Food,3,-14,78
PrimeHealth,28,1455467,0.41,Telecom,4,-29,1
NimbusLabs,1,3571373,10.17,Media,4,75,12
AtlasWorks,13,4171893,18.11,Education,1,20,99
ZenLogics,13,2841224,6.87,Education,3,-4,45
NexusHealth,15,770337,15.41,IT,4,39,55
ZenEdge,26,2570044,7.34,Retail,2,65,21
AuroraDigital,31,3144425,9.92,Logistics,1,-56,99
RadiantLabs,23,1814631,15.24,Healthcare,5,-58,84
VelocityFoods,5,3265160,13.76,Hospitality,2,59,41
PulseLogics,24,2601409,12.97,Ecommerce,4,4,36
FusionSystems,10,3551377,17.07,Healthcare,2,75,65
NimbusEnergy,27,4672933,3.99,Hospitality,5,79,88
EverestSystems,13,4857538,4.71,Telecom,4,-91,38
EverestTech,38,2629015,18.38,Retail,1,-37,73
OrbitHealth,16,2546958,0.64,Energy,2,-4,46
ZenDigital,28,977671,17.14,Education,5,-77,96
VelocityEnergy,8,1643540,2.13,IT,4,-89,62
RadiantHealth,31,4023860,13.83,Energy,2,-59,16
RadiantPoint,29,2105863,16.83,Telecom,5,9,63
VertexZone,33,3456924,2.02,Healthcare,1,22,45
SummitHub,6,4255552,17.46,Hospitality,4,68,81
PulseLabs,20,1880321,3.41,Energy,1,99,49
ZenHub,14,1102906,2.69,Media,5,49,22
AtlasLabs,19,417248,1.04,Consulting,3,49,54
BeaconMedia,26,3670099,1.91,Logistics,5,-7,71
NexusTravel,28,1756532,17.69,Telecom,2,56,55
VelocityDigital,34,2910547,10.06,Retail,5,-41,4
BeaconPoint,3,1142318,1.08,Healthcare,1,15,69
HorizonLink,1,4251721,8.78,Hospitality,1,-27,47
BeaconNet,21,2217208,6.88,Media,2,67,36
AuroraTech,13,2663676,15.31,Healthcare,1,-59,30
SummitFoods,22,1462840,2.2,Manufacturing,1,53,47
PulseLink,16,3071949,19.09,Education,1,24,8
PrimePoint,31,1629638,2.82,Consulting,1,-82,15
HorizonTravel,17,4625929,0.34,Consulting,5,19,38
SummitHealth,5,1478468,9.22,Energy,3,35,41
SummitLogics,10,4402927,5.43,Healthcare,4,-65,52
AtlasSystems,13,3256113,14.56,Media,5,-6,29
VertexLink,1,4326576,7.3,Hospitality,4,72,25
VelocityLink,1,3571165,3.53,Healthcare,5,-23,18
AuroraWorks,13,1894016,18.65,Healthcare,3,-7,65
EverestSystems,29,3190431,6.28,Telecom,1,3,88
NimbusZone,34,1452100,18.18,Consulting,3,-58,46
BeaconGlobal,12,2637151,4.92,Fintech,5,13,57
NexusHealth,32,2121451,3.93,Energy,1,-66,2
ZenMedia,7,4482510,15.2,Media,4,89,47
PulseZone,19,839616,9.81,Education,3,95,62
EverestTech,24,233829,19.46,Hospitality,5,23,62
AtlasPoint,6,4292855,9.98,Education,2,16,55
EverestLabs,25,473226,12.17,IT,4,-79,19
PulseEnergy,10,170963,2.78,Ecommerce,2,-55,99
BeaconFoods,16,4471937,19.91,Fintech,4,20,28
OrbitHub,10,1211761,12.28,Hospitality,2,-75,6
RadiantTech,38,1953194,4.49,Logistics,5,-29,96
VelocitySystems,9,4212925,0.67,Food,3,-33,55
NovaNet,30,1548245,0.49,Telecom,4,-40,54
NimbusTech,34,1432984,11.21,Education,4,-26,7
AuroraWorks,31,2072652,8.58,Media,4,71,56
PulseEdge,1,1459024,15.7,Tourism,4,-10,4
SummitTravel,37,874402,4.11,Ecommerce,5,19,59
AtlasGlobal,6,4700737,15.56,Telecom,2,-81,95
FusionDigital,23,1888610,9.97,Fintech,4,14,58
VertexLogics,34,3539988,2.23,Consulting,4,19,86
VelocityDigital,23,1672376,7.67,Ecommerce,2,-3,7
PulseEnergy,12,1636770,16.38,Logistics,5,-57,18
NexusTech,1,3849278,13.55,Education,2,-40,1
NovaZone,15,4743199,3.84,Fintech,2,34,83
AuroraMedia,25,1421152,19.63,Media,2,-63,72
NimbusWorks,40,3468157,6.94,Energy,4,79,88
RadiantMedia,23,3521289,10.6,Retail,2,61,39
OrbitDigital,19,1156966,2.25,Fintech,5,-80,65
VelocityLabs,12,501126,12.11,Tourism,5,-30,3
NexusGlobal,2,2662345,11.9,Media,5,-57,54
NovaDigital,27,3395684,11.7,Fintech,5,33,43
NimbusHealth,38,3959892,16.42,IT,3,-81,70
AtlasPoint,5,3585175,0.82,Logistics,4,3,31
ApexPoint,31,1012679,6.03,Education,4,-6,81
QuantumHub,34,1987278,4.76,Education,2,-68,15
BeaconGlobal,26,3336055,1.26,Tourism,4,59,17
RadiantPoint,13,2726332,2.65,Education,3,-52,39
NovaEdge,9,567155,16.98,Fintech,3,0,26
RadiantHealth,3,305868,3.22,Hospitality,1,-89,48
HorizonEnergy,4,3021839,1.81,IT,2,-26,97
HorizonDigital,15,3010664,2.17,Hospitality,1,79,1
EverestDigital,33,255920,16.72,Education,1,65,14
VertexHub,6,2913369,4.88,Telecom,2,82,95
PioneerHealth,16,3411145,6.76,Hospitality,2,44,42
HorizonZone,11,4482495,13.48,Hospitality,2,-84,62
NexusHealth,9,263949,7.36,Telecom,5,86,3
HorizonEdge,13,1254724,16.28,Healthcare,5,69,97
FusionTravel,33,1160801,7.71,Fintech,4,-9,87
SummitEnergy,7,4065229,15.95,Energy,3,-98,13
PioneerLabs,17,4129424,12.14,Logistics,1,-59,89
PioneerHub,23,3385534,17.46,Logistics,3,-56,37
PulseWorks,21,3547624,19.88,Telecom,1,-100,32
EverestTech,15,692121,2.41,Logistics,3,86,94
PulseLink,9,4741064,0.65,Retail,4,-67,60
VertexWorks,5,3901740,1.54,Manufacturing,1,-99,9
PioneerGlobal,5,3819292,13.05,Ecommerce,1,-12,24
BeaconRetail,21,4968073,16.88,Energy,2,-98,91
NovaHub,20,1315683,12.17,Ecommerce,1,95,64
FusionZone,38,3002024,9.53,Energy,4,-94,13
ApexZone,11,4109029,4.92,Hospitality,5,-7,46
PrimeSystems,22,2321855,19.96,Manufacturing,3,26,30
VelocityWorks,15,159331,15.15,Tourism,4,-29,87
ZenPoint,4,1706159,0.17,Energy,4,60,62
VelocityHealth,14,4016798,11.57,Food,2,88,1
ApexSystems,14,4375770,6.67,Tourism,4,64,90
HorizonRetail,14,1666048,19.49,Manufacturing,5,22,55
AtlasDigital,18,488651,10.65,Retail,3,-34,86
NovaPoint,27,872800,13.31,IT,5,66,100
PulseHub,2,2592609,15.33,Telecom,5,27,46
RadiantLabs,20,601872,14.79,Food,4,-13,60
PulseNet,17,3172721,1.25,Manufacturing,3,3,88
PrimeLink,1,4144110,4.81,Manufacturing,2,11,53
NimbusSystems,3,1790008,0.18,Ecommerce,3,54,14
NimbusHub,23,4051136,9.88,Healthcare,3,87,66
AuroraCore,4,3304284,19.2,Telecom,4,94,66
SummitTravel,37,3729519,2.28,Logistics,5,-96,36
AtlasPoint,14,2089233,12.07,IT,3,31,43
NovaGlobal,7,123214,15.79,Healthcare,2,-36,50
RadiantTech,3,201392,16.98,Energy,1,63,87
EverestHealth,26,1498120,19.45,Logistics,2,87,32
QuantumRetail,13,743155,14.37,Education,1,-10,52
FusionLink,36,2206894,8.37,Healthcare,4,-20,59
NexusCore,2,1681498,19.27,Media,2,19,43
SummitTravel,25,3211072,13.19,Tourism,1,64,41
SummitFoods,22,1908098,7.54,Retail,4,60,90
OrbitCore,23,763713,14.44,Hospitality,5,70,5
PrimeDigital,6,1764566,14.95,Manufacturing,5,3,83
RadiantLink,35,533985,12.39,Retail,5,42,48
NimbusDigital,18,446093,1.91,Food,5,98,40
HorizonLabs,24,2740634,15.35,Media,4,92,73
VertexZone,19,4708433,14.91,Logistics,2,-80,46
OrbitPoint,25,526452,2.62,Media,1,85,78
FusionGlobal,1,2984016,13.91,Manufacturing,5,-71,77
AuroraCore,35,1728334,0.14,Food,3,64,91
AuroraSystems,37,1596436,16.77,Manufacturing,3,-89,48
ApexTravel,8,539188,14.78,Tourism,3,83,85
VertexLogics,13,355388,4.13,Retail,4,-70,78
SummitWorks,11,2915436,4.56,Ecommerce,3,19,42
ZenMedia,6,4121161,17.53,Logistics,4,27,60
PrimeEnergy,17,2750129,2.19,Education,3,2,59
AtlasTravel,24,1616276,3.43,Healthcare,3,25,71
AtlasRetail,29,4958731,12.03,Consulting,3,-94,59
HorizonHub,5,3228899,17.36,Ecommerce,3,100,69
VertexDigital,9,4434785,18.62,Tourism,2,92,55
NovaDigital,10,4367317,10.93,Logistics,3,-64,76
ApexEnergy,1,3582258,4.03,Ecommerce,4,-81,21
SummitDigital,17,1642433,16.6,IT,4,69,43
HorizonCore,27,777086,17.63,Hospitality,1,-40,78
EverestTech,19,4175503,14.35,Consulting,4,29,60
VertexTech,34,4129517,15.01,Ecommerce,3,32,43
NovaTech,30,1030067,16.41,Consulting,5,-15,17
VelocityRetail,3,258210,4.03,Ecommerce,5,-57,59
SummitTech,31,19199,13.48,Ecommerce,5,-3,32
AtlasSystems,29,3145274,0.5,Energy,4,64,16
VertexEdge,29,3680415,16.8,Food,5,35,25
PioneerZone,16,3231798,8.31,Tourism,5,1,10
NexusRetail,26,3634485,18.61,Ecommerce,4,78,7
FusionSystems,4,3667183,14.46,Food,5,-1,73
ZenLabs,3,1371938,6.27,Hospitality,1,53,81
SummitSystems,28,215048,1.38,Food,3,-79,70
EverestRetail,1,3462822,1.27,Food,4,72,67
FusionCore,7,4572026,13.38,Energy,4,100,1
VertexMedia,24,3764487,5.41,Media,2,17,43
EverestTech,6,2305997,17.37,Fintech,5,-39,87
AtlasMedia,27,3897098,14.85,Food,2,-7,10
NovaHealth,13,2729094,17.67,Manufacturing,2,62,24
OrbitMedia,6,2762083,10.22,IT,2,96,64
ApexEdge,27,527610,18.24,Education,4,-100,23
ZenCore,32,2618486,2.51,Healthcare,1,-28,61
NovaLabs,12,4173152,8.4,Media,3,15,45
NimbusLogics,29,2296624,3.56,IT,2,45,17
FusionRetail,17,598572,4.41,Telecom,4,21,16
AuroraHealth,29,2209836,1.41,Consulting,3,74,33
NexusTravel,22,3704914,5.95,Logistics,5,49,78
OrbitGlobal,38,3843706,0.49,Hospitality,3,22,66
VertexLink,37,1444682,16.38,Consulting,3,-92,86
SummitDigital,34,3876233,3.12,Ecommerce,1,-9,44
ApexTech,12,1560918,13.64,Food,3,-70,25
QuantumZone,8,4490539,0.46,Manufacturing,4,30,11
VertexPoint,4,4209926,8.77,Healthcare,5,43,94
VelocityTravel,34,2575123,6.67,Retail,2,-23,36
AtlasDigital,10,1389215,17.65,Consulting,3,26,89
BeaconGlobal,1,3082962,9.45,Media,4,72,41
ZenRetail,13,191637,5.33,Manufacturing,1,-28,41
VelocityFoods,10,1367445,19.01,Logistics,2,77,37
AtlasHealth,10,3659564,13.01,Consulting,1,81,74
RadiantPoint,30,1493041,13.17,Food,4,-60,39
ZenLogics,37,3829600,4.87,Food,3,-14,54
PioneerGlobal,32,3159634,15.16,Manufacturing,1,15,84
VelocityRetail,3,4032249,4.1,Retail,1,-3,83
ApexLink,2,4314172,19.84,Hospitality,2,-12,26
VertexRetail,11,2274895,19.48,Healthcare,3,-53,34
PrimeEnergy,3,770446,10.02,Media,2,46,88
NexusNet,27,1776845,9.74,Media,3,93,77
SummitLink,13,3673053,7.05,Manufacturing,2,60,39
ApexEdge,14,1260695,0.89,Hospitality,5,-38,92
ApexCore,21,1280991,10.42,Healthcare,4,71,43
NimbusEnergy,26,4703619,9.92,IT,4,-97,50
QuantumNet,23,4007943,15.31,Education,2,-30,16
QuantumHealth,2,1608482,5.46,Hospitality,3,77,92
PulseMedia,10,3925918,19.35,Healthcare,2,9,3
BeaconRetail,24,3594518,3.25,IT,4,-14,39
HorizonZone,15,928506,4,Food,4,-2,38
VertexRetail,8,1124976,1.67,Fintech,1,-48,77
AtlasGlobal,38,4801175,1.27,Hospitality,3,-53,72
AuroraGlobal,37,2071064,5.7,Ecommerce,3,96,83
OrbitPoint,23,1280717,18.53,Hospitality,3,-72,42
NimbusHealth,28,2309676,11.5,Hospitality,1,85,59
AtlasGlobal,31,1406357,11.69,IT,4,-8,100
RadiantDigital,32,4382189,9.1,Telecom,1,-10,41
BeaconMedia,4,2267893,16.19,Education,3,66,74
ZenTech,1,1519167,4.69,Energy,2,-50,81
NovaHealth,5,2356531,6.82,Education,4,44,82
BeaconTech,29,2005773,14.7,Hospitality,5,-47,97
EverestEdge,29,376465,1.32,Media,2,-54,48
PulseLink,12,3559417,0.87,Manufacturing,5,75,60
AtlasHealth,28,4109723,12.78,Ecommerce,4,64,26
NimbusFoods,24,490880,7.64,Hospitality,5,65,10
FusionLogics,31,3194093,18.76,Telecom,3,81,34
PulseGlobal,31,4003787,9.05,Media,3,38,91
NimbusNet,13,1124867,9.87,Tourism,5,-14,5
FusionZone,10,704079,17.99,Education,5,19,55
QuantumHub,37,2487665,17.57,Healthcare,2,69,29
AtlasSystems,10,4538844,7.77,Manufacturing,2,-13,77
PulseTravel,33,3151425,2.5,Logistics,1,70,19
PioneerMedia,39,2013465,6.33,Hospitality,3,79,89
NimbusWorks,8,3996587,2.17,Retail,3,-57,68
PulsePoint,3,4584845,17.48,Fintech,5,-38,30
OrbitSystems,40,2221663,14.62,IT,4,-43,97
EverestMedia,25,3884001,3.37,Education,4,90,59
HorizonPoint,23,4734709,11.81,Telecom,2,-24,9
HorizonWorks,38,837112,8.82,Consulting,2,-67,44
PioneerSystems,38,836954,1.23,Fintech,3,59,18
NexusSystems,39,2641879,18.68,Manufacturing,4,-62,3
NovaHub,27,1175592,11.29,Education,4,-80,85
NimbusSystems,6,4676447,15.82,Consulting,4,39,5
ApexRetail,4,1484596,2.92,Manufacturing,1,-95,32
ZenHub,11,2254565,11.7,Logistics,1,81,47
HorizonEdge,23,2214907,15.4,Hospitality,2,-85,45
NovaDigital,26,3328767,7.08,Ecommerce,4,60,84
VertexEnergy,5,4254712,7.64,Logistics,4,34,50
RadiantGlobal,23,4115610,15.01,Energy,5,59,77
NexusHub,22,4124061,6.77,Energy,4,-46,56
AtlasEnergy,25,740482,12.07,IT,4,-80,68
VelocityGlobal,17,158610,1.72,Fintech,5,-91,12
PulseEdge,27,4612094,17.16,Healthcare,1,-80,90
FusionWorks,27,2808974,19.68,Education,2,-8,58
NimbusEdge,33,3564261,16.32,Ecommerce,2,-11,24
PrimeLink,4,1796069,13.57,Food,3,-66,94
EverestTech,31,3772737,2.39,Healthcare,2,-95,3
NexusHub,8,552908,7.77,Logistics,4,94,59
FusionEnergy,38,102284,4.58,Consulting,5,3,84
BeaconNet,5,3726828,19.46,Ecommerce,1,79,27
PulsePoint,29,3537426,12.01,Manufacturing,5,-39,83
ApexSystems,2,1521058,1.29,Consulting,3,33,49
OrbitEnergy,34,3015088,12.67,IT,2,43,36
VertexTravel,15,1784260,7.5,Telecom,5,-98,73
BeaconNet,7,3219461,3.35,IT,3,-80,27
PulseNet,15,3526713,0.85,Logistics,2,-34,4
NexusSystems,2,3101610,15.61,Media,3,-41,15
EverestSystems,5,1792800,19.97,Consulting,3,-93,73
QuantumHealth,27,43503,16.5,Manufacturing,3,81,16
HorizonGlobal,6,2422447,12.07,Food,1,-42,79
HorizonHub,4,3040357,0.8,Hospitality,1,-76,92
OrbitLink,39,887310,16.4,Consulting,4,-27,4
VelocityCore,24,1631425,19.49,Fintech,4,90,73
NimbusLink,3,4825082,10.5,Manufacturing,3,88,50
HorizonHub,19,1845272,9.21,Tourism,3,-8,19
OrbitWorks,30,537312,1.29,Education,5,-85,32
RadiantPoint,1,4092076,17.34,Food,5,28,97
FusionWorks,15,1703712,3.66,IT,5,-33,30
VertexNet,8,1383477,1.45,Healthcare,4,-58,45
AtlasFoods,36,3866974,10.39,Healthcare,4,57,63
VelocityEdge,28,4585997,1.15,Telecom,2,-83,70
PulseDigital,4,4555981,10.79,Energy,4,-95,54
SummitMedia,28,2865337,10.7,Ecommerce,4,-28,11
RadiantSystems,39,1950757,11.81,Consulting,2,-97,42
AuroraDigital,1,849136,10.84,Consulting,3,3,54
NovaGlobal,8,2718871,1.13,Logistics,1,68,16
PioneerGlobal,4,964009,11.05,Consulting,4,-58,45
AtlasTech,32,3606209,9.33,Media,2,-34,47
PrimeLogics,29,45703,18.34,Food,4,-100,88
NexusLabs,20,1552919,13.27,Fintech,1,52,62
ApexZone,39,1947701,7.59,Consulting,3,31,71
NimbusRetail,2,1131574,0.48,Healthcare,5,62,56
VelocityMedia,28,1746156,7.53,Logistics,1,12,8
AtlasFoods,3,2400594,17,Retail,4,-51,50
NexusFoods,19,960356,4.26,Food,5,5,27
NovaTravel,34,1065909,12.26,Education,2,94,50
PioneerTravel,21,2220772,1.53,Logistics,5,-80,39
BeaconFoods,13,2775759,10.49,Tourism,4,-69,7
AuroraHealth,6,4700934,5.04,Fintech,2,-81,48
BeaconEdge,4,3225325,15.94,Consulting,1,-27,79
ZenHealth,21,115146,1.57,Tourism,1,87,65
PulseNet,14,2939994,15.54,Media,2,38,72
NexusLink,3,4203694,3.06,Ecommerce,2,-25,12
NimbusNet,35,285126,15.29,Education,2,47,78
AtlasDigital,39,3345357,17.27,Education,5,50,15
QuantumCore,16,4978551,6.56,Ecommerce,1,-28,49
AuroraDigital,39,1431328,16.23,Telecom,2,67,42
VertexEdge,13,2582242,7.08,Hospitality,2,-24,81
ApexPoint,12,3405113,6.71,Energy,5,-91,84
AtlasPoint,23,1910538,0.95,Manufacturing,4,-98,34
EverestWorks,6,3777726,7.46,Logistics,4,19,7
HorizonGlobal,28,4293578,18.3,Hospitality,4,51,9
PioneerLabs,32,2771073,3.01,Consulting,4,59,99
HorizonHealth,4,4571809,0.51,Hospitality,1,-99,67
PulseFoods,19,3977870,9.34,Ecommerce,2,-43,94
NimbusCore,28,3932704,12.99,Food,1,0,8
NovaTech,26,4544494,10.19,Retail,2,-88,80
ApexTravel,35,247952,7.59,Ecommerce,1,27,51
AtlasTravel,40,3951662,9.59,Ecommerce,2,-60,20
BeaconHub,38,4717855,4.84,Ecommerce,5,-21,3
PrimeHealth,37,2128753,6.67,Education,1,53,91
OrbitEnergy,24,190482,13.97,Education,3,36,79
NimbusCore,2,2322100,3.11,Fintech,1,37,67
OrbitHub,10,2631192,14.36,Consulting,3,-55,39
EverestWorks,33,4210068,1.76,Education,1,-78,32
ApexHealth,18,3967315,7.85,Manufacturing,2,30,61
VelocityZone,16,3992247,12.79,Retail,5,87,43
EverestNet,40,348490,14.34,Manufacturing,4,-49,39
EverestSystems,1,4829162,1.43,Education,3,-36,19
ApexFoods,2,254550,11.06,Ecommerce,5,-56,22
FusionLogics,3,474553,17.69,Logistics,2,-35,46
QuantumEnergy,2,1243421,1.82,Ecommerce,1,-90,98
FusionDigital,38,310594,9.98,Telecom,1,9,7
EverestEnergy,25,3198054,13.94,Manufacturing,4,-85,59
HorizonTravel,10,4697157,14.73,Healthcare,5,-62,9
EverestEnergy,31,3964946,2.87,Healthcare,2,40,4
FusionEdge,5,1924831,17.84,Education,2,-94,35
BeaconCore,30,4138921,16.34,Healthcare,3,-72,32
BeaconEdge,15,3630965,4.77,Tourism,2,74,16
PulseFoods,32,2289135,17.16,Media,1,-77,10
VelocityEnergy,6,2192700,1.6,Food,1,85,76
HorizonFoods,9,4048905,0.16,Logistics,1,-9,23
AuroraHub,38,234544,6.44,Consulting,4,58,98
VertexNet,38,137357,3.42,Hospitality,5,-78,47
EverestHealth,8,4536825,19.25,Telecom,1,-50,31
OrbitEnergy,27,2018796,18.25,Energy,2,34,47
EverestHub,7,3089149,14.74,Hospitality,1,84,39
RadiantZone,31,1226970,2.65,Fintech,2,30,99
SummitEdge,36,1289962,10.81,Retail,3,40,35
PrimeTravel,2,1758824,12.78,Energy,5,-56,44
AtlasEnergy,37,1469260,14.8,Tourism,5,-92,72
NexusNet,26,2016610,2.58,Consulting,1,30,46
HorizonRetail,19,4172641,13.59,IT,2,-97,37
VertexNet,17,185944,8.16,Healthcare,1,-45,2
RadiantPoint,19,2190423,19.72,Food,3,-95,58
AtlasHealth,12,394653,13.84,Tourism,5,-34,54
FusionTravel,28,222869,17.78,Fintech,1,44,19
NovaCore,1,4245792,12.51,Healthcare,1,-83,6
AtlasEnergy,16,1388825,5.83,Healthcare,3,-82,52
QuantumMedia,35,273999,0.17,Logistics,5,-49,44
AtlasWorks,14,2343575,5.66,Food,1,-15,34
AtlasZone,2,2683772,18.49,IT,5,90,88
QuantumGlobal,5,1199432,11.37,Fintech,5,-31,39
VertexCore,29,2251035,9.84,Media,1,-70,96
AtlasFoods,26,2690047,11.89,IT,5,60,67
PrimeFoods,12,2287043,2.03,Education,4,88,4
ZenZone,3,4031483,19.3,IT,4,-60,28
AtlasHub,26,3073362,5.49,Tourism,5,48,96
HorizonRetail,8,4608297,6.3,IT,4,49,86
HorizonLink,38,3165597,18.91,Ecommerce,5,35,87
PrimeEnergy,14,2536145,8.57,Fintech,1,71,60
ZenMedia,14,200891,6.12,Manufacturing,2,-22,1
ApexDigital,24,20476,6.4,Education,5,94,81
BeaconPoint,27,1264277,0.55,Manufacturing,3,98,78
PrimeLabs,40,302036,12.2,Retail,5,4,62
NexusDigital,38,4189943,1.74,Energy,3,46,47
BeaconWorks,13,63257,14.05,Ecommerce,3,-54,92
VertexFoods,31,4513397,5.61,Tourism,3,-37,62
PioneerCore,10,1092449,7.29,Retail,5,-59,88
ZenLogics,33,4792532,14.09,IT,4,97,73
BeaconEdge,20,4773613,10.24,Manufacturing,5,-61,61
AtlasNet,37,4140456,8.65,Consulting,4,90,79
AtlasMedia,20,4967564,18.51,Logistics,5,89,22
HorizonSystems,36,2515421,3.05,Fintech,1,31,44
EverestRetail,16,1158926,8.09,Tourism,1,11,28
BeaconNet,20,4493563,11.16,Retail,2,49,43
PrimeTravel,26,3741412,9.82,Education,1,-34,16
FusionWorks,3,1717597,8.77,Tourism,5,42,15
OrbitRetail,13,2103467,14.5,Consulting,1,-12,86
NimbusZone,10,45294,11.1,Education,4,-96,77
NovaEnergy,23,4289839,9.74,Energy,3,-22,2
QuantumLink,37,1040442,0.81,Food,1,-46,34
RadiantHealth,11,1566221,5.88,Consulting,2,-4,56
VertexGlobal,19,4597411,12.28,Fintech,1,9,52
VelocityNet,38,2066550,13.75,Telecom,2,-60,43
BeaconRetail,3,1823878,5.24,Hospitality,1,91,90
BeaconLink,14,2792654,12.75,Manufacturing,4,-9,69
RadiantLogics,2,919053,14.34,Food,5,77,84
QuantumLogics,21,2219941,15.66,Media,3,-20,30
FusionFoods,30,3643281,8.42,Manufacturing,3,-23,1
NexusSystems,8,4336751,18.35,Hospitality,1,-74,22
NexusNet,36,1990355,19.81,Hospitality,1,13,14
VertexLogics,17,1899994,3.34,Education,2,-26,40
VertexMedia,16,1653299,2.83,Healthcare,5,66,22
NexusMedia,39,2359850,17.16,Education,2,35,23
HorizonMedia,7,3554001,6.9,Consulting,4,-9,27
PioneerGlobal,24,750142,13.3,Manufacturing,4,-30,86
AtlasLink,21,4997064,11.03,Hospitality,2,-88,71
BeaconZone,15,1633605,5.49,Healthcare,3,38,48
HorizonZone,28,739200,10.34,Retail,2,6,11
ZenTech,7,3823536,14.78,Media,2,6,100
VelocityNet,34,2094285,18.02,Food,3,-50,73
SummitPoint,10,3605762,5.63,Food,3,19,8
PioneerEdge,10,3482715,8.52,Media,4,-59,68
VertexMedia,16,1710357,14.89,Food,2,30,23
ZenLabs,12,524805,14.36,Media,1,33,40
VertexMedia,5,3099389,16.14,Fintech,2,47,33
RadiantHub,3,2488831,0.71,IT,1,8,1
AuroraNet,27,4066862,12.21,Consulting,3,-99,80
AtlasCore,3,3578310,8.97,Food,1,-53,72
QuantumHub,26,308558,7.71,Fintech,2,94,79
EverestEdge,23,4072760,10.92,Education,3,-17,95
ZenDigital,5,1409991,17.7,IT,1,-87,50
PulseZone,1,2091991,9.38,Tourism,4,99,69
ZenWorks,19,4158743,6.01,Ecommerce,3,38,43
AuroraSystems,31,3822731,8.52,Fintech,1,-47,49
NimbusDigital,29,4129145,2.89,Ecommerce,1,54,73
PrimeNet,28,960817,8.74,Retail,5,67,99
NimbusHub,33,4513822,16.22,Telecom,4,-83,77
BeaconHub,18,1168641,11.94,IT,1,5,6
PrimeTravel,37,2130749,19.61,Logistics,1,92,52
VelocityLink,27,3235319,10.83,Tourism,4,17,40
NimbusPoint,35,2326456,9.25,Ecommerce,2,-16,68
NexusRetail,21,1133500,18.91,Logistics,2,9,9
NexusLogics,26,2944064,19.44,Manufacturing,3,45,96
NexusGlobal,31,4969007,7.43,Healthcare,2,-41,15
HorizonMedia,10,677938,7.57,Ecommerce,4,-100,1
OrbitLogics,22,857719,12.3,Manufacturing,4,68,79
AuroraEnergy,40,850432,1.18,Fintech,5,-79,34
BeaconLogics,27,2160786,0.92,Healthcare,4,-76,57
HorizonEdge,24,3397605,8.35,Logistics,5,-37,21
OrbitEdge,40,4833357,19.66,Manufacturing,1,62,29
HorizonLogics,35,3046824,15.71,IT,5,-94,65
NexusGlobal,26,1219946,6.65,Consulting,4,59,38
PulseTravel,7,3779567,16.94,Energy,5,-19,73
RadiantHub,35,1288668,11.13,Telecom,1,69,86
VelocityTech,2,3476519,3.55,Consulting,2,40,75
VelocityLink,14,4236506,2.2,Telecom,4,28,62
PulseTech,32,2520286,1.41,Hospitality,5,-11,37
FusionRetail,9,2124925,10.32,Healthcare,3,-10,12
PioneerLink,14,4250309,15.81,IT,2,38,60
PrimeLink,39,75466,13.55,Tourism,4,-82,100
PulseRetail,35,3171021,16.93,Manufacturing,3,-64,24
NexusGlobal,32,118193,1.99,Consulting,5,-15,14
AuroraLink,39,4117136,18.26,Fintech,5,-59,74
BeaconSystems,40,23007,1.21,Hospitality,3,7,78
OrbitHub,1,3722795,15.8,Hospitality,4,50,90
NovaLabs,4,3764024,9.37,Fintech,1,4,11
PioneerMedia,33,1741226,10.95,Consulting,5,-15,98
PioneerLabs,10,3529022,2.88,Food,4,53,43
HorizonCore,17,3416046,1.11,Energy,1,32,40
RadiantHub,35,1628638,7.5,Logistics,3,24,4
PioneerCore,2,3267451,10.64,Fintech,2,82,78
BeaconZone,29,4766538,1.43,Media,5,-16,3
ApexHealth,39,787327,4.58,Fintech,4,-23,52
RadiantHub,12,717093,7.11,Logistics,1,-89,46
SummitCore,27,1444478,12.44,Telecom,1,-32,38
NexusCore,26,4035094,10.95,Consulting,4,-88,85
NovaTravel,39,1416367,5.87,Tourism,5,-31,39
VelocityHealth,13,1058785,10.96,Logistics,5,99,26
AtlasTravel,18,4470426,9.74,Healthcare,4,78,96
EverestWorks,24,121786,10.56,Education,2,-40,42
NovaZone,37,1306092,16.11,Education,5,-27,59
QuantumDigital,5,2538656,16.76,Food,4,58,63
OrbitEnergy,20,812316,4.94,Logistics,1,88,97
RadiantRetail,24,1260639,9.1,Manufacturing,1,-21,56
ZenSystems,13,2780253,8.9,Energy,3,-51,39
ZenWorks,29,3896377,10.85,Telecom,1,-86,56
PioneerRetail,34,418340,14.2,Education,3,58,64
ApexHub,18,2405670,17.36,Education,1,14,34
NimbusDigital,33,4746301,9.42,Healthcare,1,-99,70
NexusTech,20,262714,10.54,Telecom,2,-49,29
PulseLogics,25,2972033,8.21,Energy,2,-14,75
SummitLink,34,3571203,14.22,Retail,2,-94,72
SummitTech,17,1873469,10.04,Retail,3,59,18
AtlasPoint,24,433951,10.21,IT,5,18,57
AtlasTech,22,3407800,5.55,Manufacturing,5,-26,85
AuroraEnergy,22,225884,18.91,Media,4,-29,97
FusionCore,19,3449126,14.56,Tourism,3,18,45
RadiantNet,12,674994,15.38,IT,1,-98,60
ZenSystems,17,4477792,17.36,Consulting,5,-88,94
VelocityCore,13,4417942,9.24,Hospitality,5,99,27
QuantumRetail,24,3976189,1.15,Manufacturing,3,39,55
PioneerLogics,5,602411,3.49,Healthcare,2,-22,5
NimbusRetail,1,4096393,16.27,Telecom,4,21,100
AtlasMedia,39,1382430,14.28,Consulting,3,21,14
NovaRetail,38,2287612,1.46,Telecom,4,-79,84
VertexGlobal,11,411277,2.02,IT,3,48,63
FusionCore,12,419640,18.95,Energy,3,-40,28
VelocityZone,17,3660453,9.38,Ecommerce,1,83,25
VelocitySystems,37,221980,3.12,Education,1,24,50
PioneerEdge,30,1353068,19.03,Healthcare,5,-51,30
OrbitEnergy,38,247782,1.08,Retail,4,-90,78
QuantumFoods,32,1693975,10.78,Logistics,2,98,6
NovaMedia,18,2802261,5.68,Education,3,-78,38
QuantumEnergy,28,3591356,7.59,Healthcare,3,33,59
AuroraLink,30,805703,4.31,Energy,2,-60,31
BeaconTech,28,1188456,4.36,Ecommerce,5,-83,71
PulseRetail,13,3248375,19.28,Ecommerce,1,66,69
RadiantFoods,23,3788986,17.59,Tourism,2,-91,98
HorizonCore,35,4297725,2.26,IT,1,-26,2
HorizonLogics,10,2340244,14.86,Food,5,-20,41
HorizonTravel,14,191843,8.75,Media,2,89,37
VertexCore,6,2049596,17.38,Tourism,1,49,75
SummitSystems,22,1915085,5.85,Hospitality,1,-9,95
NexusCore,26,3655300,1.53,Fintech,5,-1,85
VertexTravel,30,794541,14.26,Media,1,84,76
BeaconDigital,39,1244120,14.47,Ecommerce,4,75,10
BeaconNet,34,2847316,0.94,Hospitality,1,-73,41
PrimeFoods,17,2438197,17.94,Media,2,24,77
FusionGlobal,16,3395926,0.99,Food,2,-9,60
ZenLabs,22,3607453,1.3,Fintech,4,-54,90
SummitRetail,21,1136857,13.39,Retail,2,96,90
PioneerZone,37,2830700,11,Logistics,3,94,39
EverestNet,27,4963283,14.5,Manufacturing,3,-45,37
QuantumEnergy,2,3363919,16.58,Hospitality,4,-15,100
PioneerNet,6,2937027,7.56,Food,4,65,48
AtlasPoint,18,2703401,12.12,Education,5,16,46
ZenHealth,35,3296997,6.5,Retail,2,70,69
FusionHealth,17,3647638,17.43,Consulting,3,76,81
PioneerRetail,12,3350812,6,Energy,1,-83,94
PrimeCore,35,3785527,2.7,Ecommerce,2,59,9
EverestHealth,10,4436635,5.07,Media,2,25,80
NovaLink,34,2192415,6.42,Manufacturing,2,-42,19
PulseHealth,16,660317,10.48,Energy,5,-97,50
OrbitCore,36,3379340,15.3,Healthcare,4,8,54
HorizonMedia,34,1408998,4.26,IT,3,-88,64
NexusLink,26,3426726,15.96,Education,3,56,47
NovaTravel,31,4420328,8.07,Tourism,1,93,47
PioneerEnergy,39,1362963,10.67,Consulting,3,-32,89
SummitNet,31,14038,12.57,Ecommerce,1,-19,90
PulseCore,15,3849867,3.02,Logistics,5,88,59
ApexDigital,36,3423674,6.94,Consulting,5,41,33
PrimeCore,28,3720185,4.46,Telecom,4,71,97
VertexEdge,34,4661376,6.74,Food,3,-8,12
RadiantHub,11,2098675,3.51,Fintech,3,-74,6
AtlasEnergy,14,742585,9.82,Ecommerce,1,81,90
EverestDigital,32,4770334,8.61,Logistics,4,-54,46
NovaZone,24,2022077,18.5,Telecom,1,31,0
PioneerMedia,4,4368823,8.76,Energy,3,45,48
NimbusMedia,10,4446001,9.85,Tourism,1,89,83
AuroraWorks,14,3971182,13.13,Media,2,58,32
SummitTech,31,1614066,6.08,Ecommerce,1,-84,82
VertexEnergy,4,3005874,18.26,Fintech,5,99,22
FusionZone,22,3584896,0.69,Education,2,-27,89
NimbusFoods,20,3838250,14.81,Consulting,4,4,12
NexusEnergy,30,1387627,7.28,Fintech,4,-66,40
VelocityTravel,17,4025211,12.95,Energy,5,78,94
AtlasSystems,8,2094577,17.65,Fintech,3,-99,53
VelocityEnergy,3,2654353,6.25,Education,3,-12,31
EverestDigital,28,483096,9.83,Logistics,3,34,93
VertexCore,12,4637552,18.07,Media,2,-76,64
NovaNet,13,4187027,7.1,Consulting,2,38,85
SummitDigital,13,3700089,10.43,Food,5,-23,45
PulseWorks,32,3779823,12.63,Education,2,-96,61
OrbitLabs,12,70229,10.08,Ecommerce,2,46,33
AtlasHealth,32,474193,5.91,Retail,4,-58,64
HorizonLabs,18,2738576,16.67,Tourism,4,-49,94
VelocityDigital,2,1932954,19.54,Hospitality,3,-39,13
NexusSystems,17,15298,7.49,Ecommerce,1,-92,97
VelocityZone,35,2454105,5.14,Tourism,3,-11,77
RadiantZone,36,1570029,17.64,Consulting,5,41,99
HorizonDigital,39,774099,18.86,Ecommerce,3,-1,74
OrbitLogics,37,4724854,7.63,Fintech,1,48,87
EverestWorks,23,3868447,4.97,Media,4,-81,88
NimbusLogics,1,4361905,13.44,Retail,5,77,36
PrimeLabs,17,2545243,1.08,Logistics,3,15,6
NexusFoods,18,696890,18.02,Healthcare,4,-12,8
SummitTech,31,1045965,16.79,Energy,2,77,63
FusionPoint,13,585636,17.45,Logistics,5,-21,30
NimbusGlobal,24,3540192,14.06,Ecommerce,3,54,43
VertexEdge,34,1023221,8.7,Consulting,3,1,99
ApexHub,5,1889791,6.87,Healthcare,3,-61,18
AuroraZone,6,1871989,1.48,Manufacturing,5,100,66
PioneerLogics,12,685551,1.93,Healthcare,2,-61,79
ZenDigital,28,2358247,12.51,Healthcare,5,31,39
SummitLink,3,1398304,10.94,Food,2,94,21
ZenTravel,30,184621,7.09,Logistics,2,-44,48
VertexGlobal,34,1213422,7.28,Food,2,-35,44
ZenTech,32,657429,7.31,Energy,4,-92,59
OrbitLogics,35,1295859,14.59,Manufacturing,5,96,86
PioneerLink,33,912790,14.51,Healthcare,4,-34,9
NovaSystems,11,1658100,1,Hospitality,4,6,74
NovaCore,6,4038984,7.98,Media,4,-46,92
VelocityPoint,25,3210084,16.39,Media,1,41,79
RadiantMedia,28,752472,12.19,Manufacturing,3,53,19
EverestLink,1,3235102,16.06,Energy,4,14,86
HorizonLabs,27,3645619,8.65,Fintech,4,51,96
PrimeLogics,21,992686,2.11,IT,1,16,6
FusionPoint,12,3939138,1.83,Healthcare,4,88,25
NexusFoods,23,4943599,14.52,IT,3,59,41
ApexPoint,14,3367207,17.21,Energy,2,-26,5
RadiantCore,32,3174659,18.68,Telecom,4,100,54
NovaSystems,39,149627,2.75,Education,3,-17,40
RadiantTech,36,3382317,16.33,Tourism,4,45,12
NovaPoint,1,1422764,9.47,IT,1,23,14
OrbitEdge,5,3104775,6.29,Energy,5,-77,35
AuroraTech,3,714579,4.93,Retail,3,-9,94
NexusTech,20,1444811,2.55,Fintech,4,-9,13
NexusDigital,16,4980318,19.61,Manufacturing,5,-27,9
SummitEdge,16,1034981,1.8,Ecommerce,1,97,82
NovaLink,31,4336455,11.55,Healthcare,3,76,54
NexusCore,16,1335098,3.32,Consulting,4,-81,39
PrimeDigital,14,3577462,5.95,Telecom,1,47,25
PulseNet,38,2345305,4.69,Energy,3,43,12
PioneerRetail,13,1143769,19.4,Energy,1,14,16
OrbitHealth,15,3735467,3.62,Telecom,5,-67,39
NovaZone,31,4394797,11.82,Tourism,1,1,94
BeaconRetail,20,2681383,7.9,Telecom,5,-29,43
VertexLink,20,3251131,10.65,Media,4,-54,17
ApexGlobal,15,458865,8.93,Manufacturing,4,73,39
VelocityLogics,29,65004,0.66,Fintech,1,2,24
AtlasPoint,35,84030,12.53,Food,3,45,49
BeaconLink,30,891693,14.28,Healthcare,1,-65,69
NimbusNet,29,1368260,11.58,Food,3,-7,72
OrbitLink,32,2750704,19.33,Fintech,2,-67,2
AtlasTravel,33,4160029,11.65,Telecom,2,-78,63
EverestTravel,38,2945398,3.36,Retail,1,-54,27
AuroraTravel,3,3562224,9.59,Food,3,84,7
AtlasWorks,15,4960618,1.89,Energy,2,-19,56
NovaEdge,17,3509099,10.75,Retail,2,-60,15
ApexSystems,12,3042118,15.58,Manufacturing,1,-7,88
ZenFoods,14,4604169,6.2,Ecommerce,3,88,29
BeaconLogics,22,1771455,18,Consulting,2,67,89
SummitWorks,38,4289394,6.39,Fintech,4,11,37
RadiantEdge,37,4367537,8.84,Logistics,5,-73,50
ZenPoint,8,4028518,13.26,Telecom,1,36,35
NovaGlobal,36,1856140,17.59,Fintech,5,55,82
BeaconHealth,25,1041689,10.3,Logistics,4,64,85
PulsePoint,28,1586158,10.27,Telecom,5,-49,48
PioneerTech,7,3844725,0.5,Energy,1,-16,86
AuroraSystems,9,670216,8.38,Food,2,-54,24
AuroraRetail,15,3575920,5.94,Media,1,19,28
EverestEdge,36,1466745,9.97,Energy,2,91,63
ApexEdge,38,4325979,10.07,Healthcare,5,20,35
EverestLabs,40,4079595,10.06,Logistics,3,-66,77
ZenNet,8,4160710,17.39,Media,1,100,26
QuantumNet,37,1203102,2.4,Logistics,3,66,57
ApexDigital,36,3777011,8.27,Consulting,1,-20,52
PulseEdge,33,3750082,7.87,Energy,5,-38,56
AtlasLogics,24,2773619,12.59,Education,5,-64,89
HorizonEdge,22,914358,7.29,Tourism,3,4,41
PioneerLogics,5,4196212,16.83,Ecommerce,3,70,71
AuroraHub,8,1269874,11.33,IT,4,-31,69
ApexRetail,38,245785,14.44,Energy,1,-22,53
NovaWorks,4,2934315,1.93,Manufacturing,2,6,99
RadiantLink,21,3507506,7.16,Consulting,3,-9,97
AtlasCore,21,2228424,9.45,IT,5,77,39
VelocityFoods,27,874285,13.16,Manufacturing,3,25,22
BeaconNet,40,2136752,0.17,Fintech,5,67,43
AtlasLink,29,4107474,1.04,Education,2,-7,56
AuroraHealth,9,608190,8.87,Food,4,84,43
AtlasPoint,11,1503792,15.84,Retail,4,-46,59
NovaGlobal,37,3922791,9.01,Logistics,4,99,89
NexusHub,36,2067721,16.76,Media,1,76,6
PrimePoint,8,1818357,14.3,Education,3,-50,24
RadiantMedia,26,1080239,14.18,Retail,3,-5,86
ApexDigital,37,1313456,18.01,Retail,5,-47,95
NexusTech,10,4054225,5.42,Education,4,41,26
ZenLogics,25,3006087,15.32,Food,5,-21,37
PrimeGlobal,11,4361050,15.54,Media,2,-87,39
AtlasWorks,39,4621418,4.18,IT,2,66,96
VelocityFoods,15,4015812,5.3,Fintech,2,-51,96
PioneerPoint,34,4671847,3.74,Manufacturing,3,-5,67
HorizonMedia,6,1909569,3.35,Retail,1,98,10
AuroraLink,37,1615774,6.35,Ecommerce,5,-32,22
BeaconDigital,32,476769,7.86,Media,3,-94,54
RadiantLabs,10,1030370,4.91,Healthcare,3,-77,92
EverestPoint,37,3441677,6.06,Ecommerce,3,-95,99
QuantumSystems,18,2612353,8.65,Food,3,89,21
PulseDigital,13,1572950,5.32,Healthcare,1,-86,33
VelocityCore,35,1384261,11.12,Retail,4,64,92
RadiantTech,4,4146642,5.47,Fintech,5,-33,17
BeaconWorks,6,936816,17.13,Manufacturing,1,26,10
VelocityHealth,2,3750991,18.03,Retail,4,43,50
VelocityWorks,36,505192,7.52,Consulting,4,23,36
HorizonEnergy,32,3061139,8.73,Ecommerce,2,-83,66
ApexRetail,5,1884612,12.36,Manufacturing,1,-78,37
PrimeGlobal,7,3842854,17.91,Energy,4,94,51
VertexTravel,34,2812592,19.26,Education,2,47,3
HorizonZone,5,862062,19.41,Logistics,2,88,81
AtlasLogics,17,4219337,0.57,Ecommerce,3,17,99
OrbitMedia,18,3428993,13.62,Tourism,4,-96,27
NimbusMedia,12,2220088,0.25,Logistics,5,-87,14
BeaconTravel,4,4059560,16.68,IT,3,-1,40
ApexPoint,30,2947343,13.95,Consulting,4,-92,5
HorizonHub,12,3634775,0.16,Healthcare,5,-82,42
QuantumSystems,22,1615125,0.8,Consulting,4,92,74
OrbitFoods,20,4088070,2.35,Food,4,-28,57
PulseRetail,22,2834174,16.25,Media,4,-49,80
BeaconRetail,29,4265728,13.34,Healthcare,2,-62,39
VelocityTech,12,3669591,16.18,IT,2,-23,86
AuroraDigital,23,3816367,1.83,Ecommerce,2,-62,14
NimbusHealth,17,163131,10.19,IT,5,-21,18
SummitHealth,23,1972677,4.06,Hospitality,3,54,80
PulseLabs,21,3843727,14.93,Manufacturing,5,12,75
AtlasNet,23,4101340,14.37,Retail,1,-95,2
QuantumTech,30,642536,10.59,Education,1,66,65
PulseDigital,8,4716072,9.19,Manufacturing,3,-75,42
NovaFoods,9,2064861,0.23,Logistics,4,13,88
ZenPoint,4,4971122,4.55,Food,4,-5,31
NexusLink,22,3903492,13.89,Education,1,-5,85
NimbusTravel,23,92360,6.91,Fintech,2,-44,49
HorizonWorks,17,3848001,13.54,Fintech,2,-64,20
OrbitPoint,36,4545981,8.88,Fintech,2,31,7
BeaconNet,32,3791904,5.38,Food,5,25,22
HorizonWorks,14,3638995,19.95,Logistics,4,5,100
AtlasHealth,14,3787442,12.69,Retail,5,-26,55
AuroraSystems,27,955627,7.92,IT,4,91,100
FusionHealth,39,1239390,0.15,Tourism,1,8,87
VertexCore,16,2036897,5.6,Ecommerce,4,-70,5
FusionLink,26,2320536,12.91,Retail,4,-22,97
QuantumMedia,19,4398912,7.62,Ecommerce,2,-5,91
NovaHealth,16,1832488,0.9,Media,3,98,58
ApexDigital,30,233998,4.73,Fintech,2,-95,3
HorizonRetail,1,230054,16.64,IT,5,-88,89
PioneerFoods,37,4870464,12.11,Tourism,1,-62,29
FusionHealth,7,3701559,2.15,Media,1,-75,66
QuantumMedia,21,3570936,15.5,Media,1,10,100
FusionTravel,15,1990457,4.6,Fintech,1,17,54
VertexRetail,1,3292587,19.41,Education,1,76,44
SummitLink,33,3639240,4.08,Consulting,2,-9,64
FusionRetail,39,245116,9.85,Fintech,4,18,95
OrbitPoint,24,3677246,6.12,Consulting,1,72,17
AuroraFoods,35,2080101,4.5,Manufacturing,1,53,41
FusionTech,37,2351569,8.55,Energy,5,100,71
NovaWorks,10,1438336,14.73,Logistics,4,83,79
BeaconLogics,22,1743036,16.13,Consulting,4,-43,90
RadiantCore,2,1040116,17.04,Hospitality,1,97,24
NovaTravel,8,4176832,8.39,Consulting,3,95,65
PulseSystems,28,2230881,7.59,Logistics,5,82,10
NimbusPoint,31,136968,9.3,Tourism,5,3,97
EverestTravel,28,4244787,4.69,Hospitality,4,60,18
ApexTravel,17,3434022,3.34,Energy,4,81,79
OrbitEnergy,27,1183132,6.54,Fintech,4,82,67
OrbitCore,21,1502691,1.91,Media,1,-17,33
ZenHub,14,2477890,13.3,Food,1,-8,23
BeaconDigital,34,623715,5.62,Food,1,99,21
HorizonTech,32,3041247,11.74,Media,1,-57,73
VertexCore,9,1505952,1.95,Media,4,93,1
AtlasLabs,25,3043853,0.46,IT,2,34,58
PulseFoods,18,2599385,13.99,Fintech,3,93,56
AtlasPoint,3,4786592,19.3,Food,5,-81,90
QuantumNet,15,3272896,11.44,Media,5,-87,35
ApexGlobal,25,4117371,11.6,Retail,3,-63,99
PulsePoint,14,4050184,15.92,Hospitality,2,99,6
ApexZone,26,1372779,19.63,Energy,4,89,25
PrimeHub,26,4773835,11.04,Consulting,4,87,49
OrbitLogics,8,4843326,11.07,Tourism,3,-2,95
VelocityLogics,31,4973138,4.37,Telecom,4,-50,71
VertexLink,21,2009687,9.35,Fintech,4,95,35
NovaZone,28,955976,6.35,Telecom,5,-76,87
EverestHealth,3,3600209,17.38,Logistics,4,95,81
PrimeLabs,1,206746,1.29,Ecommerce,1,15,69
NexusMedia,17,622132,9.15,Food,3,-88,80
FusionDigital,15,2014600,12.68,Energy,3,-82,5
PioneerHub,37,208307,0.54,Retail,3,22,32
OrbitSystems,8,1242573,12.65,Food,3,-73,68
OrbitRetail,38,4293082,4.33,Fintech,4,-8,9
AuroraHealth,14,2717151,3.26,Food,3,-6,19
HorizonPoint,38,4035835,16.29,Consulting,2,-38,60
PioneerEdge,19,3413207,13.73,Fintech,4,-73,73
AuroraLogics,17,4939779,13.85,Education,1,-83,58
ZenGlobal,21,1773823,10.42,Food,4,-73,0
NimbusLogics,8,3915211,15.11,Logistics,4,-58,67
NexusEnergy,35,2698776,3.76,Retail,4,-14,37
NimbusCore,7,2678679,18.21,Energy,1,-71,17
QuantumMedia,13,2394131,11.15,Hospitality,5,-83,62
PioneerSystems,31,239810,7.8,IT,5,29,68
VelocityCore,15,1068800,18.79,Manufacturing,3,2,74
NimbusTech,33,1198194,12.74,Fintech,4,-97,95
PulseGlobal,38,1466447,15.35,Fintech,2,21,41
NimbusPoint,33,3760737,15.67,Consulting,2,-88,45
FusionTravel,29,2877985,12.86,Ecommerce,2,74,1
FusionSystems,3,3848091,12.28,Fintech,3,-73,46
NovaPoint,28,2934860,8.32,Manufacturing,1,-75,73
BeaconSystems,24,3535539,15.88,Tourism,5,21,93
EverestHub,29,1937750,4.88,Logistics,3,-97,94
OrbitFoods,14,879832,0.16,Ecommerce,5,41,38
ApexMedia,12,3073135,1.74,IT,3,21,14
ZenEdge,5,54583,9.48,Logistics,4,10,93
OrbitHealth,33,4183208,9.74,Manufacturing,5,36,70
AtlasTech,20,4474657,10.43,Manufacturing,1,6,98
OrbitHealth,32,1725511,10.32,Food,4,-68,39
NexusLogics,12,3618764,13.1,Consulting,3,68,35
PulseTech,26,2050813,1.4,Ecommerce,5,59,73
BeaconEdge,31,4224002,17.05,IT,4,-79,100
ApexHub,23,675024,18.69,Healthcare,2,-20,1
PrimeEdge,35,4096986,1.74,Ecommerce,1,86,30
VelocityFoods,27,31583,5.15,Telecom,3,77,100
SummitEnergy,21,2860727,4.41,IT,3,-36,62
ZenGlobal,34,1099398,19.8,Hospitality,3,-26,28
RadiantTravel,39,228778,4.44,Media,4,46,79
PulseZone,12,4869667,1.52,IT,1,93,92
FusionLogics,5,4765937,10.93,IT,2,-29,15
QuantumGlobal,7,4683986,6.16,Energy,1,80,51
AuroraPoint,37,3384443,7.55,Healthcare,2,-73,32
SummitGlobal,15,3555846,10.7,Ecommerce,3,-59,49
QuantumSystems,11,2504246,16.52,IT,1,-70,79
PrimeZone,13,2926266,7.54,Manufacturing,2,-37,8
OrbitDigital,36,1235074,9.76,Education,2,-70,35
PrimeFoods,31,1529612,17.33,Education,4,23,37
EverestGlobal,10,1720761,2.04,Consulting,4,78,96
NovaNet,16,2493176,1.92,Fintech,1,-92,33
EverestTech,20,1017147,16.83,Ecommerce,1,31,90
ZenFoods,37,1892617,8.18,Manufacturing,3,-86,34
AtlasWorks,37,1213258,16.38,Consulting,5,29,90
RadiantTech,11,2825350,7.48,Retail,3,8,44
VertexEdge,32,1914695,10.46,Telecom,4,-97,52
NovaEnergy,10,411888,10.03,Tourism,3,49,95
FusionCore,37,1926275,9.26,Hospitality,2,99,43
QuantumZone,30,4525857,2.55,Telecom,2,53,86
NexusRetail,1,847243,18,Retail,2,-80,87
AuroraLink,31,2921487,6.02,Retail,3,7,26
ZenTech,2,4582783,9.9,Tourism,2,-97,48
SummitLogics,15,3486477,13.53,Media,1,70,80
QuantumPoint,39,3315330,0.17,Consulting,4,-81,49
NimbusSystems,26,2057139,14.18,Tourism,3,43,90
PioneerDigital,39,4465701,3.47,Energy,1,-24,29
BeaconSystems,1,4748797,5.09,Fintech,3,-4,78
HorizonTech,29,1757683,11.84,Retail,2,35,30
VelocityHealth,2,3920555,8.59,Hospitality,3,-72,46
NovaNet,36,2859647,4.92,Retail,3,67,22
OrbitCore,3,1397834,19.76,Healthcare,3,29,68
NimbusRetail,20,4127143,3.99,Logistics,1,-11,38
HorizonEdge,23,3095086,3.96,IT,5,-99,26
PulseCore,6,432334,10.74,Consulting,1,-39,77
NovaRetail,29,3387286,15.05,Energy,4,74,78
EverestHub,39,3362009,15.95,Education,3,75,23
NimbusLink,33,3242353,3.77,Manufacturing,2,29,91
NovaSystems,30,4681736,8.54,Hospitality,2,-57,34
QuantumLogics,22,947124,5.98,Telecom,2,-13,12
PulseGlobal,19,4033598,12.5,Telecom,3,-44,100
BeaconTech,6,3117718,15.73,Logistics,3,54,18
ZenRetail,24,2165357,3.79,Retail,3,-62,98
NovaEdge,35,3275630,7.93,Hospitality,1,22,53
OrbitRetail,5,271344,8.42,Energy,5,91,95
VertexEnergy,4,3454962,9.57,Energy,1,81,68
PrimeHealth,21,2348725,13.71,Ecommerce,5,-88,24
BeaconCore,40,3459385,13.4,Energy,1,95,33
VertexNet,35,2015927,12.43,Tourism,5,-57,70
FusionZone,37,1777961,18.26,Fintech,2,-100,67
OrbitLabs,5,4340097,19.59,Energy,4,-47,76
VelocityTech,7,4928133,14.22,Telecom,2,-41,26
OrbitMedia,25,3543563,4.87,Food,1,18,2
NexusGlobal,3,530528,3.63,Manufacturing,5,-74,55
SummitRetail,39,3044014,4.34,Food,1,89,100
PulseGlobal,31,289127,11.08,Education,1,19,49
PioneerLabs,7,2760176,19.63,Food,3,-38,52
NimbusRetail,8,2577025,18.34,Education,5,-36,46
SummitPoint,25,2695666,1.63,Retail,1,44,28
VelocityCore,16,4206097,17.68,Manufacturing,5,41,64
QuantumNet,32,2370806,19.02,Retail,2,-59,83
QuantumLabs,14,138201,7.36,Ecommerce,4,3,14
QuantumWorks,1,1400675,16.46,IT,1,-55,88
QuantumSystems,31,890590,10.34,Fintech,2,-36,91
PrimeWorks,28,3429491,13.37,Food,5,-93,0
PulseCore,18,4705127,4.99,Manufacturing,3,-95,98
EverestMedia,13,4303739,15.4,Consulting,5,-41,64
AuroraCore,26,789138,19.25,Consulting,3,-79,19
NovaLabs,2,2072811,13.48,Ecommerce,5,-7,10
PioneerGlobal,36,2718529,18.11,Consulting,1,57,14
HorizonSystems,9,4117053,12.65,Telecom,3,65,21
OrbitRetail,5,4674053,13.92,Food,5,9,99
QuantumEnergy,18,3340130,10.54,Tourism,4,18,31
VertexNet,40,4736958,10.2,Logistics,2,-12,50
VelocityZone,28,3556689,9.15,Food,3,-27,28
PrimeDigital,3,2900793,6.45,Media,1,8,46
EverestTech,23,4702339,8.4,Media,3,-91,49
PrimeFoods,16,4235091,2.05,Education,3,-73,98
NexusPoint,22,4490937,19.66,IT,5,88,77
AtlasRetail,4,4112847,15.11,IT,2,-7,74
NovaHub,16,3140699,19.45,Retail,3,-90,89
RadiantLink,25,3624497,5.21,IT,4,-38,52
SummitWorks,5,4077722,12.58,Healthcare,3,99,85
NovaTech,21,2124564,9.23,Energy,2,25,85
ZenHub,34,2871891,4.53,Hospitality,5,57,0
PulsePoint,30,205313,5.9,Media,5,0,47
PulseDigital,7,1878200,9.81,Education,1,1,32
AtlasTech,33,2427063,0.61,Food,5,51,87
QuantumCore,35,3129054,16.45,Ecommerce,5,49,55
RadiantRetail,16,1456136,18.16,Retail,3,51,26
ApexSystems,12,30129,7.98,Telecom,3,-38,89
NimbusGlobal,5,1048899,4.88,Education,3,-88,59
OrbitTravel,33,2393937,14.63,Retail,5,-51,38
RadiantRetail,16,3974664,4.58,Food,3,-58,19
NimbusTravel,7,45244,12.44,Fintech,2,49,25
RadiantPoint,21,2194100,15.37,Logistics,4,-57,73
PulseCore,13,844588,3.53,Telecom,2,-99,82
NimbusGlobal,33,2873395,15.58,Consulting,3,-29,57
ApexTech,5,730210,7.4,Fintech,2,-19,77
FusionPoint,33,3975915,14.74,Ecommerce,5,17,19
AtlasNet,29,4743180,4.84,Tourism,3,97,59
BeaconSystems,20,3846889,9.84,Energy,4,68,35
PulseEnergy,40,824414,19.82,Tourism,4,-80,87
RadiantCore,19,1927267,6.43,Healthcare,2,91,44
NexusLogics,15,1009779,10.69,Energy,3,42,41
PrimeCore,10,4426441,1.81,Food,5,33,84
ApexTech,18,3925916,9.3,Energy,3,-98,79
NexusNet,31,1274452,12.65,Education,5,22,54
SummitSystems,14,2586411,18.83,Consulting,1,-57,27
OrbitDigital,33,1084690,14.64,Media,2,-30,62
EverestMedia,26,1711915,18.24,Fintech,2,-50,84
SummitZone,15,2298319,17.57,Ecommerce,2,38,96
EverestHub,26,3778779,15.54,Ecommerce,4,97,65
PulseLabs,40,2002977,12.09,IT,3,-95,46
AuroraPoint,2,137755,19.41,Energy,4,-76,99
EverestMedia,26,2443205,6.98,IT,4,95,87
AtlasEdge,8,3102751,6.5,Retail,4,-3,46
HorizonZone,26,2765719,2.13,Retail,4,87,82
ApexWorks,13,661350,14.22,Manufacturing,2,59,32
QuantumHealth,16,616302,18.65,Media,5,78,38
HorizonCore,9,1392111,14.21,Healthcare,3,22,6
RadiantEdge,22,1423399,16.85,Logistics,1,75,80
RadiantFoods,2,382084,3.61,Logistics,4,1,69
BeaconDigital,28,4948185,16.39,Fintech,4,41,86
QuantumNet,4,4609451,6.64,IT,5,-39,80
QuantumGlobal,10,4522506,7.73,Ecommerce,4,82,49
VertexZone,19,948102,10.24,Media,3,-90,83
NexusLabs,9,1279872,15.34,Fintech,3,-72,97
RadiantFoods,38,326764,14.32,Media,1,7,41
PrimeGlobal,34,3522843,4.9,IT,2,29,35
PioneerTravel,33,97317,18.95,Media,3,-5,78
AuroraLink,16,1484306,1.77,Education,2,-48,8
VertexHub,27,479347,9.95,Logistics,1,98,47
NovaFoods,27,4021139,16.95,Manufacturing,2,-33,56
AuroraFoods,35,96369,12.46,Healthcare,5,-72,28
SummitTech,32,4408211,5.66,Ecommerce,4,-5,12
QuantumHub,17,3231153,8.09,Tourism,2,-22,51
PioneerGlobal,36,4350851,11.61,Healthcare,2,4,49
OrbitLabs,15,4293487,0.95,Retail,4,0,53
PioneerFoods,19,3099661,1.01,Tourism,5,-85,65
HorizonWorks,4,3020390,10.47,Tourism,5,-14,25
HorizonFoods,25,1452942,0.86,Education,1,0,74
FusionTravel,29,1129560,7.79,Consulting,5,24,55
NimbusEdge,26,248262,7.63,Ecommerce,1,26,63
OrbitGlobal,8,1578612,12.56,Logistics,5,-55,82
HorizonGlobal,7,4164017,1.14,Telecom,2,-5,49
ZenEdge,12,32561,6.89,Ecommerce,5,-27,57
AuroraWorks,40,1616483,12.54,IT,2,-16,2
AuroraHub,17,2777244,12.78,Retail,4,78,97
VertexZone,13,635320,6.03,Fintech,3,-29,40
BeaconGlobal,33,3572156,10.14,IT,5,49,56
AtlasTech,28,3339277,14.94,Tourism,3,-12,30
OrbitHub,32,620504,19.84,Manufacturing,5,38,65
VelocityDigital,38,3618386,13.94,Telecom,1,80,66
EverestHub,25,98202,18.97,Hospitality,4,15,93
AtlasZone,16,3138458,2.55,Manufacturing,3,70,61
OrbitFoods,21,761549,3.6,Tourism,1,19,52
ApexPoint,10,3043582,13.52,Hospitality,5,92,17
PulseZone,27,2406005,15.35,Food,5,-5,53
ApexWorks,35,2344716,17.58,Manufacturing,2,100,4
BeaconLogics,37,1252802,15.05,Retail,3,92,53
QuantumZone,2,3275079,18.2,Tourism,1,-44,38
HorizonTravel,33,4706463,9.31,Food,3,20,54
NexusLink,17,3780116,3.38,Retail,1,-12,29
PioneerPoint,11,3408764,0.54,Manufacturing,5,-53,69
PrimeLink,8,2850794,6.57,Media,2,0,16
AtlasEdge,37,2436308,16.54,Logistics,1,-50,71
OrbitHealth,5,4960675,15.96,Media,5,41,47
NimbusEnergy,40,2124052,12.44,Tourism,1,83,10
PioneerLink,9,4846212,0.92,Consulting,4,59,93
SummitZone,16,1638952,4.89,Food,1,36,88
NovaFoods,33,4743151,5.88,Tourism,1,45,21
HorizonTravel,17,3411556,18.03,IT,5,-34,7
BeaconHealth,36,1230123,15.48,IT,4,-78,51
HorizonGlobal,26,4280397,13.92,Logistics,4,-46,61
BeaconWorks,33,4942435,1.85,Healthcare,3,41,49
NovaTech,30,2498563,7.27,Healthcare,5,29,30
VertexPoint,25,4260604,7.43,Media,3,-51,83
NovaMedia,34,1885946,12.27,Telecom,1,-40,55
EverestDigital,19,2284625,11.73,Tourism,2,47,50
RadiantTech,40,2583381,17.49,Food,4,-14,26
BeaconDigital,32,3563295,17.68,Fintech,4,-46,12
BeaconCore,40,3913704,8.53,Food,2,69,86
VertexTech,24,1407402,1.29,Food,2,42,69
EverestLabs,15,208879,16.53,Media,3,77,59
AuroraLogics,15,729217,9.23,Manufacturing,2,49,20
NexusLabs,2,2981600,1.75,Tourism,1,50,49
FusionEnergy,18,3644994,12.31,Consulting,1,42,35
EverestEdge,8,4111717,4.16,IT,3,-46,47
VelocitySystems,35,4987274,13.27,Energy,4,53,34
RadiantHealth,10,2542824,4.99,Fintech,2,87,29
PioneerCore,40,2758310,13.26,Tourism,2,9,66
PioneerDigital,34,3299825,5.72,Ecommerce,4,77,44
NexusFoods,31,3286770,9.96,Manufacturing,4,41,78
AuroraLogics,12,3309823,10.6,Tourism,4,32,56
AtlasHealth,36,242036,18.89,Tourism,2,-78,86
SummitZone,36,3648306,18.75,Hospitality,2,-46,50
ApexCore,9,1939007,2.22,Logistics,5,48,13
FusionHub,37,2824264,6.01,Media,4,-31,48
AtlasZone,39,4098302,13.04,Consulting,5,20,26
ApexCore,13,2044541,5.82,Hospitality,4,-68,29
AuroraMedia,11,3240043,1.56,Food,1,53,67
PrimeWorks,3,579997,6.26,Media,5,76,21
FusionLabs,4,1930315,12.03,Media,3,-14,61
ZenGlobal,35,2651308,19.45,Healthcare,1,-42,47
NovaNet,8,2129030,7.6,Consulting,3,46,70
FusionGlobal,30,2800417,13.97,Consulting,4,-50,0
AtlasTech,2,3786580,19.87,Manufacturing,4,49,40
PrimeLink,30,1763243,15.09,Ecommerce,5,-52,51
VertexDigital,15,3601789,12.86,Retail,4,77,59
RadiantLogics,31,3877132,18.47,Food,1,-36,62
HorizonZone,36,1573478,12.62,IT,3,-81,78
FusionPoint,19,2215528,1.47,Retail,4,-86,53
HorizonHub,31,774208,10.86,Logistics,2,-72,67
ZenZone,37,4656290,2.46,Healthcare,2,72,65
HorizonLabs,9,472611,16.32,Telecom,1,-53,68
HorizonLabs,24,2165552,16.24,Fintech,5,7,72
BeaconZone,24,3576106,0.69,Energy,5,-30,88
AtlasEdge,21,2174916,6.43,Energy,5,-55,4
VelocityEdge,25,2165101,14.81,Education,4,-63,11
BeaconGlobal,15,1193553,16.37,Tourism,3,81,61
ApexLogics,38,1912612,17.21,Fintech,2,16,54
AuroraSystems,19,2770524,0.72,Energy,1,-24,100
AtlasTravel,26,4487519,14.28,IT,4,78,31
NovaLink,1,3247756,15.51,Education,3,-47,3
ZenFoods,36,4871673,3.43,Manufacturing,2,69,79
PrimeDigital,32,2890407,14.81,Consulting,5,-50,16
VelocityMedia,37,4483256,10.25,Telecom,2,-91,88
VelocityPoint,34,71580,9.38,Hospitality,2,23,95
PrimeLabs,28,3810334,11.22,Telecom,1,-64,26
NovaTech,18,2310259,18.61,Healthcare,3,99,1
EverestLogics,35,240663,18.67,Tourism,3,-81,46
ApexHub,16,4053046,15.97,Energy,1,-82,45
OrbitLink,5,3953110,15.71,Energy,1,90,92
PioneerGlobal,21,1126166,6.42,Energy,4,94,85
SummitEnergy,16,40216,0.41,IT,5,-7,60
VelocityFoods,39,555493,5.46,Ecommerce,1,51,21
HorizonPoint,24,4952012,14.42,Logistics,4,52,57
NimbusLogics,31,4845700,2.89,Hospitality,4,-6,54
AuroraEnergy,23,4228546,12.54,Consulting,3,31,2
NimbusEdge,23,1362322,15.68,Consulting,1,75,30
VelocityHealth,19,1060663,12.27,Hospitality,5,-58,1
VertexWorks,25,151729,17.83,Food,2,74,0
PrimePoint,26,3118185,19.32,IT,4,90,54
QuantumLabs,15,3086938,2.56,Media,2,-25,85
NexusNet,10,3313878,7.67,Energy,5,-14,31
OrbitEdge,4,51761,13.35,Ecommerce,1,-78,16
EverestGlobal,6,278233,11.81,IT,3,27,20
PioneerZone,8,4767246,3.22,Retail,5,-20,65
OrbitTech,12,3411865,12.5,Telecom,4,89,23
SummitFoods,12,3791998,3.96,Education,5,89,28
EverestGlobal,8,1136914,9.11,Energy,3,-35,51
QuantumTech,20,2592496,12.93,Media,1,-43,6
AuroraNet,29,13723,19.74,Telecom,5,73,90
PulseLabs,3,1937804,3.85,Tourism,4,-44,85
PrimeWorks,37,48014,5.91,IT,4,47,100
PioneerZone,35,4014338,19.93,Manufacturing,1,51,28
AuroraEdge,23,333259,15.12,Hospitality,4,31,3
RadiantNet,40,763534,5.28,Tourism,2,1,61
ZenZone,3,4281574,2.79,Telecom,2,2,46
OrbitHub,38,3631728,17.63,Tourism,1,-69,66
NexusTravel,16,2667951,12.84,Consulting,2,94,42
NovaPoint,21,802140,17.34,Retail,4,-35,38
ZenHealth,20,302093,8.59,Education,1,-80,99
VelocityNet,32,651703,5.03,Retail,4,94,22
SummitTravel,11,3746920,16.33,Food,2,81,61
PrimeLogics,20,1624394,17.88,Retail,1,1,81
FusionGlobal,25,421355,7.86,Manufacturing,2,-31,24
EverestNet,9,710963,13.24,Energy,1,-14,21
HorizonZone,36,67455,5.62,Tourism,2,-62,11
RadiantCore,27,2593153,15.04,IT,5,-51,50
RadiantLabs,9,3078242,3.35,Logistics,1,85,37
RadiantFoods,7,3215500,17.47,Logistics,2,-11,87
PioneerHub,8,4241048,1.22,Consulting,5,-67,9
OrbitWorks,21,2281355,7.77,Logistics,2,31,75
OrbitLink,15,2339616,4.67,Food,5,38,32
VertexMedia,6,4849655,2.43,Healthcare,3,-74,82
OrbitCore,33,4712772,2.7,Retail,1,93,5
ZenSystems,24,2558302,3.25,IT,4,45,99
BeaconFoods,26,332747,18.48,Telecom,5,-47,17
FusionCore,14,3076282,6.45,Energy,5,-32,36
AuroraHealth,33,2896142,9.13,Consulting,1,-39,55
AtlasLogics,10,1649541,19.48,Manufacturing,1,-49,51
AtlasSystems,2,1713753,7.15,Ecommerce,5,96,49
ZenFoods,31,4946985,6.64,Media,5,-26,13
FusionGlobal,11,2818998,4.93,Tourism,1,47,26
ApexEdge,9,205032,7.49,Media,1,61,29
ApexEdge,31,2265987,17.01,Energy,1,23,98
HorizonLogics,11,2520350,3.74,Food,1,41,63
NexusFoods,33,4286838,1.05,Retail,1,-45,55
PioneerEnergy,6,4091963,5.31,Fintech,1,-5,76
PulseRetail,5,4804504,15.42,Media,5,-6,23
NovaGlobal,16,1012617,15.28,Consulting,1,-15,32
SummitEnergy,21,1418118,6.78,Hospitality,4,-79,21
HorizonZone,12,1738801,4.94,Food,5,-59,56
AuroraPoint,34,2227155,2.94,Healthcare,3,52,41
PioneerHub,20,1142017,11.2,Tourism,3,26,16
ZenWorks,32,4131169,13.59,Consulting,1,89,39
PrimeDigital,22,2059767,11.95,Education,2,-60,3
PioneerDigital,8,3432623,4.95,IT,5,50,6
PrimeSystems,4,2413581,15.03,Education,1,-20,49
FusionTech,21,1132074,13.86,IT,5,97,12
PrimeTravel,28,363260,0.15,IT,3,78,2
QuantumDigital,25,3644204,11.11,Consulting,5,-43,94
ApexZone,18,1828555,16.29,Media,1,-74,25
VertexFoods,34,1592082,16.91,Energy,3,100,62
VertexEnergy,40,453794,5.8,Fintech,4,-5,57
VertexLink,31,488643,13,Telecom,4,11,89
PulseLink,14,3801672,13.17,Healthcare,5,13,53
EverestHub,14,2518483,14.59,Hospitality,1,-85,86
NimbusPoint,3,2488603,15.32,Logistics,1,-21,42
AtlasFoods,24,997854,2.93,Healthcare,3,-33,65
NexusLogics,39,2106217,4.89,Telecom,2,60,91
EverestTech,3,1559679,17.9,Food,3,-38,62
HorizonTravel,17,2852546,8.04,Consulting,4,-92,89
RadiantHealth,33,2372334,9.89,Energy,1,32,33
BeaconWorks,18,512001,5.33,Logistics,2,-49,55
PrimeHub,2,3435085,1.51,Hospitality,3,89,99
AtlasGlobal,3,4099760,4.62,Food,4,76,77
PioneerFoods,3,1153344,19.22,Ecommerce,3,-15,74
ApexNet,20,1641372,15.59,Education,3,30,20
SummitNet,3,4365664,2.29,Tourism,2,62,69
NimbusZone,28,4268901,3.85,Manufacturing,2,19,82
QuantumWorks,35,213762,18.82,IT,1,21,0
VelocityHealth,9,3787467,4.53,Consulting,5,-25,3
AuroraEnergy,19,4766891,19.47,Ecommerce,2,-28,66
NexusEnergy,24,3253589,5.85,Manufacturing,1,-18,33
EverestSystems,19,551910,11.28,Food,5,-11,100
SummitTravel,40,3621374,14.29,Telecom,1,-32,39
PulseHealth,20,2323908,5.88,Education,2,-73,94
AuroraDigital,4,282859,15.02,Food,1,-21,43
BeaconNet,8,2908543,5.68,Consulting,2,-81,98
NovaHealth,10,2580843,17.27,Ecommerce,3,-94,57
NexusHub,36,4160635,18,Hospitality,4,0,100
AtlasPoint,37,159919,19.14,IT,4,78,85
NovaSystems,22,1131540,16.43,Tourism,4,49,37
SummitWorks,22,1008362,4.49,Logistics,2,28,5
VertexZone,21,3137407,8.31,IT,1,39,2
FusionHub,26,3132556,14.78,IT,1,67,99
NovaLink,33,4764169,9.01,Hospitality,1,-13,87
PulseWorks,24,4315737,12.21,Logistics,2,-76,49
QuantumEdge,18,4308208,15.17,Logistics,5,22,90
RadiantFoods,20,3990650,2.98,Education,3,29,48
NovaEdge,35,3554393,18.91,Ecommerce,4,-4,95
PulsePoint,1,2663804,1.72,Healthcare,2,92,58
FusionNet,20,163911,17.3,IT,5,-16,36
VelocityZone,8,4819822,15.58,Energy,2,48,100
VelocityZone,18,299467,11.98,Retail,4,-23,74
RadiantEdge,6,841479,4.71,Education,1,-67,29
EverestZone,2,3600247,12.56,Energy,4,-76,50
NexusRetail,17,4666627,17.6,Ecommerce,1,87,38
RadiantNet,4,818349,14.52,Media,3,21,56
VertexMedia,22,2149927,5.07,Media,1,-96,15
VelocityGlobal,31,933776,0.18,Energy,3,43,21
ZenEdge,19,3154736,18.25,Media,1,60,13
RadiantTravel,18,3679504,0.44,Food,5,96,92
PulseHub,23,1790161,19.8,Retail,4,94,39
RadiantEnergy,38,2925514,5.76,Education,4,60,25
BeaconTech,37,3143260,1.08,Media,4,94,67
EverestLogics,39,2486576,12.56,Food,5,83,35
VelocityMedia,12,331432,0.26,IT,2,-99,21
VertexSystems,17,1991485,12.97,Media,1,-87,50
VertexRetail,1,2659630,11.29,Energy,4,19,23
VertexEdge,17,842266,7.51,Retail,4,16,15
BeaconLogics,35,4990442,18.88,Consulting,3,96,79
VelocityLogics,37,3623471,0.63,Fintech,5,-76,48
VertexMedia,16,3179477,2.67,Consulting,2,-19,26
VertexSystems,17,3836298,4.42,Media,3,55,15
AuroraGlobal,37,3672963,18.55,IT,5,-19,51
AuroraTravel,21,4255207,15.2,Telecom,5,-8,23
OrbitCore,12,3325941,7.98,Tourism,1,98,87
PioneerHealth,37,2821055,13.13,Media,4,-36,21
ZenLogics,2,2653558,14.91,IT,2,48,32
VelocityPoint,19,4795845,19.63,Tourism,2,71,48
PioneerHealth,27,2900750,12.98,Fintech,4,76,67
PrimeRetail,5,2233939,0.94,IT,1,22,67
VelocityTravel,10,3663480,12.8,Tourism,1,-74,80
ZenGlobal,6,1179533,13.08,IT,1,33,43
AtlasEnergy,27,943544,17.82,Telecom,4,-20,24
NimbusPoint,19,636032,12.06,Fintech,4,16,100
OrbitCore,35,4371071,0.9,Logistics,2,63,20
PrimeNet,39,886974,13.43,Healthcare,1,67,15
EverestPoint,26,1937322,16.72,IT,4,84,57
AuroraMedia,9,3769222,9.52,Media,3,65,1
NovaCore,21,1333390,2.59,Food,3,-97,54
NovaSystems,33,3327864,14.81,Retail,5,19,55
EverestDigital,12,138764,11.31,Telecom,4,-87,91
FusionPoint,34,4402970,1.58,Logistics,5,-53,63
NovaLabs,16,1993583,12.16,Food,3,-26,74
ApexNet,32,991647,14.14,Retail,5,-62,52
PulseNet,25,1562484,16.62,Hospitality,1,79,40
EverestWorks,28,1729421,7.89,Tourism,4,20,91
HorizonZone,36,908661,5.3,Manufacturing,4,45,41
NexusLogics,27,3397191,13.74,Food,1,-86,70
NovaSystems,7,1658028,3.37,IT,5,-57,22
PulseZone,27,2690964,6.28,Retail,2,59,23
ApexWorks,22,498469,17.47,Media,4,51,67
NexusDigital,16,3079253,6.87,Manufacturing,5,26,71
BeaconTravel,16,1078228,9.17,Food,5,-1,94
PulseLogics,33,3408894,10.16,Ecommerce,2,-51,3
BeaconGlobal,33,1271289,12.81,Food,3,-76,17
PioneerPoint,18,4704348,16.85,Manufacturing,5,-98,10
AtlasEdge,1,3515457,7.72,Telecom,4,-70,74
NimbusTravel,40,3955187,15.24,Telecom,4,91,50
EverestLabs,22,4744439,2.7,Healthcare,5,47,72
NexusTravel,3,3725169,11.4,Energy,4,-72,72
ZenHub,24,680873,13.67,Manufacturing,2,-49,97
FusionLink,24,3531075,6.68,Hospitality,4,63,81
QuantumEdge,33,326839,4.37,Fintech,1,-56,93
ZenZone,35,3039076,19.71,Food,1,-69,87
HorizonLogics,35,3758263,15.82,Fintech,3,86,2
NovaCore,8,736541,3.68,Consulting,4,-31,30
ApexZone,36,2290776,15.54,Hospitality,5,47,34
QuantumGlobal,26,473882,13.35,Hospitality,2,39,33
BeaconPoint,12,2659964,12.63,Energy,4,-53,84
RadiantTech,16,2808384,16.75,IT,2,62,30
OrbitTech,25,4127007,8.03,Hospitality,2,-69,88
ApexMedia,1,1188357,1.02,Ecommerce,3,-97,57
NimbusFoods,8,4653722,8.38,Logistics,3,3,45
QuantumSystems,35,2367122,19.54,Media,4,86,74
AuroraTech,30,502770,19.17,Media,4,-70,13
ApexEnergy,28,4571485,19.43,Hospitality,1,91,26
VertexDigital,17,4776146,11.64,Fintech,1,76,3
HorizonSystems,3,2504637,12.06,Telecom,1,34,96
SummitFoods,24,4631977,19.6,Logistics,2,34,28
VelocityDigital,4,2925657,5.84,IT,4,-29,20
NovaNet,38,1582639,5.66,Logistics,3,83,57
PulseSystems,6,227727,10.62,Telecom,3,-1,81
FusionEnergy,33,1220182,16.34,Telecom,1,57,31
BeaconEnergy,33,2231600,8.63,Healthcare,2,-39,67
QuantumLogics,17,3473390,4.67,Ecommerce,4,65,37
PioneerHub,16,3649710,18.49,Fintech,3,-58,31
SummitNet,7,4201320,6.25,Telecom,1,48,63
PioneerLogics,22,4796504,3.64,Ecommerce,5,15,87
PulseEdge,4,2848476,14.88,Logistics,1,39,1
HorizonHealth,37,1270459,12.49,Healthcare,3,94,66
HorizonMedia,29,1845879,0.85,Food,5,-5,95
VelocityLogics,5,1127071,13.6,Hospitality,4,-93,34
NovaCore,36,2797492,16.3,Manufacturing,3,65,36
BeaconRetail,25,756260,0.39,Manufacturing,2,-61,38
VertexMedia,26,3559854,15.07,Ecommerce,3,29,84
NimbusEnergy,31,1171453,16.61,Ecommerce,3,47,22
NovaEnergy,18,1923382,15.42,Food,4,-13,57
QuantumLogics,24,3099166,2.48,Hospitality,4,65,40
ZenLogics,40,4747621,1.73,Ecommerce,2,-84,33
AtlasHub,1,4793298,5.13,Healthcare,5,46,38
BeaconMedia,25,1500971,10.34,Telecom,4,41,10
BeaconRetail,1,1935040,14.46,Education,1,97,94
BeaconZone,15,73041,15.11,Fintech,1,64,12
RadiantSystems,23,2229157,5.2,Food,2,-22,28
SummitZone,23,390035,10.48,Retail,3,0,67
AtlasLabs,25,3573738,7.23,Retail,3,93,51
PioneerRetail,32,1847871,11.67,Manufacturing,3,32,60
SummitMedia,8,3021307,4.85,Tourism,1,-44,67
PulseEdge,34,4273175,5.63,Food,3,-80,80
ApexTech,32,2656634,18.79,IT,2,-83,58
ApexGlobal,26,2893633,17.46,Energy,5,57,13
BeaconLogics,39,1505164,0.79,Media,5,-78,97
AtlasEdge,30,4754358,7.17,Logistics,5,-65,98
PrimeCore,4,1667456,4.2,Retail,1,-98,85
ZenGlobal,13,4827262,1.24,Logistics,2,-65,20
PulseEdge,31,2619774,17.98,IT,3,-11,93
NexusPoint,19,1227852,5.95,Logistics,1,-53,69
PrimeTech,35,3242127,8.65,Education,1,-59,23
NovaTech,15,2610420,19.34,Fintech,1,-91,48
RadiantWorks,4,90600,11.26,Retail,5,24,19
FusionMedia,32,4784410,4.52,Manufacturing,2,4,34
QuantumRetail,13,425490,4.15,Logistics,3,-12,57
ApexLogics,15,1268182,18.54,Consulting,3,-25,82
VelocityMedia,34,1053761,8.97,Consulting,4,-77,46
QuantumEnergy,13,488552,0.5,Consulting,2,63,41
AuroraPoint,15,3621483,5.36,IT,3,16,56
SummitMedia,7,1547979,4.94,Retail,4,76,5
BeaconLogics,14,1539205,6.11,Hospitality,1,-39,22
AuroraCore,36,2712191,7.87,Food,1,-18,19
VertexLogics,9,2684753,13.61,Media,5,-71,0
ApexGlobal,39,4305922,19.37,Tourism,3,28,27
BeaconLabs,39,3133507,7.89,Fintech,3,33,49
VertexLink,23,1096622,6.05,Retail,1,90,78
HorizonSystems,29,2895017,16.26,Consulting,4,90,97
BeaconLabs,28,2976704,6.07,Food,5,-21,5
PrimePoint,10,1148761,12.87,Ecommerce,1,23,65
AtlasLogics,15,3909508,10.35,Tourism,4,6,75
VertexWorks,6,2216807,12.74,Energy,2,39,56
AuroraLink,7,1749716,6.96,Healthcare,4,-40,25
PrimeMedia,15,3759115,7.37,Education,2,40,94
AuroraTech,14,1337306,13.94,Retail,4,-31,78
RadiantDigital,21,2416839,16.12,Media,1,-16,55
ApexSystems,26,3828335,4.21,Education,1,-31,7
PrimeHealth,18,734152,10.9,Hospitality,1,82,12
PulseNet,33,4551946,8.15,Education,5,-91,10
AtlasEnergy,26,4461630,6.01,Energy,3,14,85
ApexCore,34,375872,19.42,Manufacturing,2,-45,30
SummitCore,2,1670258,17.08,IT,1,80,67
SummitTech,28,1289841,17.04,Food,2,-25,65
AtlasHub,38,1043140,11.86,Logistics,5,-77,18
VelocityMedia,30,2373341,13.34,Retail,2,-17,67
QuantumRetail,25,3410191,3.17,IT,3,51,89
AtlasFoods,10,4803088,15.14,Manufacturing,2,-53,50
ZenHealth,12,3068765,10.96,IT,4,-26,99
NimbusLogics,36,844152,17.07,Education,4,-87,56
AtlasHealth,34,3856239,12.97,Tourism,2,-20,33
VertexFoods,23,1748192,7.21,Telecom,4,13,98
OrbitLabs,34,1661654,12.76,Manufacturing,3,43,26
VelocityLink,37,3842552,2.64,Fintech,1,-75,12
PrimeNet,6,2088766,17.9,Education,3,90,74
NimbusSystems,37,965181,17.67,Logistics,2,49,69
VertexLink,25,2924289,18.47,Retail,1,-12,63
VertexHub,4,2788428,12.47,Food,3,60,10
AtlasTravel,20,3176288,15.82,Fintech,1,15,51
EverestHub,15,4438896,6.45,Retail,2,-91,8
RadiantDigital,24,982650,6.48,Media,2,-1,91
ZenRetail,33,584244,1.75,IT,5,-29,22
ZenFoods,17,1503184,3.6,Consulting,5,-74,21
SummitLabs,28,4788206,13.21,Consulting,4,96,29
NexusMedia,8,3955818,18.76,Consulting,5,2,89
SummitRetail,26,848645,4.9,Telecom,3,58,94
VelocitySystems,10,332274,4.86,Retail,2,-47,31
QuantumTravel,17,2286702,17.75,Manufacturing,1,-63,76
PulseTravel,25,3535868,14.59,Manufacturing,2,57,85
PioneerDigital,22,4203184,1.4,Ecommerce,2,-73,33
VelocityTech,9,4450192,0.5,Healthcare,4,95,62
PulseTech,19,1049889,11.46,Energy,2,97,90
QuantumNet,11,3908105,14.23,IT,2,53,41
PrimeSystems,36,4624889,12.76,Food,2,-51,52
NexusNet,28,339159,18.84,Logistics,1,-86,37
NexusLink,20,1302310,4.44,Ecommerce,1,-6,8
AtlasGlobal,3,4994014,19.59,IT,4,-51,14
NexusFoods,6,2192663,3.93,Consulting,2,-92,73
PioneerHub,10,4489757,17.26,Media,3,-88,48
VelocityPoint,4,183437,9.74,Fintech,5,-38,82
VelocityTravel,39,851731,7.87,Energy,4,6,72
VertexEnergy,10,1776078,3.55,Healthcare,2,-93,84
ZenMedia,12,3599220,0.47,Fintech,4,99,68
VertexHub,14,2189544,5.92,Energy,2,82,24
QuantumGlobal,40,383075,14.49,Hospitality,4,32,12
RadiantTravel,27,3780861,17.51,Manufacturing,4,-74,81
QuantumHealth,21,3266819,8.09,Food,1,-91,98
NimbusHub,32,1929516,12.05,Retail,2,48,59
NovaNet,3,1003010,11.74,Hospitality,5,64,1
ZenNet,3,4178053,17.59,Retail,1,92,51
NexusGlobal,5,1929532,9.08,Energy,2,92,33
FusionTravel,16,2740445,7.84,Healthcare,1,-42,67
PioneerRetail,32,228650,2.94,Telecom,5,-15,22
PrimeDigital,13,1368079,6.12,Logistics,2,-38,92
AtlasHub,17,1667665,3.17,Tourism,5,-76,69
FusionGlobal,2,3986150,15.09,Retail,5,79,17
BeaconCore,3,4227580,18.54,Manufacturing,3,20,55
ZenNet,35,2509086,13.08,Healthcare,1,2,67
ZenFoods,34,488037,15.77,Media,1,-31,60
VelocityLink,18,3149992,6.33,Ecommerce,1,59,59
QuantumSystems,25,3661097,0.25,Ecommerce,5,-89,74
AtlasHealth,22,3926243,3.97,Energy,5,81,99
ZenNet,30,2484806,3.18,Ecommerce,1,-90,79
ApexTech,34,3327094,1.93,Media,5,3,76
RadiantRetail,36,794817,18.69,Manufacturing,4,-81,9
OrbitDigital,3,4875124,4.29,Education,2,-45,82
RadiantMedia,31,4394532,19.95,Hospitality,5,-42,70
FusionLabs,13,3799182,4.32,Logistics,4,-46,29
VertexZone,21,3589406,2.49,Food,4,-69,90
OrbitFoods,30,2897802,19.62,Ecommerce,4,-91,46
NimbusHealth,12,4703976,0.35,Healthcare,3,32,64
PioneerCore,39,3381865,9.13,Tourism,2,91,23
AuroraEnergy,12,3355690,10.36,Logistics,3,-52,50
OrbitGlobal,34,417933,0.25,Logistics,5,-15,9
AuroraFoods,7,1943381,16.07,Retail,1,-10,38
AtlasCore,10,4256715,0.68,Food,3,-81,73
BeaconTravel,28,1058252,18.19,Education,2,-28,5
QuantumZone,4,4245315,0.2,Education,4,-94,89
VelocityLink,39,2390394,9.41,Food,4,32,33
BeaconLogics,40,2999053,16.13,Manufacturing,2,48,53
ApexMedia,37,3374046,19.69,Media,4,-66,4
VertexEnergy,12,4916535,1.4,Food,3,88,95
NovaGlobal,14,1085615,3.52,Education,4,-24,45
SummitSystems,32,1647628,3.46,Telecom,4,1,20
SummitHub,11,3124436,13.71,Food,4,3,4
FusionHealth,18,2122027,17.8,Hospitality,1,-34,71
PrimeTravel,27,69797,12.68,Tourism,1,89,48
EverestEnergy,28,464317,8.89,Hospitality,2,-69,43
AtlasRetail,37,4756175,13.14,Education,1,-51,61
BeaconPoint,31,234585,14.58,Ecommerce,2,-60,100
NexusPoint,1,2514922,1.99,Telecom,1,-83,70
AuroraNet,21,544960,14.34,Logistics,3,-41,39
HorizonSystems,30,3697713,9.2,Telecom,1,-11,27
ZenRetail,13,1245142,19.54,Consulting,2,-37,26
VelocityLink,2,4514279,18.82,Retail,3,4,96
NimbusFoods,36,857776,15.19,IT,3,-10,89
PulseTech,31,1709229,18.91,Media,4,-21,91
VelocityLink,34,4783424,10.65,Consulting,3,-16,100
AuroraHub,31,498954,4.38,Energy,3,95,61
HorizonEdge,30,4869889,8.09,Hospitality,1,-90,96
SummitEnergy,22,3215650,4.21,Manufacturing,1,-18,41
NexusHealth,29,4161599,14.26,IT,3,-58,3
AtlasRetail,34,3681534,14.01,Tourism,5,36,14
NovaLabs,27,991791,16.3,Food,5,39,98
PulseLink,15,3236580,16.31,Consulting,2,-19,14
ZenFoods,5,3269422,5.63,Media,1,-33,34
BeaconTravel,24,1422095,16.03,Tourism,4,-62,3
ApexHub,23,765456,16.58,Logistics,5,96,43
AuroraGlobal,40,1293063,13.9,Healthcare,5,0,44
PulseWorks,3,1948281,6.97,Consulting,4,-29,63
BeaconFoods,23,2185341,5.33,Manufacturing,1,14,79
RadiantLabs,32,3930954,6.29,Ecommerce,4,-76,65
NexusNet,11,4413732,17.95,Media,5,-92,34
ZenFoods,23,3658113,11.86,IT,1,5,59
EverestTravel,23,4630228,7.93,Media,2,19,82
AtlasHealth,22,3301013,16.52,Food,2,-26,72
VertexHealth,21,1186551,15.7,Tourism,1,41,97
NovaLabs,18,554870,11.85,Logistics,1,97,55
PioneerDigital,22,3971250,17.81,Food,5,-18,26
BeaconTravel,40,3726509,8.57,Fintech,3,-85,80
NimbusEnergy,37,1875291,13.63,Manufacturing,2,-19,96
PioneerEnergy,37,3626465,3.79,IT,3,13,12
HorizonEdge,33,447948,6.63,Fintech,1,31,45
HorizonCore,7,1108943,7.98,Logistics,4,96,29
ZenCore,26,1657213,14.78,Food,5,-10,13
NexusEnergy,29,580868,7.98,Healthcare,4,38,0
NovaRetail,32,3963654,16.4,Food,5,40,46
NovaLink,28,897716,11.82,Ecommerce,1,-48,31
PulseFoods,15,300372,14.26,Ecommerce,5,20,25
NimbusHub,37,1198986,11.62,IT,1,-52,84
RadiantCore,20,4388248,14.09,Logistics,3,80,22
ApexLabs,13,4933647,0.3,Energy,1,-83,9
NexusHub,33,782609,9.37,Tourism,2,-63,22
RadiantEnergy,15,3728210,0.8,Telecom,2,56,40
VertexGlobal,3,3935412,3.07,Ecommerce,4,-81,38
AtlasNet,36,4957600,19.12,Healthcare,4,-50,58
NimbusEnergy,31,3296125,6.99,Manufacturing,4,4,91
RadiantLogics,36,4225562,1.46,Logistics,2,-49,76
NexusNet,35,291676,10.75,Telecom,1,-86,22
OrbitTech,10,3920950,4.03,Retail,5,3,9
EverestNet,24,3650758,19.82,Tourism,1,-78,62
SummitEdge,34,4161394,5.78,Tourism,5,65,75
VertexTravel,22,787269,8.93,Media,3,-76,79
ApexHealth,19,692422,5.93,Education,4,-21,46
ApexNet,12,3318959,15.81,Ecommerce,4,-54,94
VertexDigital,31,2976489,15.05,Food,5,39,57
PulseNet,25,3207052,0.76,Retail,5,44,91
NimbusLink,2,915303,4.02,Healthcare,4,44,15
VelocityLabs,35,3459873,18.57,Fintech,3,-48,58
NimbusRetail,35,626746,7.05,Energy,5,32,49
AuroraLink,2,4447612,10.99,Logistics,4,-80,61
VelocityTravel,10,362563,13.25,Education,2,29,11
SummitEnergy,17,4278694,15.51,IT,1,-55,7
AuroraLabs,7,4797244,8.49,Retail,2,27,61
AuroraLabs,29,1598761,3.82,Healthcare,4,6,49
NimbusTech,16,4243540,12.15,Education,1,81,90
SummitFoods,9,3061859,12.83,Logistics,1,-22,44
RadiantWorks,33,3627493,16.65,Food,2,98,50
FusionLabs,14,2249947,18.38,Ecommerce,1,71,8
QuantumGlobal,30,848111,9.06,Fintech,4,-4,52
NovaRetail,24,923988,14.77,Food,1,-87,87
VelocityTech,2,3250384,18.4,Media,4,-87,32
ZenCore,4,1547108,14.77,Ecommerce,2,48,16
AtlasHealth,33,3116059,6.86,Ecommerce,2,-84,90
NovaRetail,36,4799078,5.59,Logistics,3,-22,68
NovaZone,32,1184140,0.33,Logistics,1,54,23
VertexNet,20,465705,14.54,Consulting,5,68,64
RadiantEdge,38,3590649,1.88,Consulting,1,-41,71
SummitHealth,13,3000757,19.96,Fintech,3,34,80
ApexHub,33,1056265,5.88,Telecom,4,-20,43
NimbusHub,11,844972,9.55,IT,5,31,92
PulseLogics,5,1278176,17.44,Manufacturing,5,-75,82
VertexLabs,12,1113198,6.97,Manufacturing,4,42,28
VertexHealth,40,4923533,2.33,IT,2,94,66
ApexEnergy,1,1802831,17.16,Energy,2,12,26
FusionMedia,18,3105114,16.94,Telecom,5,38,93
QuantumZone,15,2278847,6.31,Hospitality,5,-43,56
PrimeRetail,15,4365433,7.04,Education,3,-72,49
NexusDigital,26,3222125,2.68,Media,5,95,73
PrimeFoods,34,4268352,11.91,Retail,5,-40,85
PulseDigital,29,4411366,6.91,Healthcare,5,-53,86
OrbitCore,5,3334411,0.37,Retail,1,-80,98
OrbitTravel,12,3327238,17.89,Retail,4,-69,68
PrimeTravel,10,2212330,5.87,Manufacturing,1,-26,99
AuroraLogics,5,3551188,3.23,Food,4,-42,32
VertexSystems,31,1671416,16.34,IT,3,-13,10
AtlasDigital,25,4677288,9.9,Retail,2,39,49
OrbitTravel,3,4192644,4.27,Hospitality,4,-84,63
ApexLabs,6,3986975,9.97,Food,5,-80,45
ApexRetail,8,3725802,3,Tourism,3,19,5
BeaconSystems,1,3638219,14.75,Fintech,2,-83,85
NovaSystems,15,2340301,10.28,Education,4,-52,100
SummitHealth,4,2237686,8.58,Tourism,3,33,5
NovaTech,16,484493,12.33,Manufacturing,5,-14,28
NovaLabs,4,3256466,6.21,Retail,5,16,76
PioneerDigital,22,4267854,4.44,Hospitality,2,58,73
PrimeHub,30,1501254,6.14,Telecom,2,-61,62
VelocityGlobal,12,2431471,5.72,Hospitality,4,-100,45
VertexSystems,24,437200,14.34,Fintech,1,-19,86
HorizonZone,32,3652965,11.39,Healthcare,2,-38,64
HorizonNet,2,1824301,10.51,Consulting,1,-49,40
BeaconPoint,13,4103524,8.46,Hospitality,3,92,82
BeaconRetail,25,1608386,3.11,Food,5,-10,45
OrbitPoint,13,3888229,6.98,Ecommerce,4,-44,91
ZenLogics,15,3185336,1.9,Hospitality,5,-29,68
BeaconHealth,3,535288,17.93,Education,1,-38,65
ApexZone,21,1629590,13.82,Education,5,46,96
EverestEnergy,3,4102005,17.78,Healthcare,4,44,31
SummitSystems,5,1475024,16.05,Education,1,61,16
AuroraHub,18,2932291,11.78,Ecommerce,2,-2,56
HorizonDigital,31,161604,13.59,Logistics,5,-61,87
EverestHealth,6,1679514,3.05,Media,4,15,22
BeaconSystems,19,1363078,11.86,Manufacturing,2,4,78
PioneerWorks,28,3736375,17.25,IT,5,-77,39
PulseFoods,36,682839,18.07,Food,3,-30,95
VelocityEnergy,40,1230158,9.55,Fintech,1,-99,98
NimbusGlobal,22,4639474,7.89,Retail,4,-85,16
AtlasSystems,3,2409759,12.99,Energy,2,-4,62
VertexDigital,26,755184,18.98,Healthcare,5,-95,8
PrimeMedia,6,4106360,6.67,Logistics,3,-80,72
OrbitGlobal,38,4866775,9.45,Manufacturing,5,6,100
HorizonWorks,16,840753,14.35,Media,3,-3,71
EverestZone,15,1739462,0.36,Telecom,5,41,14
AuroraLink,2,4317265,3.93,Hospitality,4,-77,53
NimbusFoods,6,3442268,19.26,Tourism,1,47,75
PulseMedia,12,1192874,15.82,Hospitality,3,20,51
QuantumMedia,27,697982,19.43,Retail,4,-37,60
ApexTech,27,1017195,12.58,Hospitality,5,59,21
PrimeNet,34,4568194,1.85,Hospitality,4,-65,35
QuantumTravel,4,884820,10.22,Fintech,2,15,86
NexusWorks,35,1346083,8.82,Tourism,1,-90,98
EverestHub,33,3716789,4.31,Tourism,5,-92,75
ZenTech,12,3568986,15.3,Retail,1,11,20
RadiantZone,1,4288173,10.56,Logistics,5,-54,86
ApexWorks,32,1972166,7.15,Hospitality,2,28,11
NexusHealth,11,3016698,10.71,Food,3,-42,96
VelocityEnergy,11,3774023,11.64,Fintech,5,-12,99
FusionHub,26,807345,19.25,Education,2,34,8
RadiantDigital,37,1490539,12.45,Telecom,2,-23,44
SummitHealth,5,186572,19.93,Food,3,-44,49
NovaGlobal,3,1433924,16.59,Hospitality,2,-98,89
QuantumMedia,38,605658,2.1,Ecommerce,3,-97,10
ZenMedia,24,4220225,6.6,Food,1,52,38
ZenFoods,25,666504,19.13,Tourism,1,-24,33
SummitLink,12,196361,13.35,Logistics,5,83,29
FusionGlobal,36,777958,12.13,Education,4,-69,73
HorizonDigital,8,2624437,4.11,Media,2,37,26
SummitHealth,10,4448186,8.79,Consulting,5,51,31
VertexDigital,8,706739,19.36,Energy,5,-6,27
NexusEnergy,40,3182355,1.6,Healthcare,3,33,60
AuroraLabs,12,2771034,9.68,Logistics,5,-39,98
HorizonNet,5,4126125,16.49,Healthcare,2,71,52
PioneerLogics,22,2546805,12.73,Fintech,2,-59,85
SummitPoint,11,3114787,3.88,Energy,3,84,39
ZenFoods,4,2829372,11,Ecommerce,2,-16,73
NovaPoint,16,171743,2.42,IT,3,-12,76
AtlasPoint,9,3390731,0.86,Energy,3,-24,60
SummitSystems,26,269558,4.98,Retail,1,-57,32
QuantumLabs,18,1156876,2.31,Education,2,-85,94
NovaFoods,19,1327212,4.45,Manufacturing,3,-34,61
RadiantLogics,16,900145,7.58,Energy,5,-77,63
NexusEnergy,21,1511932,17.48,Logistics,4,33,63
FusionRetail,17,2996100,8.12,Fintech,2,-10,9
NimbusLogics,40,4760133,1.83,Food,2,-76,82
NovaLink,2,706310,2.04,Consulting,4,49,71
EverestGlobal,13,2103042,9.12,Telecom,4,-85,86
VertexLabs,16,1264427,3.33,Consulting,4,-60,11
PrimeEdge,9,3977518,1.37,Healthcare,2,48,4
NimbusRetail,24,3394414,15.71,Ecommerce,1,23,70
PioneerEdge,2,2626155,14.49,Retail,4,10,45
BeaconGlobal,2,1767243,6.11,Hospitality,1,74,0
RadiantNet,17,3976568,12.79,Media,4,-27,71
OrbitLink,21,934890,2.47,Logistics,5,-70,24
SummitMedia,20,3089731,4.6,Media,1,93,86
EverestCore,28,2296545,18.21,Fintech,1,-12,81
QuantumTravel,33,2692021,8.35,Logistics,5,-36,58
ZenDigital,11,2246417,7.76,Education,3,71,42
ApexEnergy,35,4926822,15.5,Logistics,3,-43,47
QuantumLabs,10,1870696,10.18,Tourism,5,13,19
HorizonSystems,4,4851306,19.51,Consulting,1,61,95
ZenNet,6,4609451,12.12,Telecom,3,-34,49
RadiantSystems,14,4189489,4.47,Logistics,3,64,15
RadiantEnergy,31,1742496,10.53,Healthcare,4,-47,62
HorizonGlobal,37,4468619,14.32,Energy,1,-68,91
EverestLabs,15,3023908,6.51,Energy,2,-36,32
RadiantWorks,19,2407312,11.1,Healthcare,5,30,67
BeaconHealth,33,4029481,0.2,Food,5,79,51
HorizonSystems,32,882952,15.52,Logistics,3,67,67
ApexNet,23,2209884,6.79,Logistics,4,-3,39
BeaconZone,9,840667,12.19,Healthcare,3,-34,32
PrimeSystems,28,1090391,1.32,Hospitality,3,-5,60
SummitEdge,16,220072,12.48,Consulting,3,-11,60
AtlasFoods,31,4746151,3.29,Hospitality,2,1,50
PrimeLabs,17,2681233,10.57,Manufacturing,4,-90,100
PioneerLink,4,2961876,6.59,Media,5,98,36
PulseMedia,34,1380226,18.81,Ecommerce,5,60,80
ZenLabs,14,2912300,2.7,Telecom,1,-42,57
RadiantWorks,6,1538550,1.54,Consulting,5,78,80
PioneerZone,24,2721018,9.24,Logistics,4,75,85
OrbitCore,4,1067791,5.72,Fintech,5,16,92
OrbitGlobal,1,1611174,16.32,Ecommerce,3,-54,80
SummitLogics,24,48195,8.61,Hospitality,5,44,25
NimbusLink,17,3219282,7.5,Fintech,1,-29,71
QuantumHealth,21,3280729,4.68,Food,5,-22,82
SummitRetail,13,992858,13.05,Food,4,-80,80
NovaNet,32,2079628,7.23,Hospitality,1,-29,69
OrbitLogics,1,1946071,10.81,Manufacturing,5,52,41
NimbusWorks,2,1933742,17.44,Media,2,12,15
VertexCore,24,1093896,11.93,Education,3,-64,25
FusionLogics,19,2755594,8.2,Energy,4,-36,30
PulseWorks,16,628554,16.23,Telecom,4,41,86
OrbitHub,38,2253759,12.32,Tourism,2,19,11
VertexZone,23,538720,5.39,Healthcare,2,-28,52
SummitDigital,15,792367,18.31,Media,5,66,10
PulseLabs,13,1678225,0.61,Fintech,3,-64,3
PioneerMedia,6,988452,13.39,Healthcare,5,-89,70
PioneerLogics,23,3717548,2.45,Education,2,35,3
AuroraLink,39,3953600,19.23,Retail,4,-71,11
PioneerEdge,17,1492130,15.66,Logistics,4,10,88
ApexSystems,14,3212265,6.7,Ecommerce,2,79,85
SummitLogics,28,956319,7.15,Ecommerce,2,-87,67
SummitSystems,7,4636432,6.02,IT,3,72,32
HorizonCore,25,4068845,4.25,Manufacturing,5,42,71
SummitCore,26,3212544,17.67,Healthcare,5,67,9
ZenHub,9,354979,0.54,Consulting,4,98,72
BeaconHealth,11,702142,9.08,Ecommerce,1,-71,38
QuantumRetail,40,3063626,15.89,Consulting,3,74,53
VertexLabs,21,4725274,3.22,Consulting,3,28,72
AuroraTech,32,4974254,6.58,Consulting,1,5,63
PioneerSystems,14,2244974,0.25,Healthcare,1,99,22
VertexSystems,20,1640615,11.96,Tourism,4,-41,84
AuroraHub,6,1284341,2.49,Energy,4,-6,57
VertexWorks,19,4178870,5.95,Telecom,3,-83,65
PulseMedia,38,4520542,15.38,Retail,5,93,41
VelocityLink,1,2019286,18.83,Telecom,4,90,62
NovaLink,26,4159796,5.03,Manufacturing,4,24,30
VelocityZone,11,3294828,10.11,Healthcare,5,-26,99
ZenWorks,14,1407676,4.7,Energy,3,86,34
FusionTech,6,2909496,11.53,Media,4,-22,81
FusionLabs,37,186257,0.12,Tourism,3,32,77
OrbitDigital,14,2965307,5.04,Tourism,5,-13,70
QuantumCore,10,1499035,13.8,Tourism,1,-49,43
HorizonLabs,12,4455735,18.74,IT,1,-16,20
VelocityEnergy,13,1499088,5.21,Hospitality,2,-16,84
FusionLink,30,4790282,2.46,Education,3,-27,0
PioneerZone,4,2414920,18.28,Healthcare,2,-76,79
FusionNet,39,1390219,17.85,Tourism,2,-45,52
VelocityHealth,27,851824,0.22,Consulting,5,-28,53
HorizonNet,13,4896487,7.06,Telecom,3,58,52
NimbusTravel,10,401080,16.91,Media,1,30,19
NimbusTravel,34,2749268,0.71,Education,5,-68,54
NovaLabs,19,2437973,11.71,Logistics,5,-31,21
PioneerGlobal,25,4702820,11.8,Food,3,-44,61
NimbusEdge,2,376590,2.94,Manufacturing,2,69,50
PioneerEnergy,22,3758098,5.19,Energy,2,3,32
EverestNet,38,2109462,5.61,Energy,1,58,85
PioneerLabs,31,98031,1.7,Healthcare,2,-6,19
ApexHealth,37,278827,0.88,Consulting,3,-94,86
AuroraNet,6,3111367,15.04,Logistics,1,-42,95
QuantumEdge,10,3323063,9.58,Fintech,1,-49,88
QuantumTech,30,1319656,1.84,Healthcare,1,92,85
PrimeLogics,19,3031587,9.81,Ecommerce,5,-36,3
AtlasTech,17,4977926,8.37,Healthcare,3,99,76
AuroraPoint,11,686952,6.49,Ecommerce,4,-94,74
AuroraHub,34,2263275,11.02,Energy,1,-9,29
SummitEnergy,22,3312919,18.27,Energy,1,-51,72
FusionNet,31,2494481,4.16,Tourism,2,24,71
OrbitPoint,5,3248822,1.45,Tourism,1,-100,66
BeaconHealth,13,1040628,4.52,Media,3,-40,9
NovaGlobal,20,193432,9.86,Logistics,4,-49,1
PrimePoint,8,1727432,9.73,Consulting,4,38,40
PulseFoods,11,3924786,6.62,Manufacturing,3,100,44
RadiantDigital,39,2495936,17.07,Education,2,79,6
VertexDigital,22,4987393,10.28,Food,3,-27,6
ZenLabs,12,4089859,3.54,Hospitality,3,-76,19
NimbusGlobal,14,725355,19.32,Media,5,47,89
PulseZone,36,2865646,17.94,Ecommerce,5,73,76
PioneerFoods,16,4555777,2.64,Logistics,4,-88,30
ZenPoint,5,2737811,7.73,Ecommerce,2,91,5
SummitNet,27,3621579,16.73,Fintech,4,-75,54
AuroraRetail,27,2952389,7.03,Healthcare,2,-91,10
AtlasFoods,22,2156146,0.52,Education,5,-46,79
FusionEnergy,5,2867707,13.22,Hospitality,1,86,37
ZenGlobal,25,1491943,16.18,Telecom,5,-60,72
AtlasDigital,13,1014544,0.95,Manufacturing,3,27,75
PrimeDigital,14,323320,11.6,Manufacturing,5,34,49
NovaZone,3,3849312,9.25,Media,4,81,53
PioneerSystems,3,1033231,6.7,Media,3,-99,66
HorizonHealth,6,1218170,1.92,Media,4,43,43
NovaTech,35,3497661,1.75,IT,4,-75,93
RadiantTech,6,2694114,12.2,Fintech,4,-66,26
EverestEnergy,15,4948062,9.93,Manufacturing,5,51,30
VelocityZone,29,1743095,1.51,Consulting,1,80,8
HorizonHealth,3,4338484,3.27,Education,3,-36,84
PioneerNet,17,1535444,15.99,Education,4,-93,39
QuantumTech,9,2185467,1.27,IT,1,-84,32
HorizonTravel,37,1611637,3.86,Healthcare,1,-37,62
FusionZone,1,1280273,4.07,Retail,1,35,21
BeaconTravel,18,3710652,8.77,Telecom,2,-93,46
PrimeTech,16,4404746,3.34,Energy,4,12,98
OrbitZone,25,1497466,8.86,Retail,3,-29,46
AuroraEnergy,27,1047132,3.61,Healthcare,1,40,87
QuantumMedia,10,466847,10.79,IT,5,-28,52
QuantumRetail,30,528649,13.07,Fintech,4,55,37
BeaconTech,15,4056304,11.35,Fintech,3,90,98
RadiantNet,5,3418423,19.15,Retail,3,-77,81
BeaconDigital,24,1965460,14.6,Tourism,3,-99,83
PrimeGlobal,36,4958536,5.32,Consulting,3,22,60
OrbitWorks,17,4561109,2.39,IT,2,86,13
QuantumFoods,34,1511612,9.45,Consulting,1,45,53
NimbusRetail,19,3120010,17.71,Media,1,89,69
ZenTech,1,4487097,19.04,Food,3,91,58
EverestCore,39,385099,17.01,Hospitality,3,-5,29
NovaGlobal,14,3946889,11.19,Tourism,3,14,21
ZenEnergy,24,4441640,1.25,Energy,5,13,72
EverestLabs,39,1732178,10.83,Telecom,2,10,89
BeaconWorks,11,4349604,0.46,Ecommerce,1,26,37
FusionEnergy,16,1115838,16.29,Energy,5,-77,79
VelocityLabs,35,2438767,18.23,Hospitality,1,-81,20
ZenTech,38,4288947,6.2,Manufacturing,1,12,39
ApexFoods,33,2982668,18.09,Ecommerce,4,-64,51
PulseZone,12,3967530,5.08,Fintech,1,-57,8
EverestFoods,27,2941759,3.44,Ecommerce,1,-17,28
QuantumHub,39,2437668,6.34,Energy,2,-82,71
SummitLabs,22,2194225,6.59,Education,3,-78,76
ApexNet,14,2872267,2.66,Logistics,4,-95,34
RadiantSystems,7,315369,8.3,Hospitality,1,9,52
EverestSystems,18,2423275,10.6,Media,4,21,29
FusionTravel,10,580727,2.19,Manufacturing,5,29,96
OrbitHub,11,4189043,11.45,Energy,5,-84,31
OrbitHub,12,2762179,6.76,Retail,4,81,71
PrimeLink,4,4451494,13.25,Education,5,-93,47
NimbusEdge,2,4244335,9.69,Energy,3,-41,2
ZenPoint,3,3271472,12.09,Energy,5,-59,67
VertexHealth,6,2697179,2.27,Consulting,1,85,80
EverestZone,29,2821321,9.48,IT,2,77,33
VelocityLogics,2,4607805,3.36,Energy,3,89,60
PrimeRetail,36,1582267,8.95,Telecom,1,56,14
NovaHub,8,83597,1.58,Food,1,64,34
ApexWorks,14,1781161,15.11,IT,2,59,21
OrbitEnergy,10,1010184,12.76,Ecommerce,3,-35,85
PioneerFoods,30,3377973,0.64,Consulting,5,83,94
NovaFoods,26,3942532,19.69,Healthcare,4,88,31
HorizonEnergy,23,4022955,6.15,Telecom,4,37,66
NexusLogics,33,3583969,2.17,Media,5,-75,12
VelocityHub,19,1622978,3.43,Ecommerce,5,0,42
HorizonEnergy,40,4723592,2.51,Logistics,4,85,38
EverestTravel,9,3837489,15.84,Education,4,96,73
ZenLink,30,3841640,10.07,Telecom,5,67,84
VelocityNet,1,3280025,8.72,Energy,1,40,97
NimbusLink,12,3439637,0.28,Retail,5,-9,53
OrbitNet,2,1298799,4.87,Media,4,-80,20
VelocityLink,6,4974503,14.37,Healthcare,2,94,51
OrbitEnergy,12,749497,5.35,Energy,1,58,9
FusionEdge,38,292256,0.38,Hospitality,2,-13,44
PrimeMedia,17,752535,4.35,Tourism,4,42,94
EverestLink,22,3835596,19.44,Fintech,1,75,24
BeaconFoods,35,1247932,19.62,Ecommerce,3,78,46
RadiantFoods,12,4405750,8.07,Energy,5,60,69
ApexTravel,2,819621,12.48,Retail,1,34,83
OrbitLink,31,1450329,18.57,Telecom,1,-70,50
VelocityPoint,31,520274,10.38,Energy,2,68,63
ApexZone,30,2471636,15.25,Manufacturing,1,54,22
VertexEnergy,8,1697457,12.17,Telecom,4,50,54
NovaZone,34,3712716,10.74,Energy,1,-10,57
AuroraLink,7,1670386,15.58,Tourism,1,82,83
BeaconTech,32,328645,8.89,Education,4,82,20
FusionDigital,40,4418200,14.97,Fintech,1,11,32
EverestHealth,26,1297074,15.72,Fintech,1,-5,0
BeaconNet,21,2661331,1.31,Logistics,1,-71,84
NexusZone,29,1355206,9.26,IT,4,-17,92
OrbitWorks,40,928250,3.53,Telecom,5,-78,90
HorizonZone,14,3934822,19.2,Food,1,11,18
PulseEnergy,9,3334428,14.25,Fintech,4,-100,25
PrimeFoods,6,1374218,8.32,Food,1,-12,38
HorizonTech,37,2242772,18.81,Telecom,5,-32,38
VelocitySystems,10,4641451,10.15,Food,3,-19,8
PulseLabs,6,174958,0.23,Healthcare,1,74,98
NimbusHub,21,2738765,3.21,Ecommerce,2,88,21
PioneerEdge,39,1253782,6.98,Ecommerce,3,76,45
VelocityTech,14,4469851,16.83,Ecommerce,3,30,6
AtlasTravel,17,284732,15.2,Energy,1,-82,52
RadiantZone,30,2343331,1.69,Fintech,4,-68,98
PrimeEdge,17,3621982,3.53,Ecommerce,1,-71,6
ApexTravel,9,3412463,16.35,Hospitality,4,-56,29
ApexPoint,28,1071872,17.08,Energy,3,5,57
NimbusEnergy,25,455835,7.17,Hospitality,4,-61,33
VertexTravel,20,3890908,1.65,Education,3,-100,95
QuantumWorks,33,2941266,4.2,Tourism,5,-46,16
NovaHealth,21,1019761,11.79,IT,3,-41,14
NexusMedia,22,4401338,4.53,Consulting,3,37,72
SummitTravel,10,4271228,11.13,Hospitality,3,87,32
AtlasCore,32,2538791,18.41,Logistics,4,-32,46
PulseCore,1,2731792,6.16,Healthcare,1,52,97
RadiantEdge,10,4471038,3.38,Retail,5,-95,99
AtlasSystems,38,2378939,3.6,Telecom,2,-90,88
VelocityDigital,5,718647,0.24,Ecommerce,2,78,49
AuroraSystems,6,4500110,4.65,Logistics,5,4,17
SummitNet,20,2511321,12.39,Ecommerce,5,-26,96
EverestMedia,11,2169435,1.91,Media,3,-21,14
NovaCore,33,3284547,1.47,Fintech,2,67,60
NexusFoods,30,3659433,10.42,Tourism,1,-11,29
PrimeTravel,14,4850349,8.59,Logistics,4,64,81
PrimeHub,38,927746,19.91,Education,4,35,38
VelocityTech,5,1731704,18.42,Healthcare,5,-42,19
ZenWorks,37,557604,14.24,Healthcare,4,-12,20
FusionLink,27,1334913,6.1,Healthcare,2,51,47
PrimeLogics,14,4131637,13.92,Manufacturing,3,-78,86
EverestRetail,14,2938085,9.91,Tourism,4,-20,93
SummitZone,16,2835750,0.27,Fintech,4,-30,88
PioneerMedia,2,25250,1.77,Energy,1,-17,30
ZenLink,12,4832259,5.6,Retail,3,2,53
BeaconEdge,1,1627789,6.14,Healthcare,5,-69,80
ApexTech,32,3743613,18.81,Retail,2,90,93
ZenMedia,40,971530,10.47,Hospitality,4,-30,41
AtlasTech,21,956807,11.91,Logistics,1,58,71
PrimeTech,3,2114356,7.71,Fintech,1,-78,33
RadiantLink,21,726242,10.16,Consulting,1,-39,42
FusionHealth,3,2937226,8.18,Retail,4,52,60
NovaEnergy,3,2249474,9.06,Fintech,5,-84,67
VertexHealth,10,2840855,15.7,Logistics,2,-26,62
BeaconTravel,21,4300145,10.14,Ecommerce,2,30,35
VelocityCore,29,1247452,5.07,Energy,4,-37,7
NimbusLabs,23,1755121,5.93,Tourism,3,73,75
PulseLabs,33,1919754,12.26,Ecommerce,2,33,74
VertexHealth,10,31061,2.27,Manufacturing,1,32,22
PrimeRetail,26,403953,2.1,Ecommerce,5,-23,65
PioneerSystems,31,2354217,19.62,Fintech,1,-30,12
ZenFoods,23,4478817,0.1,Healthcare,4,-55,90
ApexHub,2,1748495,8.96,Telecom,5,7,36
NexusEnergy,20,1616667,9.6,Healthcare,3,39,90
OrbitFoods,9,2804525,17.24,Tourism,5,46,24
NexusDigital,16,174036,7.38,Logistics,3,-88,18
VertexDigital,31,4639031,0.82,Ecommerce,5,79,97
NovaGlobal,6,3362971,7.05,Fintech,2,3,11
NexusEdge,14,2497053,5.84,Consulting,1,-71,2
AtlasTravel,6,3066572,17.84,Manufacturing,4,-86,73
AuroraCore,36,4785702,2.1,Media,1,-85,27
SummitPoint,23,1948755,0.55,IT,5,-63,76
VelocityTech,25,4194827,7.55,IT,4,82,95
OrbitDigital,1,914766,5.05,Hospitality,2,87,70
BeaconLogics,18,1261210,8.85,Telecom,1,87,10
QuantumWorks,1,2142130,16.57,Tourism,4,-81,39
NimbusLabs,34,3786420,9.61,Hospitality,4,-58,76
NovaTravel,13,4525610,13.15,Healthcare,4,-32,24
AuroraLogics,26,3370284,10.58,Fintech,4,26,79
PulseLink,30,549728,9.22,Manufacturing,3,97,74
ApexCore,5,892891,15.99,Media,4,10,62
OrbitLabs,23,223093,12.65,Energy,1,60,10
VelocityLogics,5,3858116,10.23,Media,4,-95,74
PrimeEnergy,5,2094615,5.54,Telecom,4,94,33
PrimeRetail,29,4348297,14.96,Retail,1,97,40
FusionCore,39,3360555,9.37,Hospitality,2,78,53
VelocityGlobal,27,4896390,7.44,Education,2,-57,5
ZenHealth,22,620747,9.87,IT,1,86,13
EverestFoods,34,1758184,14.78,Telecom,5,-85,86
AtlasCore,38,918526,5.56,Education,1,67,92
FusionPoint,21,4176624,13.65,Consulting,3,-50,98
PulseLink,6,4600297,7.82,Ecommerce,2,-24,100
HorizonGlobal,9,957553,18.64,Food,5,71,35
FusionGlobal,20,326326,15.17,Fintech,1,25,2
BeaconLabs,12,715297,15.41,Media,3,18,85
VertexCore,27,3253367,9.02,Energy,4,-39,98
SummitGlobal,37,2606950,14.97,Ecommerce,4,76,1
PrimeNet,38,4993932,13.44,Energy,3,82,21
ApexTravel,30,681760,17.85,Media,3,84,36
SummitGlobal,24,2202428,8.54,Food,4,-35,86
PulsePoint,11,2974501,5.68,Hospitality,5,36,36
NimbusLink,1,2604850,3,Media,5,-48,66
NovaDigital,27,113607,5.53,Hospitality,4,-28,100
AtlasGlobal,32,719859,8.24,Telecom,4,80,8
SummitDigital,24,279657,19.64,Food,2,86,8
PioneerLabs,11,1130202,8.09,Retail,3,-19,53
ApexHub,15,2552981,19.09,Ecommerce,4,43,99
OrbitLink,5,2210385,18.66,Food,1,9,84
VertexEnergy,31,2671021,15.95,Ecommerce,5,89,55
VertexNet,12,3782209,1.34,Consulting,1,-4,55
SummitZone,39,517748,4.52,Consulting,1,38,42
PioneerCore,4,3857346,16.42,Logistics,1,-59,8
FusionGlobal,22,941447,17.01,Ecommerce,1,59,20
AuroraDigital,15,2902393,11.51,IT,5,90,14
AuroraLink,7,869885,14.46,Fintech,3,-90,82
EverestLink,38,350055,17.98,Energy,2,-18,80
RadiantMedia,3,1394933,5.1,Telecom,5,23,14
ZenLabs,38,1240201,18.49,Logistics,1,-93,27
NovaZone,6,1906172,11.59,Logistics,5,54,21
RadiantLink,20,1959001,16.05,Education,3,65,17
EverestHealth,19,2695228,10.44,IT,3,-51,13
RadiantWorks,17,2623256,15.68,IT,1,47,0
EverestGlobal,17,3323818,1.5,Tourism,5,-89,88
VelocityGlobal,34,3525814,16.11,Healthcare,2,83,47
NimbusLink,26,3555210,16.21,Logistics,4,37,36
ApexMedia,21,3686293,12.01,Media,1,-70,28
OrbitSystems,4,4147442,19.18,Healthcare,5,0,60
QuantumEnergy,15,3467417,1.46,IT,3,38,98
PulseHub,38,417580,16.62,Fintech,4,-64,8
EverestLink,7,4660781,7.6,Education,1,45,21
SummitLink,5,1511791,9.83,Fintech,5,71,72
HorizonTravel,3,3534895,16.79,Retail,3,-75,55
VertexLink,2,2717938,11.28,Ecommerce,4,-72,62
OrbitLabs,37,4588118,9.67,Healthcare,4,96,100
NexusLink,2,1469277,5.17,Manufacturing,3,75,68
ApexLink,2,855996,0.52,Retail,1,87,80
VelocityHub,31,514262,1.32,Media,3,31,49
SummitWorks,28,2816343,0.61,Healthcare,2,93,2
OrbitHub,37,2235459,7.28,Healthcare,5,-13,93
OrbitZone,35,2718174,2.86,Media,5,24,3
OrbitPoint,9,3267945,19.88,Ecommerce,3,15,59
AuroraMedia,6,366829,9.11,Education,4,40,70
PulseHub,6,3691819,8.7,Tourism,2,-63,52
AuroraTech,17,4622678,1.8,Energy,1,-78,61
ApexDigital,23,2159207,19.37,Fintech,4,98,35
NimbusRetail,29,3139324,0.42,Food,4,-53,50
EverestWorks,31,3400452,16.11,Food,4,-31,15
AuroraNet,38,927988,17.58,Consulting,3,94,43
ApexMedia,13,1573929,5.38,IT,5,-29,49
HorizonDigital,26,4599078,19.9,Tourism,1,26,13
AuroraLogics,13,3070770,5.31,Hospitality,1,84,46
NexusNet,20,117287,7.42,Education,1,-77,37
SummitMedia,23,3245959,5.06,Manufacturing,4,-5,7
PioneerCore,24,1157244,15.8,Media,2,-16,19
ApexRetail,36,1974219,10.05,Fintech,5,86,22
QuantumWorks,12,665673,14.76,Logistics,3,-28,87
NexusFoods,1,370595,3.12,Manufacturing,3,3,52
BeaconMedia,17,180889,2.88,IT,1,30,70
RadiantNet,1,1895129,16.33,Energy,2,-62,48
NexusZone,28,3498323,14.51,Ecommerce,2,-17,74
NexusEdge,36,2927960,12.81,Energy,1,85,91
PulseFoods,21,697838,19.36,Consulting,5,-50,59
FusionEdge,40,3427883,14.41,Manufacturing,5,4,69
ZenLabs,11,3830589,7.45,Healthcare,1,20,72
VelocityGlobal,3,2551498,15.36,Retail,3,37,74
ZenNet,17,4644703,2.18,Hospitality,1,67,74
VertexSystems,28,4271082,0.71,Manufacturing,1,43,89
NimbusNet,29,4421965,14.28,Consulting,5,67,100
QuantumWorks,19,1977273,2.84,Logistics,4,-72,28
HorizonLogics,21,4463485,10.5,Telecom,2,-70,6
NexusCore,27,4232306,16.46,Hospitality,2,-99,35
SummitEnergy,30,3482135,0.27,Healthcare,3,-100,52
PioneerNet,15,1369209,0.71,Manufacturing,1,-6,3
AtlasPoint,24,3227242,5.21,Healthcare,2,61,78
ApexNet,36,4548018,17.89,Education,5,-60,37
PrimeLabs,30,1937498,17.57,Retail,2,29,35
PrimeLabs,25,1379820,10.46,Education,5,-18,22
RadiantRetail,34,57939,2.13,Education,3,-99,74
AtlasHealth,12,3251111,12.74,Tourism,5,72,36
SummitEdge,29,2475405,14.26,Tourism,4,-11,88
PrimeLabs,4,4076399,14.39,Hospitality,3,-23,44
PulseLogics,26,2373018,17.07,Consulting,1,45,47
NimbusTech,17,755944,14.4,Fintech,1,20,71
BeaconMedia,5,4509965,3.09,Energy,5,-66,42
RadiantLabs,20,4516745,15.07,Healthcare,2,53,33
ZenNet,18,586157,15.29,Ecommerce,4,89,6
NovaGlobal,16,4401485,5.19,Energy,3,-78,98
PioneerPoint,12,2153698,14.32,Telecom,4,26,14
BeaconDigital,22,4474294,10.51,Ecommerce,2,89,25
RadiantSystems,6,103240,3.16,Food,2,16,25
NovaPoint,23,1935174,9.12,Hospitality,2,-90,50
NimbusLogics,7,2461231,16.44,Ecommerce,2,0,69
AtlasSystems,16,4045695,13.33,Logistics,1,27,80
RadiantSystems,20,4334161,14.47,IT,4,0,41
QuantumFoods,14,4591427,18.23,Logistics,5,56,65
ApexHealth,14,736864,2.04,Consulting,4,-72,74
PrimeEdge,37,1953579,3.25,Ecommerce,4,2,77
HorizonEnergy,31,2044016,5.5,Telecom,5,-37,4
BeaconSystems,28,3924302,9.68,Healthcare,3,-53,67
PrimeHub,31,4266294,8.98,Ecommerce,5,11,61
HorizonNet,17,2853890,9.38,Healthcare,5,-9,96
RadiantMedia,7,513928,11.07,Retail,5,-96,35
ZenTech,40,3325459,2.66,Retail,2,39,29
AtlasWorks,22,3474426,15.6,Telecom,3,-80,95
RadiantEdge,40,1443990,7.92,Manufacturing,4,45,58
VertexLabs,18,2101874,9.58,Healthcare,3,-68,65
PrimeWorks,11,1075993,15.79,Telecom,2,38,78
AtlasRetail,8,2721072,11.72,Food,2,18,66
ApexHealth,36,2053301,6.82,Education,5,49,37
ZenLogics,9,3330985,11.59,Telecom,4,-78,45
VertexRetail,5,722477,11.86,Fintech,5,-6,91
ZenLink,17,2665349,10.93,Education,5,-90,25
OrbitTravel,39,1219240,14.62,Healthcare,1,77,95
NimbusZone,22,4486125,10.81,Media,1,-71,15
BeaconHub,8,4393655,10.26,Education,1,49,67
RadiantZone,27,1958397,9.39,Consulting,2,61,79
VelocityFoods,3,282970,17.74,IT,2,31,82
VelocityFoods,2,1272373,16.18,Education,1,66,71
AuroraGlobal,2,4160569,10.02,Logistics,1,6,84
AuroraEdge,3,4539786,14.83,Education,3,-55,20
NovaTravel,37,2622242,18.13,Tourism,3,68,78
PrimeLabs,31,4276614,7.3,Consulting,3,65,82
ZenLink,34,3540437,14.62,Ecommerce,2,-49,22
PulseMedia,16,4419723,7.32,Media,3,-85,58
OrbitTravel,15,4959818,10.66,Manufacturing,3,14,82
SummitDigital,39,143825,11.16,Education,5,2,66
QuantumNet,26,2283939,7.28,Retail,3,-76,24
PioneerLabs,30,4225495,4.48,Healthcare,2,-18,34
RadiantSystems,39,4168507,11.24,Food,5,-37,34
QuantumTravel,24,39429,15.47,Telecom,3,80,44
AtlasFoods,21,1679520,16.37,Energy,4,81,46
PioneerEdge,9,3652671,16.94,Education,1,-44,31
SummitNet,19,463653,6.57,Media,3,-46,86
NovaCore,31,1462835,18.78,Consulting,3,52,7
PulseSystems,13,142497,18.2,Healthcare,4,63,34
SummitPoint,6,243415,5.73,Healthcare,4,-71,43
PulseWorks,35,4949156,16.58,Tourism,4,-97,89
EverestLogics,1,3032620,4.53,Media,1,-52,41
QuantumEdge,34,126279,17.67,Tourism,1,0,27
ApexLink,33,2227536,9.89,Fintech,3,82,33
SummitHub,13,3548011,18.74,Retail,2,59,64
ZenHub,8,813971,1.9,IT,2,82,82
SummitNet,1,4158454,6.89,Healthcare,4,81,86
QuantumLink,23,3119873,10.37,Food,1,90,87
EverestEnergy,5,516715,10.3,Healthcare,1,-84,79
VelocityHealth,21,836634,12.06,Consulting,1,63,87
AuroraSystems,30,3628698,4.63,Manufacturing,2,-20,40
SummitEnergy,35,2204527,10.6,IT,1,3,96
ZenZone,30,383700,11.52,Retail,5,77,22
PrimeLabs,20,2411261,3.74,Healthcare,4,54,89
BeaconRetail,38,1136111,17.53,Logistics,5,46,25
AtlasSystems,38,1048792,13.72,IT,4,-55,60
HorizonEnergy,12,3565318,18.63,Retail,2,-66,42
NexusTech,36,3359246,18.46,IT,2,40,13
VertexDigital,23,1606576,8.19,Healthcare,1,65,10
BeaconEdge,1,1955938,18.17,Healthcare,5,-4,52
RadiantWorks,12,623772,19.72,Hospitality,4,68,88
RadiantNet,1,588452,11.82,Tourism,4,-94,99
AtlasLogics,16,3907374,2.06,Retail,4,24,94
AtlasDigital,5,1389021,1.09,Energy,5,-5,19
AuroraLabs,11,3801621,13.97,Retail,2,66,92
OrbitLink,22,4963698,7.82,Manufacturing,1,31,23
FusionDigital,36,1209885,10.02,Media,1,-91,52
PioneerGlobal,22,2060943,2.75,Tourism,1,-79,45
NovaDigital,19,2955831,19.27,Energy,3,3,72
FusionZone,16,2446544,3.96,Retail,1,84,65
FusionMedia,8,904163,5.83,Logistics,3,42,75
EverestNet,14,1967187,19.42,Media,1,-54,65
NovaLabs,10,1723707,0.48,Education,4,36,44
OrbitZone,12,2206136,4.62,IT,3,-24,51
SummitHub,14,1057167,17.12,Food,2,-99,50
ApexDigital,3,2362841,2.92,Healthcare,2,72,28
AuroraLink,27,3207377,2.56,Hospitality,2,24,92
VertexRetail,33,3088456,6.44,Hospitality,2,7,32
NimbusCore,31,2142452,7.5,Energy,3,10,53
OrbitPoint,21,1897494,19.57,Energy,2,93,12
AuroraEdge,35,4596546,13.63,Media,1,-2,86
HorizonTravel,33,435715,10.85,Consulting,3,-31,72
PioneerMedia,19,2016783,18.23,Healthcare,1,-50,42
EverestLabs,10,2304943,15.9,Education,2,-82,95
NovaEdge,28,4010579,8.59,Retail,4,85,22
AuroraCore,13,4516676,7,IT,1,-98,54
PulseMedia,5,4608151,13.44,Food,3,56,60
PrimeLogics,19,2422773,6.2,Healthcare,1,-48,9
AtlasRetail,36,923264,14.59,Education,1,-45,94
RadiantLabs,9,388421,18.04,IT,1,-48,34
BeaconZone,20,4563483,4.48,Media,2,13,22
ZenEdge,7,2415515,14.6,Energy,5,38,9
PulseGlobal,26,89789,6.2,Media,4,62,66
BeaconSystems,10,1601554,2.11,Consulting,5,-12,80
NovaTech,38,3301436,16.34,Retail,3,1,62
OrbitGlobal,40,4725133,0.86,Fintech,2,83,78
VelocityEdge,2,511149,16.75,Food,2,-52,87
NimbusLogics,23,2208241,8.85,Telecom,1,84,45
RadiantTech,27,1879311,12.57,Energy,5,-57,72
RadiantTech,34,3840675,13.64,Telecom,1,72,83
OrbitFoods,29,3882619,7.12,IT,2,-32,25
AuroraCore,25,3187373,12.17,Education,2,37,71
FusionDigital,37,2102118,19.96,Logistics,3,-60,27
NovaLink,17,2238775,16.48,Healthcare,5,59,23
FusionLabs,12,2585722,13.84,Fintech,4,-43,24
PioneerMedia,23,1493692,7.72,Energy,4,-17,99
PioneerRetail,7,2690452,0.53,Fintech,1,-85,31
OrbitEdge,37,2239663,18.24,Food,3,-69,80
AuroraTravel,5,188058,10.97,Manufacturing,5,-48,95
ZenHealth,12,1317526,5.49,Food,1,-84,6
PioneerMedia,20,1985134,12.59,Manufacturing,5,-80,15
VertexSystems,1,3483337,4.29,Energy,2,52,44
VertexHub,20,2490230,2.97,Food,4,-55,26
NovaTravel,12,1493947,4.46,Food,5,-12,28
NovaHub,12,3418644,13.33,Media,3,-29,1
ApexEdge,23,2833786,17.03,Logistics,2,-13,58
NovaWorks,23,3449307,10.94,Food,5,65,97
BeaconEnergy,36,373721,18.91,IT,4,-83,90
PulseFoods,36,4572471,13.66,Ecommerce,5,-58,19
BeaconLink,40,2766866,13.66,Media,3,-41,58
RadiantLogics,32,2008920,5.76,Healthcare,2,-90,94
FusionEnergy,23,438003,4.94,Fintech,1,47,96
VertexTech,22,3001235,7.54,Ecommerce,1,-3,5
RadiantNet,9,2878208,4.4,Manufacturing,3,28,42
VelocityCore,4,750998,14.55,Fintech,4,100,98
RadiantLogics,39,4749092,12.43,Fintech,3,46,68
OrbitGlobal,8,1614476,8.95,Consulting,3,60,26
RadiantEdge,11,4365056,6.46,Ecommerce,1,57,8
PrimeHealth,14,4212431,12.3,Education,4,17,93
SummitHealth,1,4240587,14.32,Media,2,22,28
OrbitLink,9,3292894,0.49,Consulting,1,88,2
PioneerCore,18,3622493,12.77,Retail,5,-72,54
ApexHub,34,4173650,13.51,Telecom,2,-83,22
FusionFoods,1,4474908,12.16,Education,3,-20,23
OrbitCore,15,2635111,9.15,Tourism,1,-98,4
NexusHealth,12,215407,18.31,Manufacturing,5,79,55
NexusNet,21,4680048,17.24,Hospitality,5,37,83
NexusHub,8,1131876,18.69,Healthcare,1,16,17
EverestRetail,28,4043464,10.33,Logistics,4,-56,39
SummitTech,29,1823192,1.02,Tourism,4,55,81
PulseMedia,24,2841783,7.36,Fintech,1,66,15
BeaconLink,21,3300788,16.15,Education,1,50,75
PrimeHealth,6,3735981,11.07,Telecom,4,12,87
BeaconZone,26,4830419,9.8,Hospitality,5,23,0
AtlasPoint,9,2638710,6.61,Food,4,86,65
QuantumRetail,2,3583570,8.29,Tourism,1,99,96
EverestFoods,11,2517127,6.06,Retail,4,-56,33
QuantumCore,14,4223417,15.78,Logistics,5,90,59
AuroraCore,37,1055374,8.76,Telecom,1,30,45
NexusTech,35,3964501,1.53,Manufacturing,4,32,19
NimbusPoint,2,1177399,9.55,Media,1,32,58
NexusCore,20,1782787,5.05,Consulting,4,-42,34
ApexWorks,24,3166821,14.54,Education,5,49,9
PioneerHealth,12,3128467,18.91,Education,1,-10,9
EverestEdge,36,4237502,16.94,Telecom,4,-22,58
SummitLink,34,252554,14.75,Healthcare,5,-78,23
HorizonGlobal,5,3747321,18.5,Food,5,56,29
ApexEnergy,23,1385734,14.25,Food,2,-70,15
PrimeFoods,21,2386029,2.1,Tourism,5,-43,5
RadiantWorks,32,3998547,2.18,Consulting,2,27,4
ApexHub,38,1916137,18.63,Retail,3,66,68
AuroraTravel,3,56342,10.16,Consulting,5,26,47
NimbusTech,19,491685,18.86,Retail,4,-53,83
NexusMedia,11,4184595,5.81,IT,3,82,81
ApexHealth,1,2702982,19.21,Food,3,63,81
AuroraHub,35,3663118,3.27,Ecommerce,2,58,80
PioneerZone,23,1744005,7.66,Logistics,5,83,22
RadiantLabs,14,2429807,16.1,Media,4,18,99
PrimeRetail,6,2775486,7.3,Fintech,5,48,39
NexusWorks,34,1227149,10.91,Ecommerce,3,-50,53
VelocityTech,12,1993204,10.89,Education,5,-29,41
BeaconHealth,39,1834388,12.89,IT,1,-4,0
AuroraRetail,16,3335320,4.96,Logistics,2,-25,13
EverestMedia,6,3101729,5.12,Manufacturing,4,-54,70
FusionTravel,35,2760069,13.39,Manufacturing,1,-68,37
PulseLink,33,1880248,18.04,Retail,5,-25,100
PrimeEdge,17,990574,11.63,Healthcare,1,49,93
NovaGlobal,17,4691421,3.36,Healthcare,1,-67,76
VelocityCore,11,830651,14.96,Fintech,4,-65,100
PioneerNet,6,2882440,9.2,Hospitality,1,-24,30
NimbusHealth,8,2844898,4.66,IT,4,-18,71
HorizonNet,8,2099686,0.4,Energy,4,-4,90
AtlasLink,33,4553124,16.72,Hospitality,4,-20,72
AtlasLogics,13,3846490,5.71,Logistics,1,-92,69
AuroraHealth,17,1097087,8.58,Healthcare,5,-41,28
ApexGlobal,14,2350710,8.78,Tourism,5,-16,58
VelocityLogics,5,3570028,1.49,IT,1,-93,48
NimbusHealth,35,3966775,6.25,Hospitality,4,54,82
PulseDigital,34,3453716,17.02,Media,1,-30,10
ZenZone,6,790505,17.35,Retail,5,72,59
HorizonGlobal,39,2257645,15.96,Retail,3,-10,10
EverestHub,26,2386932,13.93,Consulting,5,47,6
VelocityDigital,21,3600991,14.17,Food,3,-68,96
VelocityZone,17,2384176,19.28,Logistics,2,33,13
RadiantGlobal,2,596752,0.78,Hospitality,1,37,71
NexusPoint,5,3830937,4.38,Telecom,1,-42,94
NexusLabs,34,3249620,9.83,Tourism,2,-20,91
QuantumMedia,4,4688054,12.11,Media,1,19,96
RadiantTech,1,2860794,14.01,Media,2,0,66
NexusMedia,9,3470357,19.06,Fintech,4,-45,37
SummitHealth,23,4512252,17.16,Media,1,-37,95
ApexZone,14,2576206,6.03,Education,4,-19,88
RadiantEnergy,28,2843825,14.1,Education,4,59,86
HorizonLogics,18,1846748,4.28,Tourism,2,57,54
AuroraEnergy,23,627458,6.52,IT,3,7,61
BeaconZone,31,4507735,4.81,Ecommerce,3,0,38
ApexTech,2,3884433,14.63,Telecom,5,83,68
OrbitHub,6,3921499,2.08,Ecommerce,3,-1,61
FusionCore,23,4814922,9.4,Energy,4,-65,77
VelocityPoint,38,2945146,15.61,Fintech,5,4,19
AtlasHealth,22,3113640,4.04,Media,2,-26,62
NovaCore,16,2523045,15.36,Consulting,3,-24,44
HorizonHub,17,2025417,13.99,Telecom,2,-4,35
SummitHealth,22,3478587,5.85,Education,1,-24,90
RadiantHub,24,4991939,10.49,IT,4,-52,23
AuroraFoods,19,2657851,10.46,Consulting,3,82,64
PioneerEnergy,15,4703204,3.18,Telecom,2,-50,11
QuantumTech,24,242302,14.7,Tourism,1,40,0
EverestLogics,12,1224223,1.55,Hospitality,3,3,45
FusionWorks,8,1580785,14.95,Tourism,2,90,2
ApexTravel,35,2258825,18.15,Media,5,76,35
QuantumEdge,3,380107,18.21,IT,3,-90,91
VelocityNet,9,3823191,19.35,Food,1,59,89
AtlasLink,37,719005,2.38,Education,4,100,45
RadiantRetail,14,2458981,1.2,Media,3,-46,50
ApexCore,12,3033334,3.04,Media,4,-50,88
PioneerLogics,19,2142895,8.47,Logistics,4,91,86
EverestCore,17,3327284,3.74,Consulting,3,-27,22
PrimeWorks,24,118255,2.87,Healthcare,1,-34,72
AuroraSystems,35,4743315,14.08,Manufacturing,5,71,9
HorizonSystems,27,2373563,12.92,Telecom,5,13,54
BeaconRetail,26,4443765,4.78,Hospitality,2,43,45
PioneerLogics,19,4877198,13.32,Retail,2,5,47
PrimeMedia,19,290524,17.01,Fintech,3,54,84
FusionNet,8,2804759,13.71,IT,1,8,90
PioneerFoods,17,3910862,18.4,Consulting,1,68,66
PrimeWorks,17,2063389,4.57,Healthcare,3,36,89
PulseDigital,36,2981099,16.72,Logistics,1,6,95
HorizonLink,8,1511714,3.39,Hospitality,3,-99,54
RadiantRetail,29,2788305,15.37,IT,4,46,48
PulseRetail,17,4148237,18.32,Media,5,77,33
QuantumLabs,14,4673665,2.19,Food,3,40,10
NimbusRetail,19,1737681,6.4,Retail,2,56,84
PulseRetail,17,196320,14.42,Media,1,50,85
EverestPoint,8,4922376,19.76,Media,2,-2,48
NexusTech,18,4572059,10.36,Manufacturing,1,-53,95
QuantumLabs,22,3913235,1.03,Ecommerce,4,-87,68
VertexHub,39,18159,11.87,Energy,3,51,25
OrbitDigital,23,1794350,15.37,Hospitality,2,77,30
EverestFoods,27,3163529,4.42,Education,5,81,83
HorizonLabs,12,3587583,3.15,IT,2,-99,85
AuroraTravel,22,3214588,19.08,Consulting,1,100,67
NimbusHealth,22,2213968,17.06,Energy,4,-54,66
BeaconTech,40,3567890,19.04,Consulting,2,-42,62
NexusNet,35,1384030,17.28,Telecom,2,-75,83
NexusTech,14,3917789,6.02,Retail,1,-12,6
SummitDigital,32,3882867,19.85,Manufacturing,2,88,17
FusionFoods,13,2101679,11.82,Education,1,-48,71
OrbitLabs,11,3277421,17.04,Media,2,38,8
RadiantNet,27,2501374,12.25,Retail,4,-96,28
NovaTravel,15,3105072,12.38,Manufacturing,3,27,99
NovaCore,20,973079,16.93,Media,1,-41,10
PioneerLabs,29,2333925,2.5,Manufacturing,4,-45,37
HorizonLabs,3,2065212,19.28,Logistics,4,-10,19
ApexLabs,1,4963164,8.33,Tourism,3,-54,8
QuantumFoods,39,756994,14.77,Telecom,3,15,39
ApexDigital,4,4511430,19.19,Media,3,-36,12
NexusPoint,5,2913310,3.09,Hospitality,3,-22,69
ZenMedia,18,481926,18.19,Food,2,37,100
RadiantEnergy,40,3652483,16.47,Consulting,2,-54,10
VelocityWorks,34,3709285,6.17,IT,1,62,36
AuroraLabs,31,2958325,17.66,Tourism,1,-67,0
PrimeWorks,27,2007364,19.07,Tourism,1,-76,23
QuantumTravel,21,214418,8.15,Telecom,1,43,46
NimbusFoods,19,2927762,8.38,Food,1,85,97
AuroraLink,40,1959196,18,Fintech,5,-93,13
NexusWorks,12,1172347,3.47,Logistics,4,65,96
ZenHub,6,2874364,14.19,Ecommerce,4,-20,38
QuantumMedia,24,2717987,1.18,Manufacturing,3,77,88
BeaconSystems,1,710903,7.5,Tourism,2,-64,45
AuroraRetail,35,1033556,11.85,Education,1,-7,84
EverestNet,3,985604,10.33,Consulting,5,-60,60
HorizonLink,15,4255522,15.28,IT,4,29,1
SummitZone,32,1849052,17.62,Ecommerce,1,-99,87
NovaGlobal,22,161130,3.27,Telecom,1,-79,59
VelocityZone,25,4269702,12.78,Telecom,4,46,65
EverestDigital,35,271938,3.6,Telecom,3,19,10
AtlasEdge,9,2658724,17.79,Ecommerce,5,55,27
VelocityEdge,24,2517993,6.74,Media,1,25,55
BeaconLogics,19,151958,16.08,Tourism,3,-16,4
NexusLogics,5,3827547,4.08,Retail,4,-1,2
PioneerEdge,28,3581860,18.43,Logistics,2,44,64
EverestNet,20,2485189,2.52,Retail,4,51,9
NovaHealth,18,3867816,4.48,Consulting,1,53,16
VelocityTravel,17,845403,6.33,Hospitality,3,-79,18
PrimeZone,16,3303954,13.69,Tourism,3,-74,3
NimbusWorks,22,3402009,18.55,Consulting,4,80,67
EverestTech,23,3887453,5.24,Consulting,5,95,54
BeaconDigital,4,4892112,3.89,Fintech,4,-26,74
QuantumRetail,9,3516002,8.85,Logistics,1,-2,74
VelocityCore,24,2581090,15.9,Hospitality,2,-27,72
NimbusGlobal,4,4425676,5.63,Media,4,11,16
ApexDigital,33,955169,4.08,Energy,5,-96,88
PioneerNet,4,4193672,12.04,Fintech,2,-10,7
NimbusPoint,7,4151521,18.79,Ecommerce,5,-8,97
QuantumEdge,36,2996884,12.2,Education,5,56,45
EverestHealth,3,3234779,18.04,Logistics,1,-95,89
BeaconHub,10,4313359,17.51,Energy,2,42,67
NimbusZone,9,496026,4.74,Hospitality,1,-45,49
NexusFoods,38,4091491,11.18,Ecommerce,1,52,19
AtlasCore,39,2847498,8.56,Media,5,5,59
EverestTech,26,1115828,14.2,Fintech,5,-40,47
FusionLogics,5,140101,7.33,Manufacturing,3,-5,3
AuroraLogics,6,4407682,12.49,Media,3,38,3
VertexEdge,39,672436,16.69,Healthcare,3,-9,38
AtlasCore,40,187317,16.91,Ecommerce,4,48,43
HorizonTech,7,3861779,3.81,Fintech,3,57,79
AuroraCore,6,1262019,15.85,Media,3,-40,55
HorizonNet,27,4314549,9.88,Telecom,1,18,19
SummitFoods,37,2184085,3.94,Logistics,5,29,65
AtlasTravel,33,2887583,17.42,Media,2,-53,74
ApexRetail,12,243856,8.94,Manufacturing,4,59,12
HorizonLogics,13,751686,18.59,Food,3,34,96
NovaPoint,2,3523305,2.72,Media,4,9,84
FusionEnergy,3,1104434,12.22,Healthcare,5,24,78
NimbusHealth,26,4257737,3.16,Manufacturing,2,10,18
RadiantMedia,19,267761,4.65,Manufacturing,4,26,41
ZenEnergy,39,3088211,7.76,Retail,3,86,76
SummitLabs,14,2791327,4.77,IT,4,-70,29
AuroraHub,8,3893046,12.93,Ecommerce,4,65,72
OrbitLabs,19,3207268,19.22,Ecommerce,2,-37,85
SummitLogics,29,1221062,8.39,Telecom,3,70,69
VelocityRetail,11,2365635,3.74,IT,4,-6,68
RadiantGlobal,20,2125354,7.21,Energy,5,-76,92
VertexWorks,6,2712078,8.35,Fintech,3,-62,69
NimbusLabs,12,1098311,10.56,Ecommerce,2,-61,14
AuroraEnergy,22,2976353,11.47,Healthcare,5,-25,91
EverestHealth,4,1584880,4.38,Consulting,3,-34,61
VertexSystems,28,4262897,12.01,IT,3,-83,41
PioneerFoods,25,768400,11.12,IT,3,98,41
ZenDigital,31,1493404,4.97,Education,2,74,55
NovaNet,6,2253441,10.43,Healthcare,2,-60,96
QuantumCore,30,307868,11.6,Hospitality,4,-6,74
BeaconCore,37,4913099,5.09,Logistics,1,-96,86
BeaconEdge,16,2930960,17.1,Fintech,2,-54,47
NovaMedia,11,1166994,0.61,Healthcare,1,22,9
PioneerHub,30,2897404,17.12,Food,3,46,49
VelocityEnergy,36,1629111,1.45,Fintech,1,-7,25
FusionCore,13,4742720,14,Hospitality,1,-78,73
AuroraDigital,26,2915266,17.03,Education,5,-94,26
PrimeSystems,34,2256266,13.81,Ecommerce,4,-29,21
OrbitEdge,31,3270919,0.26,Tourism,3,-23,12
VertexDigital,30,2174844,19.68,Education,3,-78,74
PioneerTech,12,3793998,19,Consulting,4,-85,55
SummitTravel,27,1598342,16.15,Logistics,4,-13,64
AuroraTech,26,2118411,13.32,Manufacturing,3,77,95
QuantumFoods,6,1939651,15.49,Consulting,2,-77,99
ZenZone,7,3905286,9.96,Media,3,5,58
NimbusHealth,37,3511863,9.47,IT,4,-77,59
ZenEnergy,8,1944846,3.14,Manufacturing,4,58,34
PioneerLogics,10,3927856,18.58,Retail,1,-15,54
QuantumGlobal,25,4439897,0.81,Logistics,3,47,82
ZenNet,23,4293114,19.35,Logistics,2,22,26
VertexGlobal,14,4684517,0.5,Food,3,-44,43
BeaconLabs,33,1626576,16.87,Food,5,-20,62
HorizonPoint,40,1728754,14.88,Energy,4,-12,4
AtlasEnergy,25,90145,1.63,Hospitality,5,93,6
NimbusTravel,39,4290035,16.8,Healthcare,3,-37,46
OrbitEdge,35,3772880,3.47,Retail,3,30,72
FusionHealth,10,1722833,10.25,Food,4,-12,97
ZenGlobal,2,2921212,8.71,Energy,5,-97,18
PrimeSystems,31,1412780,5.41,Telecom,2,-92,98
ZenLabs,2,3153157,11.02,Logistics,2,90,61
BeaconEnergy,36,2056211,8.42,Fintech,5,-80,0
VelocityHealth,36,1580904,13.39,Energy,5,-31,31
NimbusLogics,13,510313,18.11,Retail,5,-69,68
ZenPoint,9,1230443,1.84,Tourism,2,-70,90
VertexGlobal,3,806350,0.19,Media,5,92,52
FusionLabs,24,1764288,9.04,Healthcare,1,-48,32
AuroraEnergy,11,3866186,4.09,Food,5,86,16
OrbitHub,5,3430537,10.41,Education,1,-31,44
EverestSystems,11,1906101,4.42,IT,1,-29,53
EverestGlobal,38,548880,15.83,Telecom,3,98,91
AuroraNet,34,19899,10.75,Fintech,3,-93,92
ZenGlobal,33,1037251,9.57,Ecommerce,5,-21,41
PioneerRetail,35,1583952,1.3,Tourism,3,-93,88
SummitMedia,6,4113788,8.82,Manufacturing,3,6,83
EverestLink,22,3286819,5.18,Food,4,-28,17
ZenHub,36,66977,8.61,Ecommerce,1,13,70
EverestLink,17,4420900,14.84,Retail,4,-45,56
NovaLabs,30,2863624,3.9,Ecommerce,4,74,96
NimbusEdge,26,3532134,11.44,Education,1,32,32
NimbusHub,5,3837926,1.96,Telecom,4,15,91
RadiantLogics,39,1278550,5.17,Retail,4,-3,32
HorizonEdge,26,4196269,16.22,Logistics,5,-59,22
ZenSystems,14,2545736,1.64,Food,5,-59,99
PulseCore,3,3921920,9.36,Consulting,1,17,97
BeaconGlobal,19,2004991,17.94,Retail,5,60,9
RadiantGlobal,26,2950317,8.07,Telecom,1,2,35
PulseTravel,20,4412416,3.51,Healthcare,1,22,50
FusionSystems,25,3281947,11.88,Logistics,2,24,6
HorizonCore,35,2529224,4.09,Hospitality,3,28,28
NimbusRetail,40,2241307,8.45,Ecommerce,3,-73,89
PioneerLabs,21,1907991,19.28,Media,1,-77,99
AtlasDigital,26,2161659,18.79,Education,1,-41,79
NovaLabs,1,48845,12.03,Media,4,-91,47
PioneerMedia,9,2707180,4.92,Telecom,3,22,42
NovaFoods,3,2804447,12.75,Education,5,-15,75
NexusWorks,8,2891670,12.36,Fintech,1,30,69
ApexGlobal,17,2301119,19.87,Food,3,-24,54
ApexLink,15,3570665,7.77,Food,5,67,15
PrimeDigital,13,459050,10.07,Energy,3,-76,82
ZenTech,29,1056723,4.74,Media,1,69,74
ZenCore,2,3996957,7.95,Media,1,-61,93
ZenRetail,25,102547,12.24,Education,3,51,50
VertexZone,40,864113,9.97,Manufacturing,4,79,71
AtlasTech,6,3230920,19.29,Media,5,-16,30
AtlasRetail,22,2738282,9.22,Fintech,2,39,93
FusionDigital,16,568820,17.57,Media,5,36,70
EverestEnergy,39,630752,18.86,IT,4,-14,51
HorizonNet,37,2327931,8.02,Education,1,32,88
QuantumDigital,37,1818462,7.37,Telecom,4,8,82
OrbitZone,7,595745,15.78,Tourism,4,65,57
ApexRetail,11,1390262,7.39,Ecommerce,1,34,25
BeaconFoods,17,925369,14.64,Fintech,4,11,18
PioneerEdge,29,1442456,14.14,Healthcare,4,15,43
SummitDigital,30,2930339,17.85,Telecom,1,93,3
ZenPoint,2,2598252,8.67,Healthcare,3,-60,28
ApexZone,31,605943,6.95,Telecom,5,-70,86
PioneerSystems,3,1334889,2.79,Food,4,0,29
PrimeHealth,24,2198251,3.43,Manufacturing,3,-96,11
ApexHealth,23,2099071,8.12,Manufacturing,3,46,87
SummitSystems,40,786530,2.9,Ecommerce,1,-66,93
ApexPoint,12,1726760,13.92,Tourism,4,18,55
VertexPoint,28,1961131,7.6,Manufacturing,5,-1,67
VelocityNet,24,519526,3,Consulting,5,-42,32
EverestGlobal,38,3782608,13.08,Media,1,-49,24
AtlasCore,2,972768,1.68,Tourism,1,22,61
HorizonDigital,29,1593601,9.87,Media,5,-1,18
OrbitNet,8,1868275,14.97,Tourism,2,-58,41
QuantumFoods,38,4975176,1.44,Energy,4,99,17
VelocityHealth,7,3039891,4.85,Energy,1,99,23
BeaconHealth,16,1091375,3.72,Fintech,4,-22,49
PrimeRetail,24,3937180,11.27,Media,2,64,47
HorizonLabs,20,2768543,4.17,IT,1,58,94
PrimeLink,14,310768,17.41,Education,2,-96,91
OrbitHealth,15,2010511,19.36,Retail,1,65,72
VelocityCore,17,1356144,7.83,IT,1,23,66
OrbitFoods,39,1621473,10.15,Fintech,4,74,37
FusionTravel,28,3991506,10.08,Retail,4,1,76
AuroraHub,25,658800,4.22,IT,5,14,86
PulseLabs,7,1562740,14.42,Ecommerce,1,-49,7
QuantumDigital,16,701243,4.11,Fintech,5,23,22
AuroraZone,11,2448710,7.44,Education,1,-99,17
EverestTravel,36,3816931,0.44,Telecom,3,-75,28
FusionGlobal,37,4985792,7.71,Consulting,4,-62,52
NovaZone,2,664910,13.3,Fintech,4,12,1
PrimeZone,20,2584547,1.37,Manufacturing,2,27,66
NimbusHub,32,2369153,12.47,Hospitality,1,10,28
NimbusLink,7,2599622,8.26,Education,2,-60,47
RadiantGlobal,14,2153877,6.44,Logistics,1,-45,62
AuroraTech,29,4271161,2.78,Food,1,46,97
EverestHealth,40,4897929,9.99,Healthcare,3,-34,19
PrimeHub,13,2755656,13.39,Logistics,4,-60,52
EverestTravel,35,4421332,0.82,Food,3,87,76
VertexPoint,9,806718,7.72,Media,4,-40,82
BeaconTech,14,1244359,4.31,Retail,5,-20,99
PrimeHealth,34,1226255,5.83,IT,4,-15,97
PioneerLabs,38,2039555,6.73,Consulting,5,-20,63
VelocityLogics,17,2247401,9.02,Media,1,47,58
SummitPoint,9,2181267,18.87,Energy,4,-44,75
HorizonPoint,5,3890085,17.83,Tourism,3,-44,3
PioneerFoods,27,3919871,18.26,Consulting,3,-41,68
PulseMedia,7,1479419,8.47,Education,2,19,52
NimbusCore,25,3630377,14.84,Retail,5,62,48
RadiantMedia,3,3239032,7.87,Ecommerce,5,89,44
FusionFoods,25,1720012,0.74,Healthcare,5,93,0
BeaconLogics,24,2812021,19.26,Retail,5,-62,60
EverestLogics,23,3955516,1.15,Food,3,51,39
AtlasLink,29,2161041,8.64,Food,5,-27,27
NovaTravel,40,2491108,10.01,Tourism,4,-11,96
PulseGlobal,7,2973966,2,Media,1,15,9
PrimePoint,22,1454877,19.02,Consulting,4,-29,18
VelocityEnergy,31,173055,19.39,Food,3,-74,62
ApexPoint,33,509843,15.13,Food,3,41,59
VertexCore,30,771987,3.42,Ecommerce,1,63,41
FusionLink,7,3883315,6.24,Manufacturing,2,-12,49
ApexEdge,20,2387868,0.7,Education,3,94,94
ZenNet,27,3482885,1.64,Energy,5,-22,54
FusionEdge,31,4860267,6.27,Energy,2,97,84
FusionZone,37,3212858,9.26,IT,4,42,80
RadiantEnergy,2,792301,7.26,Healthcare,5,-72,95
BeaconEdge,15,685184,15.5,Ecommerce,3,6,42
PrimeNet,32,3737587,12.96,Logistics,2,-52,89
VelocityRetail,17,55782,2.83,Food,1,78,42
NovaLabs,8,898361,2.37,Media,5,39,61
FusionWorks,14,2778555,11.62,Telecom,2,20,89
VelocityPoint,27,2267456,4.25,Food,3,-61,26
FusionDigital,3,465958,16.61,IT,4,-9,67
FusionLink,18,2561292,7.12,Energy,2,37,51
SummitSystems,9,3678231,14.75,Retail,5,98,83
NimbusNet,15,4326202,17.63,Healthcare,4,33,44
RadiantRetail,2,192166,9.38,IT,1,50,10
NimbusGlobal,11,1590111,7.57,Consulting,5,-13,9
NexusEnergy,28,2520194,17.38,Education,3,-44,25
RadiantLink,6,556989,2.98,Hospitality,2,-60,80
PulseCore,16,2795527,17.27,Consulting,3,-52,34
PioneerLink,36,3606828,15.76,Tourism,5,-14,93
SummitLabs,5,1593128,11.39,Energy,3,74,52
VelocityEnergy,40,838646,0.75,Food,4,-85,43
PrimePoint,20,781720,2.77,IT,3,-75,25
BeaconTravel,15,1524078,8.62,Consulting,2,17,35
QuantumSystems,9,2295887,6.03,Retail,3,69,29
PulseTech,3,2179688,12.43,Retail,2,59,15
PulseEnergy,2,3633036,13.49,Retail,3,91,76
PrimeNet,33,2598008,18.25,Telecom,1,94,34
PioneerLabs,26,4606100,9.46,Energy,1,-70,37
ZenWorks,16,1724448,5.11,Food,1,14,29
ZenSystems,24,1860024,15.89,Consulting,4,-55,100
AtlasLogics,12,2723174,18.72,Telecom,4,-60,5
HorizonTech,4,2971162,13.42,IT,5,-66,84
PioneerNet,4,1636129,11.94,Healthcare,3,98,73
ZenEdge,13,3364401,4.24,IT,5,25,1
FusionHub,28,1205251,13.72,Consulting,5,85,27
AtlasWorks,9,2631900,8.8,Manufacturing,4,-17,40
RadiantGlobal,12,604653,10.48,Energy,2,-58,9
SummitDigital,5,500550,6.51,Consulting,5,-36,3
EverestRetail,29,2517116,1.24,Food,2,-23,93
AtlasPoint,21,1371474,6.24,IT,5,91,43
EverestNet,14,982894,7.31,IT,4,65,7
VertexGlobal,4,1256418,9.02,Hospitality,5,-52,66
PrimeSystems,18,2112632,11.82,Hospitality,5,-47,90
PioneerDigital,3,4195158,15.54,Ecommerce,4,8,41
EverestEdge,9,559884,5.82,Manufacturing,2,-6,3
PulseFoods,31,4109280,5.46,IT,3,79,14
NovaLogics,25,1082919,5.72,Healthcare,3,7,73
QuantumEdge,11,4570908,3.27,Tourism,3,38,39
SummitDigital,29,4214241,1.83,Tourism,2,-58,64
VelocityZone,26,260297,0.81,Consulting,3,39,16
NexusRetail,15,2143720,6.16,Fintech,3,29,91
SummitTech,3,1297187,10.16,Ecommerce,4,35,31
RadiantGlobal,25,1354269,19.18,Manufacturing,4,52,63
OrbitLabs,28,4221260,6.98,Healthcare,2,-90,91
QuantumTech,16,4380382,8.53,Retail,2,-49,43
SummitHub,7,4212495,11,Energy,2,36,83
AtlasGlobal,20,1682202,0.14,Manufacturing,3,-3,85
RadiantLabs,13,713916,7.8,Education,2,77,49
AtlasDigital,31,1771837,17.06,Food,5,81,48
PioneerEdge,36,4687936,11.8,Energy,2,25,85
NexusCore,11,1018887,10.46,IT,2,-10,25
SummitEnergy,24,4750476,4.06,Hospitality,1,30,17
NimbusEdge,27,564548,13.69,Telecom,4,91,41
PulseEdge,23,2471997,5.73,Healthcare,4,-76,8
PrimeDigital,23,3767545,0.37,IT,1,71,24
AuroraGlobal,8,3159978,17.93,Ecommerce,1,49,98
ZenMedia,34,2908604,11.65,Media,5,-29,74
FusionFoods,11,2733057,1.28,Tourism,5,-16,54
NovaSystems,32,3783640,0.81,Tourism,3,-75,20
NimbusEnergy,15,3411200,4.45,Manufacturing,3,-63,42
RadiantSystems,9,4360080,14.42,Tourism,1,-36,12
EverestRetail,24,2496494,12.39,Telecom,5,-58,98
NovaDigital,40,2713226,2.22,Fintech,1,5,75
NimbusLabs,9,828893,2.7,Healthcare,2,-40,78
AtlasGlobal,31,1428540,10.11,Energy,2,-69,20
ZenDigital,1,128048,8.81,Food,4,57,75
PulseLink,28,4140626,17.98,Energy,1,19,34
EverestEdge,37,1328413,16.01,Manufacturing,4,40,77
PrimeRetail,31,4329325,7.23,Media,1,-11,60
SummitPoint,20,176367,17.61,Consulting,1,27,28
FusionMedia,17,1770092,4.64,Consulting,4,58,2
PulseZone,5,2182135,16.78,Healthcare,5,81,81
ZenMedia,18,1793644,13.54,Telecom,3,84,94
NovaDigital,34,3600365,9.88,Hospitality,1,44,31
PioneerTech,10,4208843,5.01,Healthcare,3,-79,96
RadiantCore,37,4650438,3.51,Tourism,3,-78,44
FusionHealth,2,4773124,14.76,Energy,3,-55,6
BeaconLabs,16,2658548,16.91,Media,4,68,78
OrbitTravel,18,2048920,0.87,Telecom,2,6,31
EverestEnergy,37,2252479,7.16,Retail,5,93,28
VelocityEnergy,34,2221573,0.43,Media,4,-44,44
ZenTech,4,480704,11.4,Retail,1,-8,24
PrimeTravel,9,2814215,7.21,Tourism,4,100,6
EverestLink,25,415132,10.39,Healthcare,3,-40,15
SummitLogics,10,680684,16.56,Manufacturing,1,41,39
VelocityTech,6,4972615,1.35,Logistics,4,-82,4
NexusGlobal,8,3719748,3.21,Ecommerce,5,-59,74
AuroraTech,12,2607469,8.62,Consulting,2,23,64
HorizonFoods,39,2879514,9.23,Logistics,1,-16,51
AtlasRetail,7,3004182,9.99,Energy,3,-82,6
PioneerHub,5,2646115,13.46,Ecommerce,2,60,70
NexusHub,26,4069244,1.78,Energy,5,9,53
NovaCore,11,3455990,5.24,Logistics,1,-81,8
NexusFoods,22,859635,3.95,Telecom,2,72,88
PulseTravel,31,1287250,18.01,Fintech,4,-2,64
RadiantTravel,1,76074,10.79,Food,3,-90,91
PrimeHealth,34,1867683,7.55,Energy,2,-36,97
ZenMedia,17,4193874,13.29,IT,1,71,100
BeaconRetail,40,867016,7.99,Consulting,1,-13,58
VelocityEdge,38,1729357,10.83,Healthcare,2,-25,66
SummitFoods,21,4964689,15.45,Healthcare,4,11,41
HorizonCore,4,852319,10.48,Consulting,2,96,63
QuantumTech,26,4204783,19.19,Energy,5,-60,52
SummitRetail,8,2552064,0.53,Fintech,2,-77,80
NimbusNet,40,3660502,12.9,Retail,5,7,28
PrimeGlobal,39,4477819,6.39,Telecom,1,35,6
AuroraHub,31,2364541,17.99,Media,1,24,15
QuantumLink,35,2341573,16.28,Fintech,5,98,31
NexusEdge,17,4527483,15.23,Telecom,2,-72,62
HorizonMedia,11,1494619,7.24,Consulting,5,-66,19
OrbitMedia,6,2184715,0.66,Energy,5,67,53
OrbitPoint,34,2939307,15.78,Tourism,2,43,75
VertexPoint,35,4274543,17.89,Consulting,4,-42,44
VertexMedia,23,821591,4.41,Media,4,72,39
HorizonHub,31,866770,12.63,IT,2,-98,50
BeaconPoint,32,4325263,5.33,IT,4,-14,47
AuroraCore,27,4311534,11.25,Consulting,4,-38,14
HorizonWorks,8,327544,8.63,Fintech,1,67,85
PioneerSystems,38,3187041,19.63,Logistics,3,35,32
HorizonLabs,18,4106916,1.49,Hospitality,2,72,95
EverestMedia,19,3665736,2.81,Food,2,92,86
HorizonWorks,1,2510071,15.4,Media,2,40,0
NovaLogics,14,4242359,4.94,Telecom,3,74,26
ZenFoods,26,1668672,8.79,IT,3,-16,1
VertexTravel,23,4531475,18.07,Logistics,2,51,100
SummitHub,2,1699824,4,Fintech,5,-18,99
ZenFoods,13,1644910,6.94,Media,5,66,83
NovaLogics,10,4694386,12.38,IT,5,-26,70
ZenNet,8,2177781,5.86,Telecom,3,-8,25
NimbusEnergy,22,2888107,12.61,Food,2,-32,67
BeaconEdge,40,2414444,4.01,Energy,1,-43,33
PulseNet,5,4609212,1.77,Food,5,16,82
NimbusEdge,19,703624,17.29,Hospitality,3,-3,83
QuantumNet,37,3988247,10.85,Consulting,2,-13,71
ApexEnergy,39,3548775,7.29,Hospitality,5,-59,97
NexusDigital,5,3804294,11.44,Media,4,-6,75
ZenGlobal,21,3793465,2.98,Healthcare,4,-15,96
SummitLogics,35,4527457,12.54,Food,2,-4,48
ZenLink,35,1773799,3,Hospitality,4,-56,55
AuroraCore,26,3875549,9.5,Telecom,2,-73,95
QuantumWorks,21,2864513,12.32,Fintech,2,-54,46
VelocityLink,30,1766653,8.16,Manufacturing,4,54,45
SummitEnergy,3,1010476,4.64,Tourism,1,-5,100
NexusHub,34,3323556,2.19,Food,1,41,20
RadiantEnergy,33,1936954,6.28,Education,5,-84,92
QuantumLogics,1,4653148,8.94,Media,2,-62,70
ApexZone,32,4159708,14.05,Food,3,-30,46
PrimeSystems,17,1505878,11.21,Tourism,1,-8,100
VertexHub,9,3048055,11.81,Logistics,2,22,79
BeaconLogics,31,2926779,6.45,Food,5,-52,18
BeaconFoods,38,639723,6.44,Tourism,3,4,75
NexusTech,15,2337898,13.42,Media,3,53,49
FusionLogics,14,3565940,14.27,Logistics,3,92,47
PioneerLabs,6,1965301,5.48,Fintech,3,-85,34
EverestLink,21,1390606,5.35,Energy,5,36,47
ZenZone,40,562629,8.08,IT,3,-88,42
RadiantMedia,17,36394,12.2,Consulting,5,-88,46
EverestFoods,9,4894561,19.07,Tourism,4,21,84
SummitCore,38,3543884,13.76,Consulting,5,90,1
HorizonTech,40,1016081,4.04,Consulting,2,4,8
SummitHub,25,4748105,9.87,Logistics,3,43,1
QuantumDigital,31,1807685,4.34,Manufacturing,5,-25,90
AtlasEnergy,2,1304271,15.13,Consulting,5,27,53
VelocityWorks,17,3530483,16.44,Consulting,4,-63,95
PrimeLink,32,217353,10.1,Education,2,65,41
QuantumTravel,2,915554,0.69,Retail,1,-48,59
OrbitWorks,6,2535084,13.83,Education,1,-2,36
QuantumHub,28,2379677,17.87,IT,5,47,92
NexusCore,36,2661398,14.69,Retail,4,49,22
PulseWorks,2,1430041,17.63,IT,5,43,62
QuantumSystems,13,3143278,5.26,Logistics,3,87,78
VelocityRetail,33,3742073,4.65,Media,4,42,25
OrbitTech,37,4971256,6.48,Retail,5,-77,41
QuantumGlobal,6,4927011,2.14,Healthcare,2,-9,83
RadiantHub,38,2518103,14.46,Energy,2,-84,9
ApexEnergy,4,2573046,9.87,Fintech,1,-52,97
OrbitCore,5,1546225,11.62,Food,2,71,70
NimbusLogics,15,2656638,8.32,Logistics,3,72,42
OrbitEdge,40,4035554,9.61,Retail,4,-84,60
NexusHub,39,3397597,7.54,IT,1,89,25
FusionSystems,40,1313124,3.37,Hospitality,1,8,63
SummitHealth,31,3573020,4.74,Healthcare,1,-11,12
EverestLogics,38,4844851,13.39,Hospitality,3,-12,60
NimbusLogics,32,89411,12.25,Food,3,-89,77
BeaconLink,8,812818,11.29,IT,2,-90,27
NexusGlobal,26,2925012,13.64,Manufacturing,2,-3,64
VertexFoods,25,4538228,16.98,Education,3,38,77
NexusLabs,6,4538691,2.33,Ecommerce,5,-85,47
PrimeEnergy,38,4571688,9.53,Education,3,93,77
HorizonZone,25,4970920,18.9,Food,1,39,7
VelocityDigital,27,3967532,7.2,Retail,4,61,36
NimbusNet,20,479559,7.18,Media,4,53,29
HorizonHub,9,3547967,4.01,Logistics,3,30,36
NovaDigital,24,2290436,14.09,Telecom,5,35,42
SummitCore,32,3843109,18.25,Energy,3,-10,14
HorizonFoods,14,724316,18.7,Food,5,62,16
VertexFoods,24,4591649,18.25,Tourism,3,-72,53
PrimeHealth,10,4781805,7.06,Ecommerce,3,-97,53
PioneerGlobal,31,178478,1.89,Fintech,1,-45,27
VelocityCore,33,4001759,14.27,Energy,4,77,69
NovaLogics,39,3045698,1.21,Healthcare,2,-12,57
SummitMedia,22,3128316,10.45,Consulting,2,-22,48
PulseGlobal,30,852518,0.42,Food,5,93,35
ZenDigital,10,1970840,5.07,Media,1,63,52
HorizonCore,31,1819890,2.68,Logistics,1,75,75
OrbitSystems,27,2980459,19.37,Education,4,14,33
VelocityZone,22,3500042,15.02,Media,5,7,3
ApexCore,8,1288301,2.46,Media,3,-65,20
BeaconGlobal,23,4195418,10.62,Ecommerce,3,-65,96
HorizonRetail,13,2138696,17.81,Logistics,1,-36,10
QuantumNet,9,1807288,2.87,Retail,2,92,28
NovaRetail,39,1815903,0.59,Logistics,2,-50,19
NovaZone,39,467680,1.32,Retail,5,34,74
NimbusEnergy,29,2582759,18.34,Retail,4,-88,19
RadiantLabs,4,4639979,8.49,Telecom,5,26,98
BeaconTech,3,4311935,7.84,Retail,1,97,1
SummitNet,27,4820803,16.66,Food,1,35,69
FusionNet,32,4906381,13.19,IT,1,-19,7
NexusFoods,26,3274245,15.64,Telecom,1,-8,2
HorizonSystems,4,2828664,1.3,IT,1,-43,61
NovaZone,28,1939418,4.05,Manufacturing,3,44,5
BeaconLabs,31,1475962,12.36,Manufacturing,2,-20,61
QuantumLogics,19,4487884,7.12,Healthcare,3,-86,47
PulseEdge,39,348802,5.45,Retail,4,90,87
QuantumHub,34,2296941,16.79,Media,5,-5,54
AuroraDigital,14,1943968,13.01,IT,5,-12,81
SummitHealth,11,462036,13.44,Healthcare,5,10,66
PulseRetail,28,3918771,4.25,Healthcare,5,63,11
SummitTech,16,1204768,12.86,Consulting,2,-97,100
NovaZone,25,964706,3.67,Healthcare,1,-95,72
PrimeFoods,7,3127637,18.12,Retail,4,-100,56
ApexHealth,6,2856476,14.26,Consulting,5,93,91
QuantumPoint,15,2903029,2.41,Logistics,1,-66,41
NimbusLink,38,2542921,9.35,Ecommerce,4,35,48
PulseCore,30,3715647,0.91,Manufacturing,1,-95,89
PioneerLabs,27,4536828,2.24,Fintech,4,13,72
EverestLabs,38,1391344,16.31,Ecommerce,5,36,72
SummitHealth,22,2278474,5.97,Tourism,3,-60,25
RadiantEnergy,10,1783527,17.17,Consulting,2,30,16
ZenDigital,10,408361,5.94,Consulting,2,-76,99
PulseEnergy,30,3267214,19.92,Hospitality,3,-90,63
VertexLabs,21,412470,16.81,Healthcare,3,-39,66
VertexEdge,1,3240103,18.79,Telecom,2,-84,42
PrimeFoods,5,2566076,12.85,Consulting,2,84,1
NimbusTech,34,2575056,17.28,Manufacturing,5,0,30
RadiantMedia,24,2365419,11.26,IT,2,44,79
VelocityLink,40,2349186,10.85,Manufacturing,4,41,76
ZenGlobal,29,4600943,5.42,Tourism,1,55,46
OrbitGlobal,32,3226741,6.72,Manufacturing,2,-61,73
NexusTech,17,4860257,3.31,IT,2,-69,18
OrbitLabs,14,3398631,10.19,Education,5,-90,72
VertexPoint,25,1099081,14.37,Consulting,3,-95,92
ZenGlobal,19,3142282,13.01,Ecommerce,2,98,89
PulseDigital,20,1895228,15.65,Manufacturing,1,47,67
BeaconHealth,23,984512,4.72,Consulting,3,-48,69
PioneerSystems,4,2578735,18.08,Logistics,5,-20,39
NexusTech,19,4773926,8.66,Consulting,4,82,32
SummitLogics,2,4251857,9.16,Media,4,-52,94
PrimeLogics,19,2359907,2.07,Fintech,2,-73,99
BeaconSystems,38,4185852,14.9,Fintech,3,-44,93
BeaconCore,36,4052600,0.42,Logistics,5,-38,32
EverestLabs,21,1293537,2.77,Manufacturing,2,-78,37
BeaconGlobal,26,1782413,8.2,Hospitality,5,-10,52
VertexZone,25,2016558,6.62,Healthcare,4,26,91
VelocityPoint,36,4409895,1.81,Retail,3,-63,12
VertexCore,2,2780726,13.34,Education,1,86,66
PulseSystems,22,2472353,4.87,Fintech,4,94,30
HorizonPoint,37,2693352,7.52,Fintech,1,-43,69
OrbitTravel,30,1483736,1.11,Ecommerce,1,-91,56
PioneerWorks,38,1059335,15.36,Manufacturing,1,28,39
NimbusCore,39,588897,6.85,Consulting,2,-71,33
AuroraFoods,37,4627954,1.55,Logistics,5,-58,6
ApexHealth,14,1620154,6.13,Ecommerce,2,-41,70
PioneerWorks,4,1977446,14.86,Telecom,2,29,56
PrimeMedia,4,2316955,5.48,Consulting,1,-75,92
NimbusEnergy,23,4106964,15.58,Food,4,-18,47
NimbusEdge,22,4433708,17.66,Telecom,2,94,90
NimbusHub,11,4381863,10.89,Tourism,5,69,36
ZenLink,34,2923043,9.28,Media,4,-15,59
PioneerLabs,36,1660415,8.25,Education,3,90,100
BeaconPoint,37,1889212,6.88,Retail,5,-82,90
PioneerLogics,23,3646406,10.04,Telecom,5,24,56
ZenEdge,22,3997341,9.85,Telecom,3,53,76
SummitEdge,14,3529273,10.76,Telecom,1,-3,59
PrimeZone,21,4341284,11.87,Logistics,1,-66,51
PioneerHealth,18,1968219,19.46,Consulting,1,-85,39
PrimeEdge,21,40097,8.58,Logistics,5,42,85
RadiantTech,7,1608804,18.86,Logistics,1,44,13
VelocityZone,30,489038,7.37,Manufacturing,3,-98,16
EverestLogics,12,1710236,11.19,Telecom,5,69,6
AtlasRetail,22,228870,15.37,Media,4,-49,12
ZenHealth,17,4191512,17.36,Ecommerce,5,-25,33
VelocityMedia,7,863143,18.64,Hospitality,1,-26,80
ZenEdge,34,4318652,4.8,Ecommerce,3,-93,39
OrbitGlobal,25,3383460,17.49,Tourism,3,91,66
PioneerHealth,35,4962482,3.49,Media,4,33,88
NexusHealth,34,3837716,9.67,Food,5,17,79
ApexLabs,20,1705022,8.96,Logistics,1,-84,60
NimbusEnergy,32,981844,0.26,Manufacturing,1,51,75
VertexFoods,15,1551771,3.57,IT,4,-57,25
NexusWorks,5,4375474,18.22,Education,5,-45,17
VertexPoint,2,3872588,4.22,Hospitality,1,26,98
EverestHealth,15,280555,12.37,Hospitality,5,93,52
HorizonDigital,39,4996763,2,Fintech,1,-32,75
ApexLink,18,432363,11.72,Ecommerce,5,6,19
PrimeTravel,27,558930,16.68,Logistics,2,50,27
EverestRetail,31,4171715,13.21,Energy,2,56,90
PioneerFoods,20,4390807,12.21,Telecom,4,1,30
BeaconLabs,40,2074855,3.48,Education,2,31,52
AuroraRetail,16,3589000,0.81,Consulting,3,77,46
RadiantPoint,15,2812902,9.05,Healthcare,1,-64,37
PioneerGlobal,11,283404,19.89,Food,5,-89,31
PrimeSystems,34,3464309,8.57,Fintech,1,30,50
HorizonHealth,1,1511201,8.65,Media,5,94,47
PrimeHealth,7,1827568,17.36,Energy,5,7,4
RadiantZone,17,737735,5.47,Food,5,-33,1
VelocityPoint,18,1406543,16.2,Food,5,-53,11
SummitHealth,39,2749983,6.19,Tourism,1,10,3
NexusNet,12,2651744,18.13,Retail,3,53,28
QuantumEnergy,3,4005961,8.39,IT,3,-51,100
VelocityWorks,26,132632,19.57,IT,5,21,26
ZenMedia,3,2204889,0.51,Education,4,18,62
FusionWorks,13,2680676,16.05,Energy,1,-1,31
AuroraLink,30,2500536,17.17,Fintech,5,-56,93
QuantumEnergy,36,4766640,6.27,Hospitality,4,-9,35
NimbusDigital,4,1250684,12.86,Media,2,66,93
OrbitTech,1,991647,0.9,Ecommerce,2,-54,89
EverestWorks,39,2167779,9.76,Education,1,41,59
ZenFoods,6,4261654,19.32,Retail,3,47,38
AuroraZone,31,1917155,4.51,Tourism,1,55,15
NovaDigital,24,546056,5.86,Energy,1,-76,41
ApexHealth,18,2537325,1.17,IT,1,29,41
PulseHub,26,1612572,1.88,Media,1,65,12
FusionNet,21,1397065,15.71,Ecommerce,3,-26,83
QuantumHub,4,835208,1.24,Manufacturing,5,-5,14
BeaconLink,10,2279350,12.24,Telecom,2,-72,59
VertexLink,25,4398692,0.62,Food,3,-84,13
VertexMedia,16,1143269,3.96,Manufacturing,4,28,23
SummitEnergy,14,4787520,16.37,Food,3,-47,52
QuantumTravel,40,1476617,13.47,Education,2,-98,61
SummitHub,6,3066668,0.89,Food,3,-11,24
NimbusLabs,18,4558702,17.04,Healthcare,1,-76,54
NexusHub,28,661662,0.43,Fintech,4,54,0
PulseSystems,17,4332808,10.89,Consulting,3,55,46
AtlasWorks,2,4173800,14.35,Education,1,-66,34
ApexHealth,24,2946674,19.5,Ecommerce,1,-15,61
RadiantHub,38,4398663,5.06,Education,4,36,64
NimbusTravel,14,665587,11.26,Manufacturing,3,73,79
PrimeLabs,8,3631917,4.52,Healthcare,2,-38,51
VelocityPoint,23,3487558,3.76,Ecommerce,3,-61,88
OrbitGlobal,38,3657980,10.84,Fintech,2,-63,70
AuroraLogics,16,2267349,5.38,Manufacturing,1,-26,11
AuroraRetail,23,2400299,6.19,IT,2,10,20
HorizonPoint,16,3318662,6.34,Manufacturing,1,42,13
ZenCore,11,4049561,12.47,Telecom,4,0,48
EverestWorks,39,1850802,0.25,Hospitality,4,-54,12
QuantumRetail,19,3112478,5.33,Consulting,5,86,66
VertexLink,31,1415991,16.58,Manufacturing,5,-77,38
AuroraMedia,33,3817531,10.71,Consulting,2,89,86
ZenRetail,37,3795698,17.18,Fintech,5,83,9
RadiantWorks,9,1300111,8.08,Manufacturing,4,61,77
SummitLabs,31,3437440,10.77,Telecom,4,-78,95
EverestNet,39,2149882,4.35,Consulting,1,92,16
NexusSystems,11,540355,0.22,Healthcare,2,76,10
PioneerFoods,3,646067,3.76,Food,2,54,71
AuroraNet,26,2854382,7.82,Food,4,-17,94
ApexFoods,26,3750705,6.77,Logistics,1,41,68
ZenTech,10,1403966,9.5,Media,2,93,39
VelocityHealth,18,3244183,15.02,Ecommerce,5,-71,98
OrbitRetail,3,2922587,7.96,Telecom,1,71,33
PioneerLink,26,2488818,7.76,Ecommerce,3,49,52
RadiantMedia,19,1633306,6.93,Manufacturing,2,96,56
SummitPoint,22,459599,13.61,Telecom,4,53,14
SummitTravel,34,4954705,16.66,Logistics,5,79,50
VertexSystems,13,4876413,5.66,Manufacturing,5,55,4
FusionDigital,37,3216856,18.37,Education,1,15,38
NovaLabs,25,4952845,18.5,Education,5,29,71
HorizonHub,7,1260641,4.32,Manufacturing,3,58,12
SummitLogics,12,4607091,1.04,Fintech,1,69,6
BeaconLogics,6,1996984,14.44,Consulting,5,-87,98
AtlasSystems,3,4883161,7.6,Tourism,2,12,86
NimbusCore,3,2712658,16.12,Media,1,-34,57
ZenFoods,32,3077056,8.09,Telecom,4,-69,61
PioneerEnergy,10,2944688,11.54,Fintech,3,-60,14
PulseHealth,6,4095407,15.7,Hospitality,2,19,78
NovaNet,28,3758216,0.88,Hospitality,3,-49,92
RadiantZone,6,1750331,8.44,Retail,3,-31,88
ApexEnergy,17,1799533,6.06,Tourism,4,44,12
HorizonDigital,1,638481,16.37,Tourism,1,54,64
ApexHealth,27,3068829,13.38,Manufacturing,3,58,89
ZenMedia,15,4762465,3.17,Ecommerce,1,-7,85
VertexNet,9,3188875,8.89,Food,2,92,6
PrimeTravel,22,2541958,8.74,Education,2,-17,15
VelocityCore,10,3561701,18.4,IT,1,73,69
FusionLabs,24,2374811,14.14,Media,2,-68,70
NovaNet,32,1837659,9.18,Manufacturing,3,21,30
FusionEnergy,22,3174856,8.15,Telecom,3,3,8
PulseLabs,15,2362477,14.51,Manufacturing,5,42,4
VelocityMedia,9,3003292,15.29,Consulting,5,-64,36
AtlasHealth,3,1824449,13.87,Tourism,3,-44,61
PrimeEdge,28,4377380,5.1,Media,4,-67,1
SummitEnergy,2,684657,6.08,Food,3,-35,22
QuantumGlobal,6,686801,16.79,Media,5,-88,63
SummitLink,35,3619805,1.22,Tourism,4,25,47
ZenLink,22,1484601,12.96,Consulting,3,-39,28
PioneerZone,40,1553522,17.26,Healthcare,2,-49,2
SummitHub,27,3116149,14.72,Retail,4,-62,16
NimbusHub,36,2662127,2.25,Consulting,4,-25,79
VelocityMedia,21,3503155,3.35,Energy,5,-53,47
PulseEdge,2,4622320,4.58,Media,2,-53,44
AtlasNet,19,3059897,16.32,Manufacturing,1,-11,4
